episode, step, phase, active_vehicles, throughput, gross_waiting_time, severe_brakes, gross_time_loss
0, 1.0, 1, 2, 0, 0.0, 0, 0.0
0, 2.0, 1, 3, 0, 0.0, 0, 1.0814256854756554
0, 3.0, 1, 5, 0, 0.0, 0, 1.2317430816274335
0, 4.0, 0, 7, 0, 0.0, 0, 1.2562929516962287
0, 5.0, 1, 9, 0, 0.0, 0, 1.3267641311373821
0, 6.0, 1, 9, 0, 0.0, 0, 1.2111458088704232
0, 7.0, 0, 10, 0, 0.0, 0, 0.8241869857907528
0, 8.0, 1, 11, 0, 0.0, 0, 1.1261125852745222
0, 9.0, 0, 12, 0, 0.0, 0, 1.687215381166026
0, 10.0, 0, 15, 0, 0.0, 0, 1.9070519360886862
0, 11.0, 0, 16, 0, 0.0, 0, 3.0477319902337747
0, 12.0, 0, 18, 0, 0.0, 0, 2.8838274212328594
0, 13.0, 0, 18, 0, 0.0, 0, 2.7005706493132022
0, 14.0, 0, 20, 0, 0.0, 0, 2.5002906849328204
0, 15.0, 0, 22, 0, 0.0, 0, 3.61910708438518
0, 16.0, 1, 23, 0, 0.0, 1, 4.379131640012368
0, 17.0, 1, 23, 0, 0.0, 1, 4.831110561995009
0, 18.0, 0, 25, 0, 0.0, 1, 4.869898226744481
0, 19.0, 1, 25, 0, 0.0, 1, 6.018286859580927
0, 20.0, 0, 27, 0, 1.0, 3, 7.198298755005508
0, 21.0, 0, 27, 0, 2.0, 3, 8.870892150103545
0, 22.0, 1, 28, 0, 1.0, 3, 8.154393125998325
0, 23.0, 1, 30, 0, 2.0, 3, 8.439205571915867
0, 24.0, 1, 31, 0, 4.0, 3, 10.455897324532543
0, 25.0, 0, 33, 0, 7.0, 3, 10.860460440032892
0, 26.0, 1, 36, 0, 10.0, 4, 11.88587682136731
0, 27.0, 0, 38, 0, 10.0, 5, 12.520087840763324
0, 28.0, 1, 40, 0, 8.0, 5, 12.194465556909828
0, 29.0, 0, 41, 0, 11.0, 6, 14.289901744822732
0, 30.0, 1, 41, 0, 16.0, 6, 13.835343882031852
0, 31.0, 1, 45, 1, 16.0, 6, 13.446142230113052
0, 32.0, 1, 47, 0, 22.0, 6, 13.979508490582319
0, 33.0, 0, 45, 2, 25.0, 6, 14.166888374062705
0, 34.0, 1, 46, 0, 22.0, 7, 13.237445116107162
0, 35.0, 1, 47, 0, 20.0, 7, 13.026203125430309
0, 36.0, 1, 48, 0, 19.0, 7, 12.503547400291128
0, 37.0, 1, 48, 1, 17.0, 6, 12.036498612239527
0, 38.0, 1, 48, 1, 13.0, 6, 12.945983647499313
0, 39.0, 0, 48, 2, 7.0, 5, 13.008340553286345
0, 40.0, 1, 51, 1, 8.0, 5, 12.460240682802025
0, 41.0, 1, 51, 0, 10.0, 5, 13.792544351985976
0, 42.0, 0, 53, 0, 11.0, 6, 15.278692943843438
0, 43.0, 0, 56, 0, 14.0, 6, 14.1008269447647
0, 44.0, 1, 58, 0, 15.0, 7, 13.274578631050815
0, 45.0, 1, 56, 2, 15.0, 6, 13.33582904116621
0, 46.0, 1, 54, 3, 18.0, 6, 13.122972604934638
0, 47.0, 1, 57, 1, 21.0, 6, 13.024813959075901
0, 48.0, 1, 57, 0, 9.0, 6, 15.448430751107674
0, 49.0, 0, 55, 2, 0.0, 7, 13.972511104170636
0, 50.0, 0, 55, 2, 1.0, 7, 12.353616279960917
0, 51.0, 1, 57, 1, 0.0, 8, 12.71895968436423
0, 52.0, 1, 58, 0, 1.0, 8, 14.037124854677208
0, 53.0, 1, 57, 2, 4.0, 7, 14.43831825136943
0, 54.0, 1, 55, 4, 7.0, 6, 13.609112211240566
0, 55.0, 0, 54, 1, 4.0, 7, 14.340553389213412
0, 56.0, 0, 55, 1, 7.0, 7, 14.35894239004082
0, 57.0, 0, 52, 4, 10.0, 6, 15.785568497969392
0, 58.0, 0, 49, 3, 14.0, 6, 15.54798980615132
0, 59.0, 0, 50, 0, 17.0, 6, 15.93356793407438
0, 60.0, 0, 51, 0, 26.0, 6, 17.245507979958386
0, 61.0, 0, 50, 3, 36.0, 6, 18.094420652001457
0, 62.0, 1, 52, 1, 32.0, 6, 17.330159880943885
0, 63.0, 0, 52, 1, 37.0, 6, 17.915870983042648
0, 64.0, 0, 53, 1, 37.0, 6, 17.821009804362138
0, 65.0, 1, 52, 1, 20.0, 6, 16.592489886367314
0, 66.0, 1, 52, 2, 15.0, 4, 15.75933267389531
0, 67.0, 1, 49, 3, 9.0, 3, 15.814541877193172
0, 68.0, 0, 49, 1, 11.0, 3, 14.71781589804917
0, 69.0, 0, 48, 1, 14.0, 3, 15.006561211729407
0, 70.0, 1, 46, 2, 15.0, 3, 14.761369784044014
0, 71.0, 0, 47, 0, 15.0, 4, 14.34317781411181
0, 72.0, 1, 48, 1, 18.0, 4, 13.428259719216138
0, 73.0, 1, 49, 1, 21.0, 4, 13.71236325758074
0, 74.0, 1, 49, 0, 27.0, 4, 14.804224287565562
0, 75.0, 0, 52, 0, 32.0, 5, 16.5068291132681
0, 76.0, 1, 52, 3, 37.0, 5, 17.018150048935258
0, 77.0, 0, 53, 0, 45.0, 5, 17.893254380809285
0, 78.0, 1, 51, 2, 36.0, 5, 17.628957507343184
0, 79.0, 1, 51, 1, 46.0, 5, 16.91768614461081
0, 80.0, 1, 51, 1, 54.0, 5, 16.57240766883053
0, 81.0, 1, 48, 4, 40.0, 5, 16.132405977661318
0, 82.0, 0, 49, 2, 30.0, 5, 14.004484418082985
0, 83.0, 0, 50, 0, 35.0, 5, 14.008221587650969
0, 84.0, 1, 49, 1, 22.0, 5, 14.185361229343718
0, 85.0, 0, 51, 1, 17.0, 6, 14.136934322544285
0, 86.0, 0, 49, 2, 13.0, 6, 14.502042262627734
0, 87.0, 1, 48, 1, 5.0, 7, 14.135297397729987
0, 88.0, 0, 47, 3, 10.0, 7, 14.321142863339835
0, 89.0, 0, 45, 2, 15.0, 7, 16.225495670217402
0, 90.0, 1, 47, 0, 20.0, 7, 16.695407343082195
0, 91.0, 1, 49, 0, 28.0, 7, 17.309996067265285
0, 92.0, 0, 49, 1, 37.0, 6, 18.75585277476401
0, 93.0, 0, 49, 1, 43.0, 6, 18.716472962222685
0, 94.0, 1, 50, 1, 37.0, 6, 17.168562648242688
0, 95.0, 0, 48, 2, 36.0, 5, 16.17574416698933
0, 96.0, 1, 48, 1, 36.0, 4, 16.94794890660001
0, 97.0, 1, 48, 1, 36.0, 4, 16.4359436009118
0, 98.0, 1, 48, 2, 35.0, 4, 15.091973669316072
0, 99.0, 0, 49, 2, 28.0, 3, 16.076730378188824
0, 100.0, 1, 49, 2, 25.0, 3, 14.732234621540542
0, 101.0, 0, 50, 0, 18.0, 3, 14.1547906058998
0, 102.0, 0, 50, 1, 20.0, 3, 15.081494619923186
0, 103.0, 0, 53, 1, 23.0, 2, 15.328837341809715
0, 104.0, 1, 53, 1, 25.0, 3, 16.453413572386776
0, 105.0, 1, 52, 1, 29.0, 3, 16.109932088076153
0, 106.0, 0, 54, 0, 22.0, 3, 15.973416963583347
0, 107.0, 1, 54, 0, 23.0, 3, 14.002920197172287
0, 108.0, 0, 52, 3, 26.0, 3, 13.03881596912922
0, 109.0, 1, 52, 0, 27.0, 3, 13.215275486764812
0, 110.0, 0, 51, 3, 7.0, 4, 12.458438622344616
0, 111.0, 0, 49, 2, 0.0, 4, 12.788145042593706
0, 112.0, 1, 49, 0, 0.0, 6, 12.442485666639051
0, 113.0, 1, 47, 4, 1.0, 6, 13.197095329080465
0, 114.0, 0, 47, 1, 1.0, 6, 14.294350273866407
0, 115.0, 1, 47, 1, 0.0, 6, 13.284333395119106
0, 116.0, 1, 51, 0, 1.0, 6, 13.518541759972553
0, 117.0, 1, 51, 1, 2.0, 5, 13.85171106414483
0, 118.0, 1, 52, 1, 5.0, 5, 13.182384558269916
0, 119.0, 0, 49, 4, 3.0, 5, 11.165441329393275
0, 120.0, 1, 49, 2, 4.0, 5, 9.00498366800425
0, 121.0, 1, 51, 1, 6.0, 5, 9.588260229580689
0, 122.0, 1, 52, 2, 8.0, 5, 9.477327709931185
0, 123.0, 1, 55, 0, 10.0, 5, 10.022284438234651
0, 124.0, 1, 55, 1, 12.0, 4, 10.649998494195545
0, 125.0, 1, 54, 2, 16.0, 4, 9.419665522224347
0, 126.0, 1, 52, 2, 18.0, 3, 9.04997217285733
0, 127.0, 1, 52, 1, 21.0, 3, 8.105776210622563
0, 128.0, 1, 50, 3, 25.0, 2, 9.98349941386927
0, 129.0, 1, 51, 2, 29.0, 1, 11.75764323894689
0, 130.0, 1, 50, 2, 35.0, 1, 13.754133507739102
0, 131.0, 0, 50, 1, 20.0, 1, 13.050104210516928
0, 132.0, 1, 50, 1, 24.0, 1, 14.483249703024942
0, 133.0, 0, 48, 2, 0.0, 2, 14.960437327807943
0, 134.0, 0, 49, 1, 2.0, 1, 16.095709059811544
0, 135.0, 0, 49, 3, 7.0, 1, 16.30057046074845
0, 136.0, 1, 48, 2, 7.0, 1, 16.688072491932836
0, 137.0, 1, 47, 1, 6.0, 1, 16.53383838435926
0, 138.0, 1, 48, 0, 5.0, 1, 15.916605796858518
0, 139.0, 0, 48, 1, 2.0, 1, 14.833039893460132
0, 140.0, 1, 50, 0, 1.0, 1, 13.409949946483149
0, 141.0, 1, 50, 3, 2.0, 1, 13.580236287944615
0, 142.0, 1, 51, 0, 3.0, 1, 14.322847353753934
0, 143.0, 0, 52, 0, 2.0, 1, 14.980547676851657
0, 144.0, 1, 52, 0, 4.0, 2, 14.225718350850673
0, 145.0, 1, 52, 1, 4.0, 2, 13.439988100719528
0, 146.0, 0, 50, 3, 1.0, 4, 14.253607457153267
0, 147.0, 0, 51, 0, 2.0, 4, 15.182788399281579
0, 148.0, 0, 50, 1, 6.0, 4, 16.025397186757154
0, 149.0, 0, 50, 1, 13.0, 4, 16.156635425177555
0, 150.0, 1, 50, 1, 7.0, 4, 16.160195005609843
0, 151.0, 1, 51, 2, 10.0, 4, 17.043738464606488
0, 152.0, 1, 45, 6, 17.0, 4, 16.91396954791321
0, 153.0, 1, 44, 2, 20.0, 3, 17.254577054004056
0, 154.0, 1, 44, 1, 15.0, 3, 18.805527913399118
0, 155.0, 1, 43, 3, 19.0, 3, 19.81384178037086
0, 156.0, 0, 45, 0, 16.0, 3, 18.79176691795491
0, 157.0, 0, 45, 0, 21.0, 3, 18.709333449847044
0, 158.0, 1, 46, 1, 20.0, 3, 18.39647916879838
0, 159.0, 1, 46, 2, 21.0, 3, 18.801396818738063
0, 160.0, 1, 46, 1, 22.0, 3, 19.324986321666426
0, 161.0, 1, 45, 1, 19.0, 3, 17.205999799887802
0, 162.0, 0, 46, 0, 7.0, 3, 15.096068800753105
0, 163.0, 0, 47, 0, 4.0, 3, 14.443333142754517
0, 164.0, 1, 49, 0, 0.0, 3, 13.02531898088898
0, 165.0, 0, 47, 2, 0.0, 3, 13.440430385638884
0, 166.0, 0, 49, 1, 1.0, 3, 13.48223592166153
0, 167.0, 1, 48, 1, 2.0, 3, 13.127765706840842
0, 168.0, 1, 50, 1, 0.0, 3, 12.98801041432853
0, 169.0, 1, 51, 0, 2.0, 3, 13.20311698013444
0, 170.0, 1, 52, 0, 5.0, 3, 13.253252838852857
0, 171.0, 0, 52, 2, 2.0, 3, 13.480272358247856
0, 172.0, 1, 54, 0, 5.0, 3, 13.536524469736568
0, 173.0, 1, 56, 1, 6.0, 3, 12.962495654387746
0, 174.0, 0, 57, 2, 8.0, 3, 14.441497010109241
0, 175.0, 1, 60, 1, 10.0, 3, 13.526950103829153
0, 176.0, 1, 60, 1, 13.0, 2, 14.138765357790641
0, 177.0, 0, 57, 3, 6.0, 2, 12.539978963311558
0, 178.0, 0, 55, 4, 7.0, 2, 10.740676958854426
0, 179.0, 1, 53, 2, 8.0, 1, 9.998701317475206
0, 180.0, 1, 52, 1, 10.0, 1, 10.65956058840741
0, 181.0, 0, 51, 2, 1.0, 2, 11.702934973597241
0, 182.0, 1, 50, 2, 1.0, 3, 12.432580548309339
0, 183.0, 1, 50, 0, 3.0, 3, 12.757197596455333
0, 184.0, 0, 46, 4, 0.0, 3, 11.925802164623155
0, 185.0, 0, 47, 1, 0.0, 3, 10.959156174599205
0, 186.0, 0, 51, 0, 0.0, 3, 14.099806322723886
0, 187.0, 1, 52, 1, 1.0, 4, 16.469159194692573
0, 188.0, 1, 51, 2, 5.0, 4, 17.02082308441417
0, 189.0, 0, 53, 0, 6.0, 5, 17.138877461216584
0, 190.0, 1, 53, 2, 9.0, 6, 17.5485561910451
0, 191.0, 0, 54, 1, 10.0, 7, 17.587417755056137
0, 192.0, 0, 54, 2, 15.0, 6, 18.294129234158902
0, 193.0, 1, 55, 2, 19.0, 6, 15.823962162816096
0, 194.0, 1, 54, 1, 25.0, 6, 15.616558251854062
0, 195.0, 1, 55, 1, 28.0, 6, 15.305983621047954
0, 196.0, 1, 56, 0, 34.0, 6, 14.207154048598655
0, 197.0, 1, 53, 3, 22.0, 5, 14.817195171142824
0, 198.0, 0, 54, 1, 25.0, 6, 14.139482125024433
0, 199.0, 0, 51, 4, 31.0, 6, 15.654884032325077
0, 200.0, 0, 51, 1, 37.0, 6, 15.836248541604169
0, 201.0, 0, 49, 2, 44.0, 6, 16.350267715271066
0, 202.0, 0, 49, 0, 52.0, 6, 17.219214049746252
0, 203.0, 1, 47, 2, 39.0, 6, 16.12800235355141
0, 204.0, 1, 46, 1, 43.0, 5, 16.20379195309841
0, 205.0, 1, 45, 1, 44.0, 5, 17.53682422295723
0, 206.0, 1, 44, 1, 50.0, 5, 18.536642292708986
0, 207.0, 0, 43, 1, 57.0, 5, 18.77100580109938
0, 208.0, 1, 41, 2, 66.0, 5, 20.39201042081317
0, 209.0, 1, 41, 0, 76.0, 5, 20.829474847816755
0, 210.0, 1, 40, 1, 87.0, 4, 20.979810268347133
0, 211.0, 0, 38, 2, 89.0, 4, 20.25848954885453
0, 212.0, 1, 38, 0, 101.0, 4, 20.42554537466497
0, 213.0, 1, 36, 2, 113.0, 3, 20.188752572459883
0, 214.0, 0, 34, 2, 105.0, 3, 20.228883670470292
0, 215.0, 1, 33, 1, 117.0, 3, 18.26679884103352
0, 216.0, 1, 33, 0, 130.0, 3, 18.121700197857628
0, 217.0, 1, 31, 2, 143.0, 3, 17.38607338938501
0, 218.0, 1, 31, 0, 135.0, 3, 16.854761102607867
0, 219.0, 1, 30, 1, 147.0, 3, 15.79003021024917
0, 220.0, 1, 30, 0, 160.0, 3, 14.858363849961162
0, 221.0, 0, 30, 0, 166.0, 3, 14.447313555861921
0, 222.0, 0, 27, 3, 164.0, 3, 13.811830352898715
0, 223.0, 0, 26, 1, 175.0, 3, 13.278600812028982
0, 224.0, 0, 26, 0, 186.0, 3, 12.94144187080209
0, 225.0, 0, 25, 1, 197.0, 3, 12.484605261302288
0, 226.0, 0, 24, 1, 192.0, 3, 11.927956418523447
0, 227.0, 0, 23, 1, 202.0, 3, 11.414608121429035
0, 228.0, 0, 23, 0, 171.0, 3, 10.88997662395876
0, 229.0, 0, 21, 2, 51.0, 3, 9.449522577011
0, 230.0, 1, 19, 2, 16.0, 3, 8.245640267532977
0, 231.0, 1, 17, 2, 17.0, 3, 7.045353290331443
0, 232.0, 1, 16, 1, 18.0, 3, 5.928850738634134
0, 233.0, 0, 15, 1, 19.0, 3, 5.1899823313453
0, 234.0, 0, 15, 0, 20.0, 3, 3.9813400614365833
0, 235.0, 1, 14, 1, 21.0, 3, 2.8577447923421726
0, 236.0, 1, 14, 0, 22.0, 3, 2.3245099063970045
0, 237.0, 0, 14, 0, 0.0, 3, 2.0999465454340402
0, 238.0, 0, 14, 0, 0.0, 3, 1.8216793366358868
0, 239.0, 0, 13, 1, 0.0, 3, 1.5228311806099004
0, 240.0, 0, 13, 0, 0.0, 3, 1.6665814514180042
0, 241.0, 0, 12, 1, 0.0, 3, 1.493478831212851
0, 242.0, 0, 11, 1, 0.0, 3, 1.039165988666479
0, 243.0, 0, 10, 1, 0.0, 3, 0.8116584941300893
0, 244.0, 1, 10, 0, 0.0, 3, 0.522560070103733
0, 245.0, 1, 8, 2, 0.0, 2, 0.5077262358547259
0, 246.0, 1, 7, 1, 0.0, 1, 0.4379254422090497
0, 247.0, 0, 6, 1, 0.0, 0, 0.21836645838207147
0, 248.0, 1, 4, 2, 0.0, 0, 0.19249778614815583
0, 249.0, 1, 3, 1, 0.0, 0, 0.18103462382250868
0, 250.0, 0, 2, 1, 0.0, 0, 0.20854946127882812
0, 251.0, 0, 2, 0, 0.0, 0, 0.07572771747622653
0, 252.0, 0, 2, 0, 0.0, 0, 0.15501335476950828
0, 253.0, 0, 2, 0, 0.0, 0, 0.19214883122140236
0, 254.0, 0, 2, 0, 0.0, 0, 0.1064133544511634
0, 255.0, 0, 2, 0, 0.0, 0, 0.1156383007928028
0, 256.0, 0, 2, 0, 0.0, 0, 0.055289336974148284
0, 257.0, 0, 2, 0, 0.0, 0, 0.12195563783166108
0, 258.0, 0, 2, 0, 0.0, 0, 0.19810326335076667
0, 259.0, 1, 2, 0, 0.0, 0, 0.2179226405657957
0, 260.0, 1, 2, 0, 0.0, 0, 0.02558334489858538
0, 261.0, 0, 2, 0, 0.0, 0, 0.15394438709970615
0, 262.0, 0, 2, 0, 0.0, 0, 0.1952354630852966
0, 263.0, 0, 0, 2, 0, 0, 0
1, 1.0, 1, 2, 0, 0.0, 0, 0.0
1, 2.0, 0, 3, 0, 0.0, 0, 1.0814256854756554
1, 3.0, 0, 5, 0, 0.0, 0, 1.2317430816274335
1, 4.0, 0, 7, 0, 0.0, 0, 1.2562929516962287
1, 5.0, 0, 9, 0, 0.0, 0, 1.3267641311373821
1, 6.0, 0, 9, 0, 0.0, 0, 1.2111458088704232
1, 7.0, 1, 10, 0, 0.0, 0, 0.8241869857907528
1, 8.0, 1, 11, 0, 0.0, 0, 1.1261125852745222
1, 9.0, 0, 12, 0, 0.0, 0, 1.687215381166026
1, 10.0, 0, 15, 0, 0.0, 0, 1.9306770704687266
1, 11.0, 0, 16, 0, 0.0, 0, 3.021406472251262
1, 12.0, 0, 18, 0, 0.0, 0, 2.946737282317688
1, 13.0, 0, 18, 0, 0.0, 0, 2.67648865427923
1, 14.0, 0, 20, 0, 0.0, 0, 2.4203856670597004
1, 15.0, 1, 22, 0, 0.0, 1, 3.2355326557876043
1, 16.0, 1, 23, 0, 0.0, 1, 4.665008033529068
1, 17.0, 0, 23, 0, 0.0, 1, 4.6062156316029155
1, 18.0, 0, 25, 0, 0.0, 1, 4.561974414679059
1, 19.0, 0, 25, 0, 1.0, 1, 5.564256280916274
1, 20.0, 1, 27, 0, 3.0, 3, 5.562526489013148
1, 21.0, 1, 28, 0, 2.0, 3, 6.810971685221636
1, 22.0, 1, 28, 0, 4.0, 3, 8.255679302451039
1, 23.0, 1, 30, 0, 7.0, 3, 7.828448438488181
1, 24.0, 1, 31, 0, 10.0, 3, 8.872405446301519
1, 25.0, 0, 33, 0, 0.0, 3, 9.079877189636571
1, 26.0, 0, 36, 0, 1.0, 3, 10.800791506971459
1, 27.0, 0, 38, 0, 6.0, 3, 13.64222191510444
1, 28.0, 0, 40, 0, 10.0, 3, 14.388198951185233
1, 29.0, 0, 41, 0, 12.0, 3, 15.500685607643366
1, 30.0, 1, 41, 0, 13.0, 3, 13.253088211880813
1, 31.0, 1, 45, 1, 16.0, 3, 11.662626326373895
1, 32.0, 0, 46, 1, 13.0, 3, 12.076824212510783
1, 33.0, 1, 45, 1, 15.0, 3, 10.779547492163891
1, 34.0, 1, 46, 0, 17.0, 3, 9.759661483709616
1, 35.0, 1, 46, 1, 20.0, 3, 8.012724294049884
1, 36.0, 0, 47, 0, 21.0, 4, 8.658628269081813
1, 37.0, 1, 46, 2, 23.0, 3, 7.9399710848962854
1, 38.0, 1, 47, 0, 25.0, 3, 8.789446446879303
1, 39.0, 0, 49, 0, 13.0, 3, 10.402272845433107
1, 40.0, 0, 52, 1, 1.0, 3, 11.667554799579207
1, 41.0, 1, 52, 0, 2.0, 3, 12.23226094070847
1, 42.0, 1, 53, 1, 3.0, 3, 12.013729653739205
1, 43.0, 1, 55, 1, 0.0, 3, 11.89565454404331
1, 44.0, 1, 57, 0, 1.0, 3, 11.196595561116615
1, 45.0, 0, 53, 4, 2.0, 4, 12.820356151485822
1, 46.0, 1, 54, 0, 3.0, 4, 11.382233201764501
1, 47.0, 1, 56, 1, 4.0, 4, 10.832899689252947
1, 48.0, 0, 54, 3, 5.0, 3, 12.047144622627943
1, 49.0, 0, 54, 0, 1.0, 3, 11.013497308656868
1, 50.0, 0, 54, 2, 2.0, 3, 11.304871467786077
1, 51.0, 1, 54, 3, 4.0, 4, 11.961979798474793
1, 52.0, 0, 53, 2, 5.0, 6, 12.162829771446233
1, 53.0, 1, 53, 1, 5.0, 6, 12.038334134480905
1, 54.0, 0, 53, 2, 7.0, 8, 12.880568055114926
1, 55.0, 0, 51, 2, 9.0, 7, 14.098270465017197
1, 56.0, 1, 50, 3, 10.0, 7, 14.289072023728874
1, 57.0, 0, 49, 2, 14.0, 6, 14.794016332320577
1, 58.0, 1, 48, 1, 16.0, 6, 14.767086708555327
1, 59.0, 1, 49, 0, 18.0, 6, 13.397580272477327
1, 60.0, 1, 48, 2, 23.0, 6, 14.280895744145573
1, 61.0, 1, 47, 3, 29.0, 6, 15.93476633534068
1, 62.0, 1, 49, 1, 35.0, 6, 15.258460431951724
1, 63.0, 1, 49, 1, 37.0, 6, 16.48870532354409
1, 64.0, 0, 51, 0, 31.0, 7, 18.449829155118113
1, 65.0, 0, 46, 5, 35.0, 6, 20.029685863501527
1, 66.0, 1, 48, 0, 33.0, 6, 18.087386983799746
1, 67.0, 0, 48, 0, 39.0, 6, 18.76908845003591
1, 68.0, 0, 47, 2, 47.0, 6, 19.89604316038307
1, 69.0, 1, 47, 0, 56.0, 7, 21.10252228414098
1, 70.0, 0, 46, 1, 60.0, 9, 21.816297191574392
1, 71.0, 0, 46, 1, 71.0, 9, 21.364283575424462
1, 72.0, 1, 47, 1, 70.0, 9, 21.646087885523478
1, 73.0, 1, 48, 1, 77.0, 9, 20.93090874084233
1, 74.0, 1, 48, 0, 85.0, 9, 22.74057593564153
1, 75.0, 1, 49, 2, 93.0, 9, 21.476645592751616
1, 76.0, 1, 51, 1, 102.0, 9, 21.391057898805492
1, 77.0, 1, 52, 0, 112.0, 9, 22.869297494339307
1, 78.0, 1, 51, 1, 122.0, 9, 22.980910773724805
1, 79.0, 0, 51, 1, 81.0, 9, 21.98956052744958
1, 80.0, 1, 51, 1, 91.0, 9, 22.74198376695636
1, 81.0, 0, 51, 1, 75.0, 9, 23.42176309638957
1, 82.0, 1, 52, 2, 85.0, 8, 22.612318633276374
1, 83.0, 0, 53, 0, 98.0, 8, 23.452815797618346
1, 84.0, 0, 52, 1, 112.0, 8, 24.313968171260566
1, 85.0, 0, 55, 0, 127.0, 8, 25.973647628219975
1, 86.0, 0, 55, 0, 142.0, 8, 26.784265709341565
1, 87.0, 1, 54, 1, 154.0, 9, 27.721812198857176
1, 88.0, 0, 54, 2, 168.0, 9, 27.773995259414935
1, 89.0, 1, 53, 1, 179.0, 9, 28.697575142144945
1, 90.0, 1, 53, 2, 174.0, 8, 28.523520781536998
1, 91.0, 0, 54, 1, 190.0, 9, 29.615941436830614
1, 92.0, 0, 55, 0, 209.0, 9, 29.498155572731925
1, 93.0, 1, 56, 0, 181.0, 9, 27.995359726243706
1, 94.0, 0, 57, 1, 195.0, 9, 26.95942911302772
1, 95.0, 0, 57, 0, 210.0, 9, 27.025373124045004
1, 96.0, 1, 58, 0, 174.0, 9, 25.11401050906033
1, 97.0, 1, 59, 0, 169.0, 9, 24.842468291466087
1, 98.0, 0, 58, 3, 165.0, 8, 25.968260148659542
1, 99.0, 1, 60, 1, 162.0, 8, 26.28301792329918
1, 100.0, 1, 61, 1, 158.0, 8, 27.654504603435097
1, 101.0, 1, 62, 0, 152.0, 8, 26.63703882129748
1, 102.0, 1, 62, 1, 148.0, 8, 25.717380383236048
1, 103.0, 1, 65, 1, 160.0, 7, 26.100098735704858
1, 104.0, 0, 65, 1, 172.0, 8, 26.334700492415536
1, 105.0, 1, 63, 2, 182.0, 9, 27.09413061885111
1, 106.0, 1, 63, 2, 182.0, 7, 26.679191586161
1, 107.0, 0, 61, 2, 191.0, 6, 26.253195895237955
1, 108.0, 0, 62, 0, 201.0, 6, 24.738104354837606
1, 109.0, 0, 61, 1, 194.0, 5, 25.114092581074168
1, 110.0, 1, 63, 0, 203.0, 6, 24.98896899205498
1, 111.0, 0, 60, 3, 217.0, 7, 25.02809712966096
1, 112.0, 1, 60, 0, 231.0, 9, 25.195095685608244
1, 113.0, 0, 59, 3, 229.0, 10, 24.65754951445588
1, 114.0, 0, 60, 0, 243.0, 10, 27.79272115965627
1, 115.0, 1, 59, 2, 243.0, 11, 27.445901012661015
1, 116.0, 1, 62, 1, 226.0, 11, 27.04632868364117
1, 117.0, 1, 61, 2, 231.0, 11, 27.02327037095277
1, 118.0, 1, 62, 1, 243.0, 11, 25.183867376127832
1, 119.0, 1, 60, 3, 241.0, 10, 24.946770553107623
1, 120.0, 0, 61, 1, 243.0, 10, 22.672604619547084
1, 121.0, 0, 62, 2, 252.0, 8, 21.95350585301642
1, 122.0, 0, 63, 2, 261.0, 8, 22.288022528468847
1, 123.0, 1, 65, 1, 271.0, 8, 21.645894152263846
1, 124.0, 0, 66, 0, 276.0, 8, 20.870813607858377
1, 125.0, 0, 66, 0, 283.0, 8, 21.689567317782867
1, 126.0, 0, 64, 3, 292.0, 7, 22.526210589032207
1, 127.0, 0, 64, 1, 301.0, 6, 24.360016915309004
1, 128.0, 0, 64, 1, 313.0, 6, 25.41618509392211
1, 129.0, 1, 63, 4, 315.0, 5, 26.02393278575423
1, 130.0, 1, 63, 0, 327.0, 5, 26.50672391736002
1, 131.0, 1, 61, 4, 339.0, 5, 25.89309486518091
1, 132.0, 1, 60, 2, 352.0, 4, 26.21792435030209
1, 133.0, 1, 60, 0, 362.0, 4, 26.751904079755878
1, 134.0, 1, 62, 0, 376.0, 4, 27.547717109991876
1, 135.0, 1, 64, 1, 393.0, 4, 28.278937119233785
1, 136.0, 0, 64, 0, 392.0, 4, 30.855786458113908
1, 137.0, 1, 61, 4, 407.0, 3, 30.100709470616227
1, 138.0, 0, 63, 0, 415.0, 3, 30.054436086951835
1, 139.0, 1, 62, 1, 431.0, 3, 29.569581559364735
1, 140.0, 1, 64, 0, 450.0, 3, 29.753543741530365
1, 141.0, 0, 63, 4, 469.0, 4, 31.7792257628794
1, 142.0, 1, 64, 0, 480.0, 4, 32.43734742835238
1, 143.0, 1, 65, 0, 463.0, 4, 31.216278088160777
1, 144.0, 1, 62, 3, 468.0, 4, 30.61357633464699
1, 145.0, 1, 62, 1, 485.0, 4, 29.75712481511259
1, 146.0, 0, 63, 0, 489.0, 5, 30.275015151813605
1, 147.0, 1, 64, 0, 499.0, 5, 28.19597764798583
1, 148.0, 0, 63, 1, 507.0, 5, 27.54807778375138
1, 149.0, 1, 63, 1, 516.0, 6, 27.316126037496836
1, 150.0, 0, 61, 3, 453.0, 6, 27.830939236123495
1, 151.0, 0, 64, 0, 470.0, 6, 27.911609300611048
1, 152.0, 0, 63, 1, 490.0, 5, 29.083140229702927
1, 153.0, 1, 63, 1, 508.0, 5, 29.550244739310134
1, 154.0, 1, 63, 1, 520.0, 5, 30.239968043164545
1, 155.0, 1, 64, 1, 531.0, 5, 30.632107902295232
1, 156.0, 0, 63, 3, 545.0, 5, 30.441206758028457
1, 157.0, 0, 59, 4, 565.0, 5, 31.416436694246393
1, 158.0, 0, 61, 0, 556.0, 5, 31.38488817809175
1, 159.0, 0, 61, 2, 577.0, 4, 31.246826883170314
1, 160.0, 1, 59, 3, 593.0, 3, 30.23671811067595
1, 161.0, 0, 58, 1, 426.0, 3, 29.858570848460566
1, 162.0, 1, 58, 1, 287.0, 3, 28.71552982978235
1, 163.0, 1, 59, 0, 196.0, 3, 27.280273703112695
1, 164.0, 0, 60, 1, 172.0, 4, 26.963085201850628
1, 165.0, 1, 60, 0, 182.0, 5, 26.890715689734773
1, 166.0, 0, 62, 1, 128.0, 5, 26.165699801422267
1, 167.0, 1, 60, 2, 114.0, 5, 24.465945348175325
1, 168.0, 0, 62, 1, 63.0, 5, 22.627148008442063
1, 169.0, 1, 62, 1, 59.0, 5, 23.28437582048393
1, 170.0, 1, 62, 1, 68.0, 5, 23.05907863665625
1, 171.0, 0, 65, 0, 78.0, 6, 24.5912085353488
1, 172.0, 0, 66, 0, 87.0, 6, 26.411456308268168
1, 173.0, 1, 68, 1, 94.0, 6, 25.75837792532557
1, 174.0, 1, 71, 0, 107.0, 6, 25.61333419436707
1, 175.0, 0, 73, 2, 84.0, 7, 24.552522820364814
1, 176.0, 1, 70, 3, 82.0, 8, 24.13929861172682
1, 177.0, 0, 70, 1, 90.0, 8, 22.433613116292772
1, 178.0, 1, 71, 1, 97.0, 9, 22.53416634099415
1, 179.0, 0, 65, 6, 105.0, 7, 21.091072056367636
1, 180.0, 1, 63, 2, 112.0, 7, 20.45489756951568
1, 181.0, 0, 62, 2, 122.0, 7, 20.37766351691858
1, 182.0, 0, 62, 1, 132.0, 7, 20.3953276701796
1, 183.0, 0, 62, 0, 144.0, 7, 21.86785968616937
1, 184.0, 1, 62, 0, 151.0, 8, 22.491388406724255
1, 185.0, 0, 60, 4, 150.0, 10, 24.340768949683103
1, 186.0, 0, 63, 1, 155.0, 10, 27.084669660658726
1, 187.0, 1, 62, 2, 163.0, 10, 28.853454050498954
1, 188.0, 0, 65, 0, 175.0, 11, 27.2562688778926
1, 189.0, 0, 65, 1, 187.0, 11, 28.88364761657394
1, 190.0, 1, 65, 2, 200.0, 10, 27.12657212828616
1, 191.0, 0, 63, 4, 214.0, 9, 25.53782274917743
1, 192.0, 1, 63, 2, 215.0, 9, 24.117869700046132
1, 193.0, 1, 62, 4, 210.0, 8, 22.615832742702754
1, 194.0, 0, 62, 0, 182.0, 9, 23.0057241094294
1, 195.0, 1, 64, 0, 116.0, 9, 20.5504314566174
1, 196.0, 1, 64, 1, 126.0, 9, 19.00413233346743
1, 197.0, 1, 63, 1, 88.0, 9, 17.65604848857488
1, 198.0, 1, 65, 0, 75.0, 10, 17.261010827429608
1, 199.0, 0, 64, 2, 83.0, 9, 17.199790618332425
1, 200.0, 1, 63, 2, 87.0, 9, 16.51261454039033
1, 201.0, 0, 61, 2, 86.0, 9, 16.561934056274936
1, 202.0, 0, 58, 3, 94.0, 9, 16.817483703943054
1, 203.0, 1, 57, 1, 94.0, 9, 15.119176932318576
1, 204.0, 0, 56, 1, 89.0, 9, 14.446338355315744
1, 205.0, 0, 56, 0, 93.0, 9, 15.49347841580215
1, 206.0, 1, 51, 5, 77.0, 8, 15.69090813692872
1, 207.0, 0, 50, 1, 81.0, 10, 16.97447665949406
1, 208.0, 1, 48, 2, 86.0, 10, 16.36009581025095
1, 209.0, 1, 46, 2, 93.0, 10, 15.828243149911673
1, 210.0, 1, 45, 1, 102.0, 10, 15.539312823877411
1, 211.0, 0, 42, 3, 103.0, 10, 15.95077697999667
1, 212.0, 1, 40, 2, 108.0, 10, 14.713356423796636
1, 213.0, 1, 39, 1, 110.0, 10, 14.39931400807839
1, 214.0, 1, 37, 2, 111.0, 10, 13.945829591031584
1, 215.0, 0, 35, 2, 116.0, 9, 13.056942420833654
1, 216.0, 1, 32, 3, 92.0, 8, 11.937099574253475
1, 217.0, 1, 30, 2, 24.0, 8, 10.901787441774962
1, 218.0, 0, 29, 1, 20.0, 8, 10.439214939363536
1, 219.0, 0, 29, 0, 23.0, 8, 9.866379279232163
1, 220.0, 1, 27, 2, 26.0, 8, 8.94813469134462
1, 221.0, 1, 26, 1, 29.0, 8, 7.89448811235071
1, 222.0, 0, 25, 1, 27.0, 6, 6.875496046818344
1, 223.0, 1, 23, 2, 29.0, 6, 5.791090984481548
1, 224.0, 1, 20, 3, 31.0, 5, 4.766767944815006
1, 225.0, 1, 19, 1, 33.0, 5, 4.056381301152477
1, 226.0, 1, 18, 1, 35.0, 5, 3.258714963431144
1, 227.0, 1, 17, 1, 11.0, 5, 2.909885680954928
1, 228.0, 0, 15, 2, 12.0, 5, 2.3601077348268715
1, 229.0, 1, 15, 0, 0.0, 5, 1.9735906214892704
1, 230.0, 0, 14, 1, 0.0, 5, 1.7742722296081919
1, 231.0, 0, 12, 2, 0.0, 4, 1.3544885504001511
1, 232.0, 0, 12, 0, 0.0, 4, 1.2583985508763762
1, 233.0, 1, 11, 1, 0.0, 4, 1.0441390272055093
1, 234.0, 0, 9, 2, 0.0, 4, 0.6613215834296486
1, 235.0, 0, 9, 0, 0.0, 4, 0.560334738375257
1, 236.0, 0, 9, 0, 0.0, 4, 0.5449803655544159
1, 237.0, 0, 9, 0, 0.0, 4, 0.41656174417794745
1, 238.0, 0, 7, 2, 0.0, 2, 0.3171589068431828
1, 239.0, 0, 6, 1, 0.0, 2, 0.33687998298546695
1, 240.0, 0, 6, 0, 0.0, 2, 0.27385108862084984
1, 241.0, 0, 5, 1, 0.0, 1, 0.20531760333191684
1, 242.0, 1, 3, 2, 0.0, 1, 0.1430131479497696
1, 243.0, 1, 3, 0, 0.0, 1, 0.09125602275330635
1, 244.0, 1, 2, 1, 0.0, 1, 0.15287983012246897
1, 245.0, 0, 1, 1, 0.0, 0, 0.018412766677315062
1, 246.0, 0, 1, 0, 0.0, 0, 0.05265628221191676
1, 247.0, 0, 0, 1, 0, 0, 0
2, 1.0, 1, 2, 0, 0.0, 0, 0.0
2, 2.0, 0, 3, 0, 0.0, 0, 1.0814256854756554
2, 3.0, 0, 5, 0, 0.0, 0, 1.2317430816274335
2, 4.0, 0, 7, 0, 0.0, 0, 1.2562929516962287
2, 5.0, 1, 9, 0, 0.0, 0, 1.3267641311373821
2, 6.0, 0, 9, 0, 0.0, 0, 1.2111458088704232
2, 7.0, 0, 10, 0, 0.0, 0, 0.8241869857907528
2, 8.0, 1, 11, 0, 0.0, 0, 1.1261125852745222
2, 9.0, 0, 12, 0, 0.0, 0, 1.687215381166026
2, 10.0, 0, 15, 0, 0.0, 0, 1.9070519360886862
2, 11.0, 1, 16, 0, 0.0, 0, 3.0477319902337747
2, 12.0, 1, 18, 0, 0.0, 0, 2.8838274212328594
2, 13.0, 0, 18, 0, 0.0, 0, 2.7005706493132022
2, 14.0, 1, 20, 0, 0.0, 0, 2.3479601474773393
2, 15.0, 0, 22, 0, 0.0, 2, 3.938076266873932
2, 16.0, 0, 23, 0, 1.0, 2, 5.119012285261468
2, 17.0, 0, 23, 0, 3.0, 2, 4.8094942873942435
2, 18.0, 0, 25, 0, 6.0, 2, 4.837787259362893
2, 19.0, 0, 25, 0, 9.0, 2, 6.431288320833018
2, 20.0, 0, 27, 0, 12.0, 2, 7.3556657192246355
2, 21.0, 1, 27, 0, 0.0, 3, 6.797334703606
2, 22.0, 0, 28, 0, 0.0, 3, 7.363302112127697
2, 23.0, 1, 30, 0, 0.0, 4, 8.064609566161717
2, 24.0, 1, 31, 0, 1.0, 4, 8.705520610056116
2, 25.0, 1, 33, 0, 1.0, 4, 8.259740744649553
2, 26.0, 1, 36, 0, 4.0, 4, 8.076942624483427
2, 27.0, 1, 38, 0, 8.0, 4, 9.277772909051592
2, 28.0, 0, 40, 0, 4.0, 6, 10.529768230189045
2, 29.0, 0, 41, 0, 8.0, 7, 11.408634275046
2, 30.0, 1, 41, 0, 8.0, 7, 9.730925746184443
2, 31.0, 0, 46, 0, 0.0, 8, 8.622451774231543
2, 32.0, 1, 48, 0, 0.0, 8, 8.195735325685389
2, 33.0, 0, 45, 3, 0.0, 8, 8.794445346608612
2, 34.0, 0, 46, 0, 1.0, 8, 7.729242365391555
2, 35.0, 0, 47, 0, 2.0, 8, 8.782557845252231
2, 36.0, 1, 47, 1, 3.0, 8, 8.732478337323538
2, 37.0, 1, 46, 2, 4.0, 7, 8.667439332885001
2, 38.0, 1, 47, 0, 5.0, 7, 10.726638657355018
2, 39.0, 1, 48, 1, 7.0, 7, 11.607174560452494
2, 40.0, 1, 51, 1, 10.0, 6, 12.754403290815144
2, 41.0, 1, 48, 3, 12.0, 6, 14.480719241354732
2, 42.0, 0, 50, 0, 1.0, 6, 14.500153504882213
2, 43.0, 1, 52, 1, 0.0, 6, 13.017820616271154
2, 44.0, 0, 52, 1, 2.0, 8, 13.92330806577754
2, 45.0, 1, 52, 1, 0.0, 8, 14.176232110080257
2, 46.0, 1, 51, 2, 1.0, 6, 13.07801767454109
2, 47.0, 0, 52, 3, 2.0, 4, 12.167941500384858
2, 48.0, 1, 51, 1, 4.0, 3, 12.054634058733711
2, 49.0, 1, 50, 1, 6.0, 3, 10.48356275033326
2, 50.0, 1, 51, 1, 8.0, 3, 11.408536584760643
2, 51.0, 0, 54, 0, 6.0, 5, 11.946820283714967
2, 52.0, 1, 53, 2, 8.0, 6, 12.334067776949208
2, 53.0, 0, 54, 0, 8.0, 6, 12.937564222998038
2, 54.0, 0, 55, 1, 9.0, 6, 13.876195335879444
2, 55.0, 1, 54, 1, 10.0, 6, 14.795146500882092
2, 56.0, 0, 54, 2, 12.0, 6, 13.270026614870849
2, 57.0, 0, 54, 1, 15.0, 6, 12.754471646280136
2, 58.0, 0, 50, 4, 20.0, 6, 13.469722231136467
2, 59.0, 0, 51, 0, 11.0, 6, 13.234148464542434
2, 60.0, 1, 49, 3, 13.0, 7, 13.62228312344229
2, 61.0, 1, 48, 3, 19.0, 7, 14.143263348587338
2, 62.0, 0, 51, 0, 19.0, 8, 14.42439028495174
2, 63.0, 0, 50, 2, 25.0, 8, 15.961598300807111
2, 64.0, 0, 51, 1, 32.0, 8, 16.00382072493358
2, 65.0, 0, 49, 2, 39.0, 6, 16.781640151068686
2, 66.0, 1, 50, 1, 42.0, 6, 14.77845672087595
2, 67.0, 0, 49, 1, 34.0, 6, 14.723231737632247
2, 68.0, 0, 49, 1, 40.0, 6, 14.502124349672956
2, 69.0, 0, 47, 2, 47.0, 5, 15.034571384042042
2, 70.0, 0, 47, 0, 43.0, 5, 15.028164216987017
2, 71.0, 0, 46, 2, 51.0, 5, 14.390885191971686
2, 72.0, 1, 47, 1, 47.0, 5, 13.289902610817764
2, 73.0, 1, 48, 1, 51.0, 5, 14.153112196214437
2, 74.0, 0, 46, 2, 55.0, 4, 14.877463547893976
2, 75.0, 1, 48, 1, 59.0, 5, 13.449440568849454
2, 76.0, 1, 49, 2, 65.0, 5, 14.945828727764379
2, 77.0, 1, 49, 1, 72.0, 4, 16.91512866516698
2, 78.0, 1, 48, 1, 80.0, 4, 16.227934970977792
2, 79.0, 0, 49, 0, 86.0, 5, 16.19012017027908
2, 80.0, 0, 48, 2, 92.0, 5, 15.423042537395192
2, 81.0, 1, 49, 0, 98.0, 5, 15.180170577133756
2, 82.0, 1, 52, 0, 106.0, 5, 14.78443030137781
2, 83.0, 0, 50, 3, 75.0, 4, 14.07459265137383
2, 84.0, 1, 48, 2, 79.0, 4, 13.234721781137829
2, 85.0, 0, 50, 1, 81.0, 4, 12.998120251110294
2, 86.0, 0, 50, 0, 84.0, 4, 12.895466763639543
2, 87.0, 0, 45, 5, 24.0, 4, 12.34715782063237
2, 88.0, 0, 47, 0, 28.0, 4, 12.46399859635453
2, 89.0, 0, 45, 2, 5.0, 4, 11.730258033120093
2, 90.0, 0, 46, 1, 9.0, 4, 12.957126253004303
2, 91.0, 0, 47, 1, 15.0, 4, 14.33902899143745
2, 92.0, 1, 47, 1, 3.0, 4, 13.181048073318195
2, 93.0, 0, 47, 1, 1.0, 4, 12.039031220923167
2, 94.0, 1, 49, 0, 1.0, 4, 11.949941933419174
2, 95.0, 0, 48, 1, 2.0, 4, 13.267525406176782
2, 96.0, 1, 47, 2, 4.0, 4, 11.226812173909419
2, 97.0, 1, 47, 1, 5.0, 4, 9.333301781401678
2, 98.0, 1, 47, 2, 7.0, 4, 10.450861573645797
2, 99.0, 1, 51, 0, 10.0, 4, 10.034690035005193
2, 100.0, 0, 50, 2, 9.0, 4, 11.143719918674227
2, 101.0, 1, 48, 3, 9.0, 5, 10.02973634187757
2, 102.0, 1, 48, 1, 11.0, 4, 9.80870614084084
2, 103.0, 0, 52, 0, 0.0, 4, 8.778461203787359
2, 104.0, 1, 52, 1, 0.0, 4, 9.187696050648077
2, 105.0, 0, 49, 3, 0.0, 4, 10.543529541279007
2, 106.0, 1, 48, 3, 0.0, 4, 9.03684936493545
2, 107.0, 0, 47, 1, 1.0, 4, 7.938569703268332
2, 108.0, 1, 47, 1, 2.0, 5, 7.530569560699836
2, 109.0, 1, 46, 1, 4.0, 5, 7.3469191130233975
2, 110.0, 1, 48, 0, 6.0, 5, 8.078801183727174
2, 111.0, 1, 45, 3, 8.0, 5, 9.48106820372127
2, 112.0, 0, 43, 2, 6.0, 6, 10.472641797366027
2, 113.0, 1, 43, 2, 8.0, 6, 9.835836668853402
2, 114.0, 1, 43, 1, 11.0, 6, 11.502118681763692
2, 115.0, 0, 42, 2, 3.0, 5, 12.686362506229326
2, 116.0, 0, 44, 2, 6.0, 5, 12.208099252783622
2, 117.0, 0, 44, 1, 9.0, 5, 13.981225782368426
2, 118.0, 0, 45, 1, 14.0, 5, 13.52940640634194
2, 119.0, 0, 44, 2, 20.0, 5, 12.840636686267851
2, 120.0, 1, 44, 2, 20.0, 5, 10.823028391817667
2, 121.0, 1, 45, 2, 14.0, 4, 11.062822431332702
2, 122.0, 1, 47, 1, 8.0, 3, 11.346819633822513
2, 123.0, 0, 48, 2, 1.0, 4, 11.832449471142363
2, 124.0, 1, 48, 1, 2.0, 4, 11.367405209806256
2, 125.0, 0, 48, 1, 3.0, 4, 10.99751584504996
2, 126.0, 1, 48, 0, 5.0, 4, 10.259142130924085
2, 127.0, 1, 49, 0, 7.0, 4, 9.776088680844783
2, 128.0, 1, 49, 1, 9.0, 4, 10.292684885550129
2, 129.0, 0, 52, 0, 11.0, 4, 11.466117965362763
2, 130.0, 1, 53, 0, 14.0, 4, 12.088332299904387
2, 131.0, 0, 50, 4, 9.0, 3, 10.635736641730192
2, 132.0, 0, 50, 1, 8.0, 3, 13.614171108357137
2, 133.0, 1, 49, 1, 10.0, 3, 13.208596317745505
2, 134.0, 0, 50, 1, 13.0, 3, 13.265914962422235
2, 135.0, 0, 52, 1, 16.0, 3, 14.889687522356494
2, 136.0, 0, 51, 2, 21.0, 2, 16.85622418360854
2, 137.0, 1, 50, 1, 22.0, 1, 15.953315367755765
2, 138.0, 1, 50, 1, 9.0, 1, 14.585096712229925
2, 139.0, 1, 50, 1, 13.0, 0, 15.870294786326971
2, 140.0, 0, 50, 2, 4.0, 0, 14.657459765529643
2, 141.0, 0, 53, 0, 7.0, 0, 14.18865637378333
2, 142.0, 0, 53, 1, 11.0, 0, 15.798341737659536
2, 143.0, 1, 52, 2, 9.0, 0, 14.731302268518764
2, 144.0, 0, 51, 1, 12.0, 1, 13.115299370385651
2, 145.0, 0, 51, 1, 17.0, 1, 13.009517233910062
2, 146.0, 1, 48, 4, 20.0, 1, 11.278733588515761
2, 147.0, 1, 48, 1, 24.0, 1, 11.44231572198628
2, 148.0, 1, 46, 2, 13.0, 1, 12.46715533586978
2, 149.0, 0, 46, 1, 7.0, 1, 11.471001746786445
2, 150.0, 0, 46, 1, 6.0, 1, 10.062373738671551
2, 151.0, 1, 47, 2, 7.0, 1, 9.842412524770232
2, 152.0, 1, 46, 1, 8.0, 1, 8.94725585889319
2, 153.0, 1, 46, 1, 1.0, 1, 8.179977017030057
2, 154.0, 0, 46, 1, 2.0, 2, 9.259683789193367
2, 155.0, 1, 48, 0, 3.0, 3, 9.659076963829623
2, 156.0, 0, 48, 2, 0.0, 3, 8.501421460174539
2, 157.0, 0, 48, 0, 2.0, 3, 8.286266193922973
2, 158.0, 1, 47, 3, 3.0, 3, 7.7787600523202105
2, 159.0, 1, 45, 4, 5.0, 3, 8.873316327223423
2, 160.0, 0, 45, 1, 8.0, 4, 8.886831125280555
2, 161.0, 1, 44, 1, 9.0, 4, 8.667033763894388
2, 162.0, 1, 42, 3, 11.0, 4, 9.21749046151684
2, 163.0, 0, 41, 2, 14.0, 4, 9.76641111862382
2, 164.0, 0, 42, 1, 17.0, 4, 10.330503456776752
2, 165.0, 1, 42, 0, 20.0, 4, 11.199413312557972
2, 166.0, 0, 42, 3, 24.0, 4, 10.714228124805734
2, 167.0, 1, 40, 2, 28.0, 4, 12.401125960449985
2, 168.0, 0, 42, 1, 14.0, 4, 11.773250625764273
2, 169.0, 1, 42, 1, 16.0, 4, 9.491950400010658
2, 170.0, 1, 40, 3, 19.0, 2, 9.968715876803302
2, 171.0, 0, 40, 2, 14.0, 3, 12.178422039354622
2, 172.0, 1, 42, 0, 17.0, 3, 11.66230828594084
2, 173.0, 0, 44, 1, 20.0, 4, 12.605416006075622
2, 174.0, 0, 46, 1, 4.0, 4, 12.853399244944459
2, 175.0, 0, 50, 0, 7.0, 4, 12.068073365500899
2, 176.0, 0, 51, 0, 6.0, 4, 12.780155189013536
2, 177.0, 0, 50, 1, 9.0, 4, 11.8854366308397
2, 178.0, 0, 51, 1, 13.0, 4, 11.340645234516279
2, 179.0, 1, 50, 1, 3.0, 5, 11.896834376768652
2, 180.0, 0, 50, 0, 3.0, 6, 10.926522739714116
2, 181.0, 0, 50, 1, 4.0, 6, 12.026619353991464
2, 182.0, 1, 51, 0, 3.0, 7, 12.089661525428005
2, 183.0, 0, 47, 4, 2.0, 7, 12.569135125890195
2, 184.0, 0, 46, 1, 4.0, 7, 12.664647940154039
2, 185.0, 0, 46, 2, 7.0, 7, 12.095713538909054
2, 186.0, 0, 49, 1, 11.0, 6, 13.710807430484042
2, 187.0, 0, 51, 0, 11.0, 6, 18.175546716090725
2, 188.0, 1, 49, 3, 9.0, 5, 17.79367833544085
2, 189.0, 1, 50, 1, 13.0, 5, 19.383362802626927
2, 190.0, 1, 50, 2, 21.0, 4, 21.939650447559572
2, 191.0, 0, 51, 1, 26.0, 5, 23.674927764453194
2, 192.0, 1, 52, 1, 35.0, 5, 22.9059845106759
2, 193.0, 0, 55, 0, 37.0, 5, 21.58604446443893
2, 194.0, 1, 53, 2, 40.0, 5, 21.20591527269763
2, 195.0, 0, 55, 0, 46.0, 6, 20.64574094416918
2, 196.0, 0, 56, 0, 47.0, 6, 21.212467567094713
2, 197.0, 1, 56, 0, 45.0, 6, 20.264034433769186
2, 198.0, 1, 53, 5, 53.0, 4, 20.526469295984533
2, 199.0, 1, 52, 2, 61.0, 3, 20.917824236962897
2, 200.0, 1, 52, 1, 70.0, 3, 21.899340428612796
2, 201.0, 0, 52, 0, 80.0, 3, 20.924632935049694
2, 202.0, 1, 51, 1, 90.0, 3, 20.95298216867408
2, 203.0, 1, 51, 0, 100.0, 3, 20.94528069463097
2, 204.0, 0, 51, 0, 111.0, 3, 20.317970122140572
2, 205.0, 0, 50, 1, 101.0, 3, 21.97837271751911
2, 206.0, 0, 50, 0, 69.0, 3, 21.921211165342942
2, 207.0, 1, 48, 2, 46.0, 4, 22.00893464921972
2, 208.0, 1, 48, 0, 30.0, 4, 21.5965412149065
2, 209.0, 1, 46, 2, 39.0, 3, 21.860190150556
2, 210.0, 0, 45, 1, 34.0, 4, 20.216653047450272
2, 211.0, 0, 44, 1, 13.0, 4, 19.230033131077864
2, 212.0, 0, 42, 2, 17.0, 4, 19.950834696918925
2, 213.0, 1, 42, 0, 19.0, 4, 19.014734558536254
2, 214.0, 0, 42, 0, 21.0, 4, 18.135156735532746
2, 215.0, 1, 39, 3, 26.0, 4, 16.890411342904972
2, 216.0, 1, 39, 0, 31.0, 4, 16.34296223832045
2, 217.0, 1, 39, 0, 37.0, 4, 15.614575452852915
2, 218.0, 0, 37, 2, 43.0, 3, 14.686405940395053
2, 219.0, 1, 34, 3, 49.0, 3, 12.687638020090642
2, 220.0, 0, 33, 1, 55.0, 3, 11.92796302364256
2, 221.0, 0, 33, 0, 52.0, 3, 11.45530862181101
2, 222.0, 0, 32, 1, 57.0, 3, 10.10501723757768
2, 223.0, 1, 30, 2, 54.0, 3, 8.635424706732785
2, 224.0, 0, 26, 4, 58.0, 2, 6.85908526744365
2, 225.0, 0, 24, 2, 62.0, 2, 6.668649589609707
2, 226.0, 1, 22, 2, 66.0, 2, 6.228401190542241
2, 227.0, 1, 20, 2, 46.0, 2, 5.4425374728174685
2, 228.0, 1, 19, 1, 28.0, 2, 4.610996077526945
2, 229.0, 0, 18, 1, 15.0, 2, 4.276146998455454
2, 230.0, 0, 16, 2, 0.0, 2, 3.603619774557586
2, 231.0, 0, 16, 0, 0.0, 2, 3.293006565176208
2, 232.0, 0, 16, 0, 1.0, 2, 3.375979017967465
2, 233.0, 1, 14, 2, 1.0, 1, 2.8075553088870073
2, 234.0, 0, 11, 3, 0.0, 1, 2.255717228946221
2, 235.0, 0, 11, 0, 0.0, 1, 2.165465334917089
2, 236.0, 0, 10, 1, 0.0, 1, 2.048710698625774
2, 237.0, 0, 10, 0, 0.0, 1, 1.8254901680685247
2, 238.0, 1, 9, 1, 0.0, 1, 1.1979826760717778
2, 239.0, 0, 8, 1, 0.0, 1, 0.757544360785495
2, 240.0, 1, 8, 0, 0.0, 1, 0.5162781990384548
2, 241.0, 0, 7, 1, 0.0, 1, 0.9124713233219719
2, 242.0, 1, 7, 0, 0.0, 1, 0.7669919888640031
2, 243.0, 0, 5, 2, 0.0, 1, 0.5573062053344753
2, 244.0, 0, 5, 0, 0.0, 1, 0.38107028345381266
2, 245.0, 0, 4, 1, 0.0, 1, 0.21190760123176844
2, 246.0, 0, 3, 1, 0.0, 0, 0.18001015377481977
2, 247.0, 1, 2, 1, 0.0, 0, 0.06812578608358066
2, 248.0, 0, 2, 0, 0.0, 0, 0.09752233193016124
2, 249.0, 0, 1, 1, 0.0, 0, 0.07149194853100127
2, 250.0, 1, 1, 0, 0.0, 0, 0.006931939444505986
2, 251.0, 1, 1, 0, 0.0, 0, 0.038500946575521056
2, 252.0, 0, 1, 0, 0.0, 0, 0.0829939668359998
2, 253.0, 1, 1, 0, 0.0, 0, 0.0468561362001374
2, 254.0, 0, 0, 1, 0, 0, 0
3, 1.0, 1, 2, 0, 0.0, 0, 0.0
3, 2.0, 0, 3, 0, 0.0, 0, 1.0814256854756554
3, 3.0, 1, 5, 0, 0.0, 0, 1.2317430816274335
3, 4.0, 1, 7, 0, 0.0, 0, 1.2562929516962287
3, 5.0, 1, 9, 0, 0.0, 0, 1.3267641311373821
3, 6.0, 0, 9, 0, 0.0, 0, 1.1958048679358226
3, 7.0, 1, 10, 0, 0.0, 0, 0.8231502954305336
3, 8.0, 1, 11, 0, 0.0, 0, 1.0949618552544191
3, 9.0, 0, 12, 0, 0.0, 0, 1.613748799613663
3, 10.0, 0, 15, 0, 0.0, 0, 2.084222656603165
3, 11.0, 1, 16, 0, 0.0, 0, 2.864840042627839
3, 12.0, 1, 18, 0, 0.0, 0, 2.9436249296317
3, 13.0, 1, 18, 0, 0.0, 0, 2.58889796295695
3, 14.0, 0, 20, 0, 0.0, 0, 2.623267625315
3, 15.0, 0, 22, 0, 0.0, 0, 3.6797558801394055
3, 16.0, 1, 23, 0, 0.0, 1, 4.398835200994469
3, 17.0, 0, 23, 0, 0.0, 1, 3.9497633244204735
3, 18.0, 0, 25, 0, 0.0, 1, 4.849148608997153
3, 19.0, 1, 25, 0, 1.0, 1, 6.507708553065339
3, 20.0, 1, 27, 0, 3.0, 1, 7.055313612938236
3, 21.0, 0, 28, 0, 4.0, 1, 8.10658605766389
3, 22.0, 0, 28, 0, 6.0, 1, 8.457549372389947
3, 23.0, 1, 30, 0, 5.0, 2, 8.3531584867475
3, 24.0, 1, 31, 0, 7.0, 2, 9.061169340708853
3, 25.0, 1, 33, 0, 11.0, 2, 10.0772457298487
3, 26.0, 1, 36, 0, 12.0, 2, 11.24109778926076
3, 27.0, 1, 38, 0, 17.0, 2, 12.780084166536406
3, 28.0, 0, 40, 0, 8.0, 3, 14.170924508471202
3, 29.0, 0, 41, 0, 14.0, 3, 14.83804524791413
3, 30.0, 0, 41, 0, 21.0, 3, 15.480158808405118
3, 31.0, 1, 46, 0, 15.0, 3, 14.392279392413883
3, 32.0, 1, 47, 1, 17.0, 3, 13.611194331821634
3, 33.0, 1, 45, 2, 22.0, 3, 14.58781402072861
3, 34.0, 1, 46, 0, 17.0, 3, 13.7638323797002
3, 35.0, 0, 47, 0, 22.0, 6, 14.725646856291215
3, 36.0, 0, 47, 1, 11.0, 6, 15.33070274139895
3, 37.0, 0, 46, 2, 18.0, 5, 16.156590133751788
3, 38.0, 0, 47, 0, 26.0, 5, 16.44132213203831
3, 39.0, 0, 48, 0, 34.0, 5, 17.889907804206196
3, 40.0, 0, 52, 1, 43.0, 5, 18.363784596572177
3, 41.0, 1, 52, 0, 29.0, 5, 20.055629292391444
3, 42.0, 1, 54, 0, 31.0, 5, 19.16798101543003
3, 43.0, 1, 57, 0, 21.0, 5, 18.522014049566774
3, 44.0, 0, 56, 2, 16.0, 5, 19.45578492038128
3, 45.0, 1, 56, 1, 17.0, 5, 17.89302990307306
3, 46.0, 0, 56, 1, 19.0, 6, 18.058838504411774
3, 47.0, 0, 57, 2, 25.0, 6, 18.28177985132276
3, 48.0, 1, 56, 2, 24.0, 6, 17.527013007334247
3, 49.0, 0, 56, 0, 23.0, 7, 15.692442334686195
3, 50.0, 0, 57, 1, 23.0, 7, 14.28789305714621
3, 51.0, 1, 59, 1, 25.0, 8, 15.069992485074698
3, 52.0, 0, 60, 0, 28.0, 10, 16.66754168562093
3, 53.0, 0, 60, 1, 11.0, 10, 17.522227159108926
3, 54.0, 0, 61, 1, 15.0, 10, 18.21928986413953
3, 55.0, 1, 58, 3, 12.0, 9, 18.589469732463773
3, 56.0, 0, 60, 0, 13.0, 9, 16.827571583348906
3, 57.0, 1, 59, 2, 14.0, 9, 16.868687207337672
3, 58.0, 1, 57, 2, 15.0, 9, 16.20637130936633
3, 59.0, 0, 57, 1, 18.0, 8, 14.914519000462487
3, 60.0, 1, 57, 1, 21.0, 9, 15.262527092485305
3, 61.0, 1, 57, 2, 25.0, 8, 14.47796853929016
3, 62.0, 1, 57, 3, 30.0, 7, 15.824395739403741
3, 63.0, 0, 54, 4, 26.0, 5, 16.501422757359265
3, 64.0, 1, 55, 1, 31.0, 5, 15.76203649646773
3, 65.0, 0, 53, 2, 34.0, 5, 17.000654515759837
3, 66.0, 1, 54, 1, 39.0, 5, 15.679554312744367
3, 67.0, 0, 54, 0, 22.0, 6, 16.514764604905704
3, 68.0, 0, 54, 1, 27.0, 6, 17.278122772056904
3, 69.0, 1, 51, 3, 28.0, 7, 15.441419946173411
3, 70.0, 0, 49, 2, 29.0, 6, 14.533048351009509
3, 71.0, 1, 47, 3, 32.0, 6, 15.269435842753635
3, 72.0, 0, 48, 1, 39.0, 6, 15.34751158240794
3, 73.0, 1, 50, 0, 44.0, 6, 14.879573224914312
3, 74.0, 1, 50, 0, 50.0, 6, 15.024920088618536
3, 75.0, 0, 53, 1, 44.0, 6, 14.557811643559955
3, 76.0, 0, 52, 3, 42.0, 5, 16.603228335153254
3, 77.0, 1, 51, 2, 15.0, 5, 15.831407215712373
3, 78.0, 1, 50, 1, 3.0, 4, 15.036098866062131
3, 79.0, 0, 49, 2, 6.0, 3, 14.521772307480846
3, 80.0, 1, 50, 0, 9.0, 4, 13.108335750579927
3, 81.0, 1, 49, 2, 11.0, 5, 12.747648336383007
3, 82.0, 1, 51, 1, 15.0, 5, 13.497548255846365
3, 83.0, 0, 50, 2, 7.0, 4, 13.16093567443709
3, 84.0, 1, 50, 0, 8.0, 4, 12.131303857084607
3, 85.0, 1, 51, 2, 12.0, 3, 11.191510675360927
3, 86.0, 0, 49, 2, 10.0, 3, 11.386411347057647
3, 87.0, 1, 46, 3, 10.0, 3, 11.777708634115687
3, 88.0, 1, 46, 2, 13.0, 3, 11.773299261386825
3, 89.0, 1, 46, 0, 17.0, 3, 13.374911291146681
3, 90.0, 0, 48, 0, 18.0, 4, 13.809613374292656
3, 91.0, 1, 47, 3, 23.0, 4, 15.01229351222559
3, 92.0, 0, 48, 0, 32.0, 6, 16.00749703981353
3, 93.0, 0, 47, 2, 42.0, 5, 16.329456313800655
3, 94.0, 0, 47, 2, 53.0, 5, 16.0192401218013
3, 95.0, 0, 44, 3, 60.0, 5, 18.130684250276005
3, 96.0, 0, 44, 1, 72.0, 5, 18.23695529350653
3, 97.0, 0, 44, 1, 84.0, 5, 18.86761127734077
3, 98.0, 1, 44, 2, 53.0, 5, 18.666377584057308
3, 99.0, 0, 45, 3, 49.0, 5, 18.168390548635514
3, 100.0, 1, 46, 0, 31.0, 5, 20.68988013220227
3, 101.0, 1, 46, 1, 38.0, 5, 20.439236063443243
3, 102.0, 1, 46, 1, 37.0, 5, 21.20498486874257
3, 103.0, 0, 50, 0, 41.0, 5, 20.610351076774432
3, 104.0, 0, 51, 0, 49.0, 5, 21.263496806995057
3, 105.0, 0, 51, 0, 59.0, 5, 22.62429308185523
3, 106.0, 1, 52, 1, 70.0, 4, 21.760233493234946
3, 107.0, 1, 51, 1, 82.0, 4, 23.0130986257652
3, 108.0, 0, 51, 1, 95.0, 4, 22.524261710800022
3, 109.0, 0, 51, 0, 108.0, 4, 23.05147159878866
3, 110.0, 1, 51, 2, 115.0, 5, 23.929675561583796
3, 111.0, 0, 51, 0, 119.0, 6, 25.499967095716144
3, 112.0, 1, 50, 1, 122.0, 6, 24.88508016550553
3, 113.0, 0, 51, 1, 101.0, 7, 26.15911356766753
3, 114.0, 0, 52, 0, 112.0, 7, 26.76530170220492
3, 115.0, 0, 51, 2, 115.0, 6, 28.053350574389412
3, 116.0, 0, 55, 0, 119.0, 6, 27.900130716593516
3, 117.0, 1, 54, 2, 106.0, 6, 28.6711165098689
3, 118.0, 1, 56, 0, 119.0, 6, 28.09980255743653
3, 119.0, 0, 56, 1, 127.0, 5, 26.90704848482939
3, 120.0, 0, 58, 0, 136.0, 5, 26.473348549124808
3, 121.0, 0, 61, 0, 142.0, 5, 26.50833243145958
3, 122.0, 0, 63, 1, 152.0, 5, 26.761757284782647
3, 123.0, 0, 65, 1, 164.0, 4, 27.028311638805896
3, 124.0, 1, 65, 1, 163.0, 4, 26.08738759725726
3, 125.0, 1, 66, 0, 159.0, 4, 25.5032767822427
3, 126.0, 1, 65, 1, 170.0, 4, 25.112646127495232
3, 127.0, 1, 65, 1, 179.0, 4, 24.897491826446792
3, 128.0, 1, 63, 3, 179.0, 3, 25.819348190041403
3, 129.0, 0, 66, 0, 187.0, 4, 26.126386463958287
3, 130.0, 0, 67, 0, 192.0, 4, 26.97591880884619
3, 131.0, 1, 67, 1, 186.0, 5, 27.38588538263988
3, 132.0, 0, 68, 0, 171.0, 5, 26.511525349428585
3, 133.0, 1, 63, 5, 178.0, 4, 26.126630189703214
3, 134.0, 0, 64, 1, 185.0, 5, 25.165890187459084
3, 135.0, 1, 66, 1, 188.0, 5, 23.304098622953862
3, 136.0, 0, 65, 2, 195.0, 6, 24.630271538254824
3, 137.0, 0, 64, 1, 204.0, 6, 24.240697505249347
3, 138.0, 1, 65, 0, 213.0, 6, 23.552191907050336
3, 139.0, 1, 65, 1, 224.0, 6, 25.095958655297043
3, 140.0, 0, 66, 1, 237.0, 6, 25.13803272659175
3, 141.0, 1, 68, 1, 253.0, 6, 24.960533059900275
3, 142.0, 1, 68, 1, 266.0, 6, 26.139691598266698
3, 143.0, 0, 69, 0, 280.0, 7, 26.302332523002285
3, 144.0, 0, 67, 2, 292.0, 7, 25.785058334269678
3, 145.0, 0, 66, 2, 299.0, 7, 24.88830845789536
3, 146.0, 1, 63, 4, 290.0, 7, 23.940619632969113
3, 147.0, 0, 62, 2, 291.0, 7, 24.25520939912357
3, 148.0, 0, 61, 1, 293.0, 7, 24.912779254534364
3, 149.0, 0, 60, 2, 177.0, 7, 23.622551626781906
3, 150.0, 1, 56, 5, 130.0, 7, 21.755072377416816
3, 151.0, 1, 56, 3, 128.0, 6, 21.407072590336558
3, 152.0, 0, 54, 2, 132.0, 6, 21.16107440322188
3, 153.0, 0, 54, 1, 140.0, 6, 21.235442560343902
3, 154.0, 1, 54, 1, 147.0, 6, 22.81541853062611
3, 155.0, 1, 56, 0, 157.0, 6, 22.86123320001699
3, 156.0, 1, 55, 3, 165.0, 5, 21.80144220897781
3, 157.0, 1, 55, 0, 103.0, 5, 20.894674879938865
3, 158.0, 0, 57, 0, 10.0, 5, 19.50351771852291
3, 159.0, 0, 57, 2, 9.0, 4, 19.3249047533962
3, 160.0, 0, 56, 2, 4.0, 4, 19.201220829287347
3, 161.0, 0, 55, 1, 8.0, 3, 18.84761485235255
3, 162.0, 1, 52, 4, 1.0, 2, 16.060358196577763
3, 163.0, 1, 53, 0, 0.0, 2, 14.494211408176042
3, 164.0, 0, 54, 1, 1.0, 3, 15.124205424835381
3, 165.0, 1, 54, 0, 1.0, 3, 13.592877185899905
3, 166.0, 1, 56, 1, 5.0, 3, 14.159018181183738
3, 167.0, 0, 54, 2, 2.0, 3, 14.184293107065642
3, 168.0, 1, 55, 2, 0.0, 3, 12.081852059561324
3, 169.0, 0, 53, 3, 2.0, 4, 12.233373031023907
3, 170.0, 0, 53, 1, 4.0, 4, 11.89268335862519
3, 171.0, 0, 55, 0, 7.0, 4, 12.585286414009268
3, 172.0, 1, 56, 1, 6.0, 4, 11.755287866596218
3, 173.0, 1, 55, 4, 0.0, 4, 11.302762711852099
3, 174.0, 1, 57, 1, 0.0, 4, 14.014393957952347
3, 175.0, 1, 61, 0, 0.0, 4, 12.813637577825295
3, 176.0, 0, 60, 2, 1.0, 4, 12.997406641787327
3, 177.0, 0, 58, 2, 0.0, 4, 11.871596898901421
3, 178.0, 0, 59, 1, 1.0, 4, 11.027362957204494
3, 179.0, 0, 56, 3, 3.0, 3, 11.273431948726097
3, 180.0, 0, 53, 3, 6.0, 3, 10.77764068152897
3, 181.0, 1, 50, 4, 2.0, 5, 11.146364379376903
3, 182.0, 0, 50, 1, 1.0, 5, 12.102354258319318
3, 183.0, 1, 48, 2, 2.0, 5, 13.979600232186387
3, 184.0, 1, 46, 2, 5.0, 5, 13.48988938178685
3, 185.0, 1, 48, 0, 8.0, 5, 13.234092948386252
3, 186.0, 0, 50, 2, 12.0, 5, 16.218871108239966
3, 187.0, 1, 51, 1, 18.0, 7, 18.00232072053489
3, 188.0, 0, 50, 2, 20.0, 6, 17.094710968899285
3, 189.0, 0, 51, 1, 24.0, 6, 17.802361371655387
3, 190.0, 0, 52, 1, 21.0, 5, 20.392639070295143
3, 191.0, 1, 53, 1, 19.0, 5, 20.44606647618005
3, 192.0, 1, 53, 2, 26.0, 5, 19.908085161438326
3, 193.0, 1, 55, 1, 35.0, 5, 19.488522397458908
3, 194.0, 1, 53, 2, 42.0, 5, 17.636126995751024
3, 195.0, 0, 54, 1, 44.0, 5, 15.673091788346206
3, 196.0, 1, 55, 0, 37.0, 5, 15.05120320112407
3, 197.0, 1, 54, 1, 44.0, 5, 15.35963024017162
3, 198.0, 1, 55, 1, 44.0, 5, 15.9580454339329
3, 199.0, 1, 54, 2, 51.0, 5, 15.586002476940452
3, 200.0, 0, 54, 1, 57.0, 5, 15.953971194239147
3, 201.0, 1, 52, 2, 65.0, 5, 15.705597172312453
3, 202.0, 1, 50, 2, 52.0, 4, 15.159367045146322
3, 203.0, 1, 49, 1, 48.0, 4, 15.861494504944119
3, 204.0, 0, 48, 1, 49.0, 5, 14.817454099321948
3, 205.0, 1, 47, 1, 55.0, 5, 14.273765233475048
3, 206.0, 0, 47, 0, 60.0, 5, 13.794727127878419
3, 207.0, 0, 46, 1, 64.0, 5, 13.344820264770785
3, 208.0, 1, 45, 1, 53.0, 6, 13.79912045552781
3, 209.0, 0, 45, 0, 41.0, 8, 14.411926850986365
3, 210.0, 1, 41, 4, 43.0, 6, 12.420639907331227
3, 211.0, 0, 40, 1, 45.0, 6, 12.92925263723542
3, 212.0, 1, 38, 2, 48.0, 6, 11.930978977563276
3, 213.0, 0, 34, 4, 43.0, 7, 11.887044531986602
3, 214.0, 1, 34, 0, 44.0, 7, 10.628904640251992
3, 215.0, 1, 32, 2, 16.0, 7, 9.956902592073018
3, 216.0, 1, 31, 1, 18.0, 7, 9.15928239867981
3, 217.0, 0, 31, 0, 21.0, 8, 9.093275134703305
3, 218.0, 1, 31, 0, 22.0, 8, 7.986343822024879
3, 219.0, 1, 29, 2, 24.0, 8, 6.532447757540885
3, 220.0, 1, 26, 3, 26.0, 8, 5.964465011901517
3, 221.0, 1, 25, 1, 28.0, 8, 5.077193917829002
3, 222.0, 0, 22, 3, 30.0, 7, 4.292329723514166
3, 223.0, 1, 20, 2, 0.0, 6, 3.6925804496490935
3, 224.0, 0, 18, 2, 0.0, 6, 2.7344433968308532
3, 225.0, 1, 18, 0, 0.0, 6, 2.415696125906507
3, 226.0, 0, 17, 1, 0.0, 5, 1.9162198180796413
3, 227.0, 0, 15, 2, 0.0, 4, 1.656427589068735
3, 228.0, 1, 14, 1, 0.0, 3, 1.0134283864518299
3, 229.0, 1, 13, 1, 0.0, 3, 0.7884362643416294
3, 230.0, 1, 12, 1, 0.0, 3, 0.5045853696875433
3, 231.0, 0, 10, 2, 0.0, 3, 0.4881547389880927
3, 232.0, 0, 9, 1, 0.0, 3, 0.33499734550425053
3, 233.0, 0, 8, 1, 0.0, 2, 0.6451893729257119
3, 234.0, 0, 8, 0, 0.0, 2, 0.4743832995323478
3, 235.0, 1, 7, 1, 0.0, 1, 0.24256795484558769
3, 236.0, 0, 5, 2, 0.0, 1, 0.30066514491747753
3, 237.0, 1, 3, 2, 0.0, 1, 0.12490224432362318
3, 238.0, 1, 3, 0, 0.0, 1, 0.15874319811528714
3, 239.0, 0, 3, 0, 0.0, 1, 0.120663231350715
3, 240.0, 0, 2, 1, 0.0, 1, 0.012388304270434247
3, 241.0, 0, 0, 2, 0, 0, 0
4, 1.0, 1, 2, 0, 0.0, 0, 0.0
4, 2.0, 0, 3, 0, 0.0, 0, 1.0814256854756554
4, 3.0, 0, 5, 0, 0.0, 0, 1.2317430816274335
4, 4.0, 0, 7, 0, 0.0, 0, 1.2562929516962287
4, 5.0, 0, 9, 0, 0.0, 0, 1.3267641311373821
4, 6.0, 1, 9, 0, 0.0, 0, 1.2111458088704232
4, 7.0, 1, 10, 0, 0.0, 0, 0.8241869857907528
4, 8.0, 0, 11, 0, 0.0, 0, 1.1261125852745222
4, 9.0, 0, 12, 0, 0.0, 0, 1.687215381166026
4, 10.0, 1, 15, 0, 0.0, 0, 1.9984311271370045
4, 11.0, 1, 16, 0, 0.0, 0, 3.051668518032976
4, 12.0, 1, 18, 0, 0.0, 0, 3.094356470229287
4, 13.0, 1, 18, 0, 0.0, 0, 2.6665634959825644
4, 14.0, 0, 20, 0, 0.0, 0, 2.358959364382343
4, 15.0, 1, 22, 0, 0.0, 1, 3.3390985387506427
4, 16.0, 0, 23, 0, 0.0, 1, 4.228486958222319
4, 17.0, 0, 23, 0, 1.0, 1, 4.622245254202122
4, 18.0, 1, 25, 0, 0.0, 1, 4.0798175904846445
4, 19.0, 0, 25, 0, 0.0, 1, 5.344883597975706
4, 20.0, 0, 27, 0, 0.0, 1, 6.01572375042335
4, 21.0, 1, 27, 0, 0.0, 2, 6.97848812942358
4, 22.0, 0, 28, 0, 0.0, 3, 5.895284737131931
4, 23.0, 1, 30, 0, 0.0, 4, 7.750125161167637
4, 24.0, 0, 31, 0, 1.0, 5, 7.873133373919295
4, 25.0, 1, 33, 0, 2.0, 6, 7.485335526045392
4, 26.0, 1, 36, 0, 3.0, 6, 7.874646891731265
4, 27.0, 0, 38, 0, 4.0, 6, 8.252886394558542
4, 28.0, 0, 40, 0, 0.0, 6, 9.021175745558862
4, 29.0, 0, 41, 0, 1.0, 6, 9.551200020685025
4, 30.0, 0, 41, 0, 3.0, 6, 9.486654254718442
4, 31.0, 1, 45, 1, 2.0, 6, 7.305202559196322
4, 32.0, 1, 46, 1, 0.0, 6, 7.828864180591975
4, 33.0, 1, 45, 1, 0.0, 6, 9.308471152648902
4, 34.0, 0, 46, 0, 1.0, 6, 8.328018332706192
4, 35.0, 0, 45, 2, 2.0, 5, 8.552950491169726
4, 36.0, 1, 44, 2, 3.0, 4, 7.769508144911338
4, 37.0, 1, 45, 0, 4.0, 4, 7.9059730363597644
4, 38.0, 1, 44, 2, 5.0, 3, 9.432475516881182
4, 39.0, 1, 46, 0, 6.0, 3, 9.539138816152006
4, 40.0, 0, 49, 1, 7.0, 2, 9.300927342683744
4, 41.0, 0, 49, 0, 8.0, 2, 11.551331931027713
4, 42.0, 0, 49, 2, 0.0, 1, 12.251171206930938
4, 43.0, 1, 52, 0, 1.0, 1, 11.49355151449709
4, 44.0, 1, 50, 3, 2.0, 1, 11.096416604149253
4, 45.0, 0, 51, 0, 0.0, 1, 12.39150903102847
4, 46.0, 1, 50, 2, 0.0, 1, 11.528002066625168
4, 47.0, 0, 52, 2, 0.0, 1, 12.174065911532542
4, 48.0, 1, 52, 0, 0.0, 1, 13.747041583388723
4, 49.0, 1, 51, 1, 1.0, 1, 12.750146027124652
4, 50.0, 1, 52, 1, 4.0, 1, 11.657532075854293
4, 51.0, 0, 52, 3, 5.0, 1, 11.267275744513821
4, 52.0, 1, 53, 0, 9.0, 3, 13.196452936454904
4, 53.0, 0, 52, 2, 10.0, 3, 14.752630515221233
4, 54.0, 1, 54, 0, 12.0, 3, 14.452685063725523
4, 55.0, 0, 51, 3, 15.0, 5, 15.616826112840755
4, 56.0, 0, 51, 2, 21.0, 5, 15.964145602464802
4, 57.0, 0, 51, 1, 19.0, 5, 14.776206778421935
4, 58.0, 1, 49, 2, 17.0, 5, 14.528680264441684
4, 59.0, 1, 48, 2, 16.0, 5, 12.78014744776541
4, 60.0, 1, 46, 3, 18.0, 5, 13.757829825761528
4, 61.0, 0, 47, 1, 21.0, 6, 14.230458088989499
4, 62.0, 0, 50, 0, 25.0, 6, 14.475449267365118
4, 63.0, 0, 50, 1, 30.0, 6, 17.17160592863776
4, 64.0, 1, 51, 1, 26.0, 7, 16.9741858918684
4, 65.0, 0, 50, 1, 28.0, 8, 16.75121881228027
4, 66.0, 1, 51, 1, 31.0, 8, 17.46207904564042
4, 67.0, 0, 51, 0, 33.0, 8, 17.62162724368638
4, 68.0, 0, 51, 1, 36.0, 8, 17.711835726615956
4, 69.0, 0, 49, 2, 40.0, 8, 17.156075346073035
4, 70.0, 1, 48, 1, 43.0, 8, 16.497996946135377
4, 71.0, 1, 45, 4, 48.0, 6, 16.198290423513974
4, 72.0, 1, 46, 1, 54.0, 6, 15.79388328695065
4, 73.0, 1, 48, 0, 60.0, 6, 17.200514264787067
4, 74.0, 1, 48, 0, 67.0, 6, 17.19983080429949
4, 75.0, 1, 50, 1, 48.0, 6, 17.06060520952799
4, 76.0, 0, 52, 1, 51.0, 7, 18.138072523396463
4, 77.0, 1, 52, 1, 39.0, 7, 18.569925046471113
4, 78.0, 1, 51, 1, 39.0, 7, 18.186935224374093
4, 79.0, 0, 50, 2, 41.0, 7, 18.06748340765914
4, 80.0, 1, 50, 1, 49.0, 8, 17.769546683268633
4, 81.0, 0, 49, 2, 56.0, 8, 17.37836634191303
4, 82.0, 0, 51, 1, 44.0, 7, 17.612316432453245
4, 83.0, 0, 51, 1, 23.0, 7, 18.19049243391575
4, 84.0, 0, 51, 0, 32.0, 7, 17.990601259786164
4, 85.0, 1, 52, 2, 39.0, 8, 17.602636912201152
4, 86.0, 1, 52, 0, 43.0, 8, 18.429124823883967
4, 87.0, 0, 49, 3, 50.0, 6, 17.715163067867532
4, 88.0, 1, 50, 1, 60.0, 7, 17.15894927617737
4, 89.0, 1, 49, 1, 72.0, 7, 18.69354602207856
4, 90.0, 0, 48, 3, 83.0, 6, 18.919274366649727
4, 91.0, 0, 50, 0, 96.0, 6, 19.90835521850823
4, 92.0, 1, 50, 1, 104.0, 6, 20.283356569693723
4, 93.0, 1, 49, 2, 117.0, 6, 19.56211937944858
4, 94.0, 0, 49, 2, 111.0, 7, 20.161101608079864
4, 95.0, 1, 48, 1, 105.0, 7, 19.899246519010727
4, 96.0, 1, 49, 0, 99.0, 7, 18.761959378754685
4, 97.0, 1, 50, 0, 94.0, 7, 18.508938608010055
4, 98.0, 0, 50, 2, 89.0, 7, 18.9128581280648
4, 99.0, 0, 53, 1, 77.0, 6, 19.484875650114233
4, 100.0, 1, 52, 2, 65.0, 5, 19.713977577036488
4, 101.0, 0, 52, 1, 11.0, 5, 18.46325994075795
4, 102.0, 1, 53, 0, 1.0, 6, 18.60828906462548
4, 103.0, 1, 56, 1, 3.0, 6, 17.127453876685205
4, 104.0, 0, 57, 0, 1.0, 7, 15.887282576843328
4, 105.0, 0, 55, 2, 2.0, 7, 15.533321346528439
4, 106.0, 1, 56, 1, 0.0, 7, 12.444990740566691
4, 107.0, 0, 55, 1, 0.0, 7, 13.281736456357656
4, 108.0, 1, 54, 2, 0.0, 7, 13.067905867473819
4, 109.0, 1, 54, 0, 2.0, 7, 12.920600238590323
4, 110.0, 1, 55, 1, 5.0, 7, 13.629560281353136
4, 111.0, 1, 53, 2, 8.0, 7, 14.27420209925329
4, 112.0, 1, 52, 1, 11.0, 7, 15.032745242959258
4, 113.0, 0, 53, 1, 14.0, 6, 14.181095732573306
4, 114.0, 0, 52, 2, 17.0, 5, 14.936854708658641
4, 115.0, 0, 51, 2, 20.0, 5, 16.154136823405388
4, 116.0, 0, 52, 3, 24.0, 5, 15.680999493776362
4, 117.0, 0, 51, 2, 20.0, 5, 16.915702600668805
4, 118.0, 0, 50, 3, 27.0, 4, 16.665232056752657
4, 119.0, 1, 49, 2, 27.0, 3, 15.264871118179197
4, 120.0, 0, 51, 0, 32.0, 3, 15.073413237801002
4, 121.0, 1, 50, 4, 21.0, 2, 14.531954202119229
4, 122.0, 0, 53, 0, 22.0, 2, 14.98356395131115
4, 123.0, 0, 55, 1, 26.0, 2, 16.128947005162203
4, 124.0, 0, 56, 0, 29.0, 2, 16.680425656620617
4, 125.0, 0, 53, 3, 34.0, 1, 16.138352335742766
4, 126.0, 0, 53, 1, 41.0, 1, 16.27109217602611
4, 127.0, 0, 54, 0, 51.0, 1, 16.895633517035538
4, 128.0, 1, 53, 2, 43.0, 2, 16.67896545579232
4, 129.0, 1, 56, 0, 9.0, 2, 16.564302666177184
4, 130.0, 0, 52, 4, 9.0, 2, 17.972910875270937
4, 131.0, 0, 53, 1, 12.0, 3, 17.54495837978525
4, 132.0, 1, 52, 2, 13.0, 3, 16.949509791645973
4, 133.0, 0, 52, 0, 19.0, 5, 16.378213931654976
4, 134.0, 0, 53, 1, 7.0, 5, 17.327413717435842
4, 135.0, 1, 54, 2, 6.0, 7, 18.249906887414934
4, 136.0, 0, 54, 0, 7.0, 8, 19.135331985107435
4, 137.0, 0, 54, 1, 6.0, 8, 18.448382549081177
4, 138.0, 1, 56, 0, 8.0, 8, 16.35685203577899
4, 139.0, 0, 55, 1, 13.0, 8, 16.96633053044966
4, 140.0, 1, 56, 1, 19.0, 8, 16.3525343701481
4, 141.0, 0, 58, 1, 26.0, 10, 17.371540409623172
4, 142.0, 0, 58, 1, 29.0, 10, 19.31829144610193
4, 143.0, 1, 57, 2, 33.0, 10, 18.06856699067534
4, 144.0, 0, 57, 0, 15.0, 11, 17.26578428919298
4, 145.0, 0, 57, 1, 0.0, 11, 14.956357014556108
4, 146.0, 0, 57, 1, 1.0, 11, 13.965841014695524
4, 147.0, 0, 57, 1, 3.0, 11, 12.419465779614674
4, 148.0, 0, 55, 2, 7.0, 11, 11.059926962958714
4, 149.0, 1, 52, 4, 0.0, 11, 9.17157952492924
4, 150.0, 1, 50, 3, 1.0, 11, 7.816956739503392
4, 151.0, 0, 51, 2, 0.0, 12, 8.618965010140101
4, 152.0, 0, 50, 1, 2.0, 12, 9.866392026457616
4, 153.0, 1, 50, 1, 3.0, 12, 8.813573338033965
4, 154.0, 1, 49, 2, 5.0, 11, 8.7850182540362
4, 155.0, 1, 48, 3, 7.0, 10, 10.082954064165477
4, 156.0, 0, 47, 3, 1.0, 9, 9.658409164285942
4, 157.0, 1, 47, 0, 0.0, 10, 9.989231575390887
4, 158.0, 0, 47, 2, 0.0, 10, 9.511435231130989
4, 159.0, 0, 48, 1, 2.0, 10, 9.798429321972987
4, 160.0, 0, 47, 2, 2.0, 9, 9.714548049388513
4, 161.0, 0, 44, 3, 4.0, 7, 9.059363873601564
4, 162.0, 1, 42, 3, 2.0, 6, 8.398102058332869
4, 163.0, 0, 41, 2, 4.0, 8, 8.899393967998549
4, 164.0, 0, 41, 2, 8.0, 7, 9.81228362782936
4, 165.0, 0, 40, 1, 15.0, 7, 11.176177743712586
4, 166.0, 0, 40, 3, 22.0, 7, 10.735019061079328
4, 167.0, 1, 40, 0, 19.0, 8, 10.47942406197435
4, 168.0, 0, 43, 0, 19.0, 8, 9.85434964920236
4, 169.0, 1, 43, 1, 23.0, 8, 9.842170300201282
4, 170.0, 1, 40, 4, 17.0, 8, 11.338935315446792
4, 171.0, 1, 42, 1, 0.0, 8, 11.44172882984142
4, 172.0, 0, 43, 0, 0.0, 9, 12.412640372946091
4, 173.0, 0, 44, 2, 3.0, 9, 11.789929889999636
4, 174.0, 1, 46, 1, 2.0, 8, 10.980472859434867
4, 175.0, 1, 50, 0, 3.0, 8, 10.510061482081957
4, 176.0, 0, 50, 0, 6.0, 9, 11.247581173548529
4, 177.0, 1, 50, 1, 5.0, 9, 9.566466727458288
4, 178.0, 1, 52, 0, 7.0, 9, 8.951419007747589
4, 179.0, 1, 51, 1, 10.0, 9, 10.316892582635148
4, 180.0, 1, 49, 2, 5.0, 8, 9.691009167209419
4, 181.0, 1, 50, 0, 8.0, 8, 9.282488350645718
4, 182.0, 0, 50, 1, 0.0, 9, 7.994807435585882
4, 183.0, 0, 50, 0, 0.0, 9, 8.683510550097239
4, 184.0, 0, 47, 3, 1.0, 7, 9.000242154737382
4, 185.0, 1, 46, 3, 0.0, 6, 9.778119345540198
4, 186.0, 0, 50, 0, 0.0, 6, 12.148519557793124
4, 187.0, 1, 48, 3, 0.0, 8, 15.632665604874575
4, 188.0, 1, 51, 0, 7.0, 8, 16.220085757952322
4, 189.0, 0, 50, 2, 4.0, 8, 16.458283061832677
4, 190.0, 0, 51, 1, 5.0, 8, 16.980103866428387
4, 191.0, 1, 51, 2, 2.0, 8, 15.749088998227242
4, 192.0, 0, 53, 0, 1.0, 8, 14.09601418425703
4, 193.0, 0, 53, 3, 2.0, 6, 13.584104400383795
4, 194.0, 1, 52, 1, 0.0, 6, 10.823169651417274
4, 195.0, 0, 52, 2, 0.0, 6, 8.3986697462755
4, 196.0, 0, 52, 1, 0.0, 6, 9.306823062883826
4, 197.0, 0, 51, 1, 0.0, 6, 9.242873322037843
4, 198.0, 0, 51, 2, 0.0, 6, 9.472364105620768
4, 199.0, 0, 51, 1, 2.0, 6, 9.766787955918657
4, 200.0, 1, 51, 1, 1.0, 5, 9.379244785860106
4, 201.0, 1, 51, 0, 0.0, 5, 9.72358154863584
4, 202.0, 1, 51, 0, 1.0, 5, 9.865997473854886
4, 203.0, 1, 46, 5, 2.0, 5, 8.89088105403065
4, 204.0, 0, 45, 1, 0.0, 6, 8.438096248684781
4, 205.0, 0, 41, 4, 1.0, 5, 9.497337904635774
4, 206.0, 0, 39, 2, 3.0, 4, 9.793753227185286
4, 207.0, 0, 38, 1, 5.0, 4, 10.580977205007772
4, 208.0, 1, 36, 2, 0.0, 4, 10.801999415857964
4, 209.0, 1, 35, 1, 1.0, 4, 10.16658410443084
4, 210.0, 1, 32, 3, 3.0, 4, 11.307669070203263
4, 211.0, 1, 32, 0, 7.0, 4, 10.514012114364508
4, 212.0, 0, 32, 0, 6.0, 5, 12.039062741960059
4, 213.0, 0, 31, 1, 6.0, 4, 12.113052243321173
4, 214.0, 0, 30, 1, 7.0, 4, 11.543744238780112
4, 215.0, 0, 29, 1, 9.0, 4, 10.669661352184693
4, 216.0, 0, 26, 3, 9.0, 4, 10.244655888097991
4, 217.0, 0, 25, 1, 9.0, 4, 9.169084456152948
4, 218.0, 0, 24, 1, 13.0, 4, 8.260841597430602
4, 219.0, 1, 22, 2, 2.0, 4, 6.902854083791118
4, 220.0, 1, 22, 0, 0.0, 4, 5.087404954295535
4, 221.0, 1, 20, 2, 1.0, 4, 5.001914021254423
4, 222.0, 1, 18, 2, 2.0, 4, 4.077045496188663
4, 223.0, 0, 18, 0, 4.0, 4, 3.6968869945897467
4, 224.0, 0, 16, 2, 6.0, 4, 3.1612119014285947
4, 225.0, 0, 16, 0, 8.0, 4, 2.768346989377531
4, 226.0, 0, 14, 2, 10.0, 4, 2.635865028609227
4, 227.0, 1, 14, 0, 7.0, 4, 2.3888294421778484
4, 228.0, 1, 14, 0, 0.0, 4, 2.068670619614421
4, 229.0, 1, 12, 2, 0.0, 4, 1.7295354511832421
4, 230.0, 0, 9, 3, 0.0, 2, 1.1510168062361341
4, 231.0, 1, 9, 0, 0.0, 2, 1.0147031664885588
4, 232.0, 0, 9, 0, 0.0, 2, 0.6939316503898585
4, 233.0, 1, 8, 1, 0.0, 2, 0.5069595437048395
4, 234.0, 0, 8, 0, 0.0, 2, 0.3574806193661306
4, 235.0, 1, 7, 1, 0.0, 2, 0.43734236973836715
4, 236.0, 0, 6, 1, 0.0, 2, 0.4814337070182457
4, 237.0, 0, 6, 0, 0.0, 2, 0.44897597372480647
4, 238.0, 0, 5, 1, 0.0, 2, 0.37512098069439226
4, 239.0, 1, 4, 1, 0.0, 2, 0.29197889217374673
4, 240.0, 1, 3, 1, 0.0, 2, 0.11416641185326704
4, 241.0, 0, 3, 0, 0.0, 2, 0.07698469426389387
4, 242.0, 0, 3, 0, 0.0, 2, 0.3076862653083978
4, 243.0, 0, 2, 1, 0.0, 1, 0.03954598670491549
4, 244.0, 0, 2, 0, 0.0, 1, 0.050537345541229683
4, 245.0, 1, 1, 1, 0.0, 0, 0.03788063708352851
4, 246.0, 1, 1, 0, 0.0, 0, 0.1062738586993568
4, 247.0, 0, 0, 1, 0, 0, 0
5, 1.0, 0, 2, 0, 0.0, 0, 0.0
5, 2.0, 0, 3, 0, 0.0, 0, 1.0814256854756554
5, 3.0, 1, 5, 0, 0.0, 0, 1.2559462905827157
5, 4.0, 0, 7, 0, 0.0, 0, 1.2603760180273869
5, 5.0, 0, 9, 0, 0.0, 0, 1.356365191048412
5, 6.0, 1, 9, 0, 0.0, 0, 1.287337457469642
5, 7.0, 0, 10, 0, 0.0, 0, 0.9556235514719723
5, 8.0, 0, 11, 0, 0.0, 0, 1.168230593310705
5, 9.0, 1, 12, 0, 0.0, 0, 1.3211245838572987
5, 10.0, 1, 15, 0, 0.0, 0, 1.87574121140802
5, 11.0, 1, 16, 0, 0.0, 0, 2.915579636707669
5, 12.0, 0, 18, 0, 0.0, 0, 2.9764979980126363
5, 13.0, 0, 18, 0, 0.0, 0, 2.790093862534329
5, 14.0, 0, 20, 0, 0.0, 0, 2.6903215219964385
5, 15.0, 0, 22, 0, 0.0, 0, 3.6458958433120916
5, 16.0, 0, 23, 0, 1.0, 0, 4.857785788473866
5, 17.0, 1, 23, 0, 0.0, 0, 4.5903313720828125
5, 18.0, 0, 25, 0, 0.0, 0, 3.997983548908471
5, 19.0, 1, 25, 0, 1.0, 1, 5.853091286436267
5, 20.0, 0, 27, 0, 3.0, 3, 6.631907076221215
5, 21.0, 1, 27, 0, 4.0, 4, 7.4936214663175225
5, 22.0, 0, 28, 0, 4.0, 4, 5.732364707712923
5, 23.0, 1, 30, 0, 6.0, 5, 7.749702955630922
5, 24.0, 0, 31, 0, 8.0, 5, 8.107592358267825
5, 25.0, 1, 33, 0, 10.0, 6, 6.81913635590667
5, 26.0, 0, 36, 0, 8.0, 6, 8.233581733718173
5, 27.0, 0, 38, 0, 0.0, 6, 9.17524344679256
5, 28.0, 1, 40, 0, 1.0, 6, 8.053274687868692
5, 29.0, 1, 41, 0, 0.0, 6, 7.947674511280993
5, 30.0, 0, 41, 0, 1.0, 8, 8.033513796853414
5, 31.0, 1, 46, 0, 0.0, 8, 6.5597537408756725
5, 32.0, 1, 48, 0, 0.0, 8, 6.570614563986815
5, 33.0, 0, 45, 3, 0.0, 8, 7.697806661606686
5, 34.0, 1, 46, 0, 1.0, 9, 7.338686931497626
5, 35.0, 1, 47, 0, 3.0, 9, 6.716735802626416
5, 36.0, 1, 45, 3, 5.0, 7, 6.680101548491192
5, 37.0, 0, 45, 1, 0.0, 8, 8.696546949883613
5, 38.0, 1, 45, 1, 0.0, 7, 9.125624739120301
5, 39.0, 1, 46, 1, 1.0, 6, 9.263575149656413
5, 40.0, 1, 49, 1, 2.0, 6, 11.015822167436806
5, 41.0, 1, 49, 0, 3.0, 6, 12.645711967330387
5, 42.0, 1, 49, 2, 6.0, 6, 12.053136687441537
5, 43.0, 1, 51, 1, 9.0, 6, 12.052199416823667
5, 44.0, 1, 50, 2, 14.0, 6, 13.74217823602277
5, 45.0, 1, 49, 2, 20.0, 5, 13.048921890122212
5, 46.0, 0, 48, 2, 16.0, 4, 12.471950786712414
5, 47.0, 0, 50, 1, 7.0, 4, 12.121948615023088
5, 48.0, 1, 51, 0, 4.0, 4, 12.517529505315672
5, 49.0, 0, 50, 1, 1.0, 5, 11.872418195258103
5, 50.0, 1, 51, 1, 2.0, 4, 11.256547683484012
5, 51.0, 1, 54, 0, 3.0, 4, 10.380961803987184
5, 52.0, 0, 52, 3, 4.0, 4, 10.355874376754093
5, 53.0, 0, 53, 0, 6.0, 4, 10.699189812504107
5, 54.0, 0, 53, 2, 8.0, 4, 11.992677647358873
5, 55.0, 1, 51, 2, 8.0, 2, 12.994251268142962
5, 56.0, 1, 51, 2, 9.0, 2, 12.947284215203023
5, 57.0, 0, 52, 0, 10.0, 3, 13.116556753427579
5, 58.0, 0, 51, 1, 12.0, 3, 13.14739814593316
5, 59.0, 1, 51, 1, 15.0, 4, 12.145938306358167
5, 60.0, 0, 51, 1, 18.0, 4, 11.397770344327464
5, 61.0, 1, 50, 3, 8.0, 4, 11.543772165720865
5, 62.0, 1, 50, 3, 8.0, 4, 11.487990022442974
5, 63.0, 0, 48, 3, 10.0, 4, 13.116173429585178
5, 64.0, 1, 48, 2, 13.0, 3, 12.979244453905551
5, 65.0, 1, 48, 0, 18.0, 3, 13.411582324085881
5, 66.0, 0, 49, 1, 22.0, 4, 13.109882284322405
5, 67.0, 1, 48, 1, 26.0, 4, 12.958159623707525
5, 68.0, 0, 48, 1, 31.0, 4, 11.850358899876058
5, 69.0, 0, 48, 0, 31.0, 4, 12.43770103718386
5, 70.0, 0, 47, 1, 27.0, 3, 12.725923221816895
5, 71.0, 1, 46, 2, 16.0, 4, 11.67030456432744
5, 72.0, 1, 45, 3, 19.0, 4, 12.762775786338093
5, 73.0, 1, 46, 1, 23.0, 4, 13.524052874325891
5, 74.0, 0, 44, 2, 25.0, 3, 13.95424804164551
5, 75.0, 0, 47, 1, 29.0, 2, 13.438562885167974
5, 76.0, 0, 48, 1, 33.0, 2, 14.782178624310554
5, 77.0, 1, 49, 0, 37.0, 2, 14.471842679924876
5, 78.0, 0, 45, 4, 30.0, 3, 14.681115911261186
5, 79.0, 1, 44, 2, 31.0, 3, 14.301887296714517
5, 80.0, 1, 45, 0, 36.0, 3, 13.65358571703216
5, 81.0, 0, 44, 2, 43.0, 3, 13.763042872892944
5, 82.0, 0, 47, 0, 48.0, 3, 13.371929090737664
5, 83.0, 1, 46, 2, 55.0, 2, 13.821879263668615
5, 84.0, 0, 45, 1, 62.0, 2, 13.783996197727689
5, 85.0, 1, 47, 1, 70.0, 3, 14.326296525115287
5, 86.0, 1, 45, 2, 78.0, 3, 15.194028468151549
5, 87.0, 0, 45, 0, 81.0, 3, 15.138868718327034
5, 88.0, 1, 46, 1, 88.0, 3, 16.48110738546135
5, 89.0, 0, 44, 2, 79.0, 4, 18.63452960296306
5, 90.0, 0, 45, 1, 89.0, 4, 18.97360646665382
5, 91.0, 1, 47, 0, 84.0, 4, 20.165994369471164
5, 92.0, 1, 45, 3, 81.0, 4, 19.419602201370115
5, 93.0, 0, 46, 0, 81.0, 4, 19.475420387016957
5, 94.0, 1, 48, 0, 50.0, 4, 18.150350758882965
5, 95.0, 1, 47, 1, 49.0, 4, 20.168517976908085
5, 96.0, 1, 47, 1, 58.0, 3, 19.010773520313563
5, 97.0, 1, 46, 2, 57.0, 3, 18.725663159785473
5, 98.0, 0, 48, 0, 64.0, 3, 19.348548213825374
5, 99.0, 0, 51, 0, 72.0, 3, 19.18678612119327
5, 100.0, 0, 50, 3, 81.0, 2, 19.706321049383085
5, 101.0, 0, 51, 0, 82.0, 2, 20.713363007592527
5, 102.0, 1, 51, 0, 79.0, 2, 19.08346964766926
5, 103.0, 1, 56, 0, 79.0, 2, 18.50052714414828
5, 104.0, 0, 56, 1, 75.0, 3, 20.52103915387538
5, 105.0, 0, 56, 1, 75.0, 3, 20.724065766999985
5, 106.0, 0, 57, 0, 75.0, 3, 21.339609019410766
5, 107.0, 1, 55, 2, 69.0, 4, 19.879250605650643
5, 108.0, 0, 55, 1, 76.0, 4, 17.641239267881044
5, 109.0, 0, 53, 2, 68.0, 4, 18.05849077869816
5, 110.0, 0, 54, 1, 73.0, 3, 18.314081058281637
5, 111.0, 0, 52, 2, 80.0, 3, 18.879059281747335
5, 112.0, 0, 50, 2, 91.0, 2, 19.11297203167993
5, 113.0, 1, 51, 1, 92.0, 2, 19.369390675233536
5, 114.0, 0, 50, 1, 98.0, 3, 22.416689234287897
5, 115.0, 0, 52, 0, 103.0, 3, 24.06783863546112
5, 116.0, 0, 55, 1, 117.0, 3, 25.412569549183093
5, 117.0, 1, 55, 1, 130.0, 4, 26.78703414034455
5, 118.0, 0, 54, 3, 145.0, 4, 26.05049577962204
5, 119.0, 1, 53, 2, 148.0, 4, 25.239829413416174
5, 120.0, 0, 55, 0, 85.0, 4, 24.92819836549286
5, 121.0, 1, 58, 0, 87.0, 4, 25.33347272889403
5, 122.0, 0, 58, 3, 83.0, 4, 23.926289851923087
5, 123.0, 1, 59, 2, 86.0, 5, 24.892920351536517
5, 124.0, 1, 60, 0, 80.0, 5, 24.061859887410503
5, 125.0, 0, 61, 0, 88.0, 5, 23.078585151560482
5, 126.0, 1, 59, 2, 97.0, 5, 21.653251262219268
5, 127.0, 0, 59, 1, 107.0, 5, 22.93114544088141
5, 128.0, 1, 60, 0, 119.0, 5, 21.938525014403403
5, 129.0, 0, 60, 2, 129.0, 6, 22.780830677961724
5, 130.0, 0, 62, 0, 139.0, 6, 23.433414609219913
5, 131.0, 0, 63, 0, 152.0, 6, 24.14064661078631
5, 132.0, 0, 62, 2, 162.0, 6, 25.286417798775506
5, 133.0, 1, 61, 1, 172.0, 7, 25.673373607049296
5, 134.0, 0, 63, 0, 187.0, 8, 26.28580535239504
5, 135.0, 0, 64, 2, 152.0, 7, 29.55082296968721
5, 136.0, 0, 63, 2, 148.0, 7, 30.645961075119242
5, 137.0, 0, 62, 1, 163.0, 7, 30.850015261919587
5, 138.0, 0, 64, 0, 160.0, 7, 29.567511229854805
5, 139.0, 0, 62, 2, 171.0, 7, 28.56406212881994
5, 140.0, 1, 62, 2, 169.0, 6, 27.045399735031108
5, 141.0, 0, 64, 1, 181.0, 7, 26.50332568148136
5, 142.0, 1, 64, 1, 162.0, 6, 28.96226946572994
5, 143.0, 1, 64, 1, 170.0, 6, 28.055667992965223
5, 144.0, 1, 63, 1, 187.0, 6, 29.05526261285266
5, 145.0, 1, 64, 0, 204.0, 6, 28.30583686106675
5, 146.0, 0, 63, 2, 220.0, 6, 27.610482417699714
5, 147.0, 1, 63, 1, 199.0, 6, 25.285044957220858
5, 148.0, 0, 62, 1, 208.0, 6, 25.31257089281539
5, 149.0, 1, 62, 1, 211.0, 7, 24.252894895601766
5, 150.0, 1, 62, 1, 221.0, 8, 23.774335976115722
5, 151.0, 1, 61, 4, 238.0, 7, 23.559940124697693
5, 152.0, 1, 61, 0, 222.0, 7, 23.87193939282044
5, 153.0, 1, 62, 0, 229.0, 7, 22.029137897404734
5, 154.0, 1, 61, 2, 156.0, 7, 21.97109691476339
5, 155.0, 1, 63, 0, 86.0, 7, 20.103224811789165
5, 156.0, 1, 62, 3, 39.0, 7, 18.4695061708719
5, 157.0, 0, 59, 3, 24.0, 7, 17.6054051947198
5, 158.0, 0, 61, 0, 19.0, 7, 15.69330755429748
5, 159.0, 1, 59, 4, 18.0, 7, 14.753266263517622
5, 160.0, 1, 58, 2, 19.0, 6, 13.115082419178968
5, 161.0, 0, 56, 2, 23.0, 7, 12.33697976009287
5, 162.0, 0, 56, 1, 29.0, 7, 12.01781536100566
5, 163.0, 0, 56, 1, 11.0, 6, 12.769510316553555
5, 164.0, 0, 57, 1, 16.0, 6, 14.096228770189134
5, 165.0, 0, 56, 1, 12.0, 5, 14.11796409101665
5, 166.0, 0, 57, 2, 6.0, 5, 13.06360824120988
5, 167.0, 0, 56, 1, 9.0, 5, 12.59869040227005
5, 168.0, 0, 56, 3, 12.0, 4, 11.96882432085188
5, 169.0, 1, 52, 5, 3.0, 3, 12.146865521216721
5, 170.0, 0, 50, 3, 2.0, 3, 12.063998799953788
5, 171.0, 0, 50, 2, 3.0, 3, 13.262557775313546
5, 172.0, 0, 48, 4, 3.0, 2, 14.720145311106076
5, 173.0, 1, 49, 2, 1.0, 2, 13.025042021689094
5, 174.0, 1, 51, 1, 2.0, 2, 11.589806584353946
5, 175.0, 1, 55, 0, 3.0, 2, 10.081105887180925
5, 176.0, 0, 55, 1, 4.0, 2, 10.352024262054048
5, 177.0, 0, 54, 1, 6.0, 1, 9.979946365551376
5, 178.0, 0, 55, 1, 8.0, 1, 10.062990470070453
5, 179.0, 1, 53, 2, 0.0, 3, 12.111920781256686
5, 180.0, 1, 52, 1, 2.0, 3, 12.109050371754478
5, 181.0, 1, 50, 3, 4.0, 3, 10.965439802704354
5, 182.0, 1, 49, 2, 7.0, 3, 10.746248408473082
5, 183.0, 0, 48, 1, 2.0, 3, 11.70524549129711
5, 184.0, 0, 46, 2, 4.0, 3, 12.059623564061766
5, 185.0, 1, 48, 0, 5.0, 3, 11.204370198819252
5, 186.0, 1, 51, 1, 7.0, 2, 14.065830020615735
5, 187.0, 0, 52, 0, 9.0, 3, 17.780360690283608
5, 188.0, 1, 53, 2, 11.0, 5, 18.476391690106787
5, 189.0, 1, 53, 1, 17.0, 5, 19.411751696609716
5, 190.0, 0, 51, 4, 13.0, 6, 18.64720514708018
5, 191.0, 1, 49, 4, 17.0, 6, 17.047172705737403
5, 192.0, 1, 51, 0, 7.0, 6, 16.699197613211485
5, 193.0, 0, 53, 1, 8.0, 7, 17.846022116551886
5, 194.0, 0, 53, 0, 15.0, 7, 17.419489847176763
5, 195.0, 1, 55, 0, 18.0, 7, 15.54273716809924
5, 196.0, 1, 54, 2, 18.0, 7, 15.317384142355111
5, 197.0, 0, 53, 1, 25.0, 7, 14.945513363313742
5, 198.0, 1, 54, 1, 32.0, 7, 13.544829037590196
5, 199.0, 1, 53, 2, 32.0, 7, 12.749644817022636
5, 200.0, 1, 53, 1, 24.0, 7, 12.831608947759014
5, 201.0, 0, 53, 0, 24.0, 7, 14.048472399838102
5, 202.0, 0, 52, 1, 20.0, 7, 14.627395888199342
5, 203.0, 0, 49, 3, 25.0, 7, 14.16391432992896
5, 204.0, 1, 45, 4, 12.0, 7, 12.713198799032353
5, 205.0, 1, 45, 0, 1.0, 7, 12.97363233680162
5, 206.0, 0, 45, 0, 1.0, 9, 15.669602033518082
5, 207.0, 1, 44, 1, 3.0, 11, 15.73705990461396
5, 208.0, 1, 42, 2, 8.0, 11, 14.537980969315312
5, 209.0, 0, 39, 3, 6.0, 11, 14.1637244159392
5, 210.0, 0, 38, 1, 8.0, 11, 13.390716806089092
5, 211.0, 1, 37, 1, 11.0, 10, 12.087834800566139
5, 212.0, 1, 35, 2, 14.0, 9, 11.93290946294903
5, 213.0, 0, 34, 1, 1.0, 9, 11.460090494463092
5, 214.0, 1, 34, 0, 1.0, 9, 9.600102685276712
5, 215.0, 1, 32, 2, 0.0, 8, 8.741436566436676
5, 216.0, 1, 31, 1, 0.0, 8, 5.957978637220505
5, 217.0, 1, 30, 1, 0.0, 7, 5.301539442505657
5, 218.0, 0, 29, 1, 0.0, 7, 5.014239922870001
5, 219.0, 1, 27, 2, 0.0, 7, 3.5492698507139577
5, 220.0, 1, 25, 2, 0.0, 6, 3.788601736332263
5, 221.0, 0, 24, 1, 0.0, 5, 3.187485613606587
5, 222.0, 0, 24, 0, 0.0, 5, 3.5619644636665213
5, 223.0, 0, 19, 5, 1.0, 3, 3.3240957290103363
5, 224.0, 1, 18, 1, 0.0, 3, 3.0849510116951975
5, 225.0, 0, 17, 1, 0.0, 2, 2.5857690129706175
5, 226.0, 1, 16, 1, 0.0, 2, 2.7229952009197422
5, 227.0, 1, 15, 1, 0.0, 2, 2.032639739657404
5, 228.0, 1, 14, 1, 0.0, 2, 1.9134505574734373
5, 229.0, 1, 13, 1, 0.0, 1, 2.1123460419150586
5, 230.0, 0, 10, 3, 0.0, 1, 1.0284365880278363
5, 231.0, 1, 9, 1, 0.0, 1, 0.9607146678220024
5, 232.0, 0, 7, 2, 0.0, 1, 0.7386566081645976
5, 233.0, 0, 4, 3, 0.0, 1, 0.30278494162067027
5, 234.0, 1, 3, 1, 0.0, 0, 0.2835666549563758
5, 235.0, 0, 3, 0, 0.0, 0, 0.05304088143793528
5, 236.0, 1, 3, 0, 0.0, 0, 0.12939728410919926
5, 237.0, 0, 3, 0, 0.0, 0, 0.06916243914168696
5, 238.0, 1, 2, 1, 0.0, 0, 0.12302560827777498
5, 239.0, 1, 2, 0, 0.0, 0, 0.1123903879750543
5, 240.0, 0, 1, 1, 0.0, 0, 0.03711648218163077
5, 241.0, 1, 1, 0, 0.0, 0, 0.004084836946852022
5, 242.0, 1, 1, 0, 0.0, 0, 0.023260798908573577
5, 243.0, 0, 1, 0, 0.0, 0, 0.05289632663917487
5, 244.0, 0, 1, 0, 0.0, 0, 0.07368251880280141
5, 245.0, 1, 0, 1, 0, 0, 0
6, 1.0, 1, 2, 0, 0.0, 0, 0.0
6, 2.0, 1, 3, 0, 0.0, 0, 1.0814256854756554
6, 3.0, 1, 5, 0, 0.0, 0, 1.2317430816274335
6, 4.0, 1, 7, 0, 0.0, 0, 1.2562929516962287
6, 5.0, 1, 9, 0, 0.0, 0, 1.3267641311373821
6, 6.0, 0, 9, 0, 0.0, 0, 1.1958048679358226
6, 7.0, 0, 10, 0, 0.0, 0, 0.8231502954305336
6, 8.0, 1, 11, 0, 0.0, 0, 1.0949618552544191
6, 9.0, 0, 12, 0, 0.0, 0, 1.613748799613663
6, 10.0, 0, 15, 0, 0.0, 0, 2.084222656603165
6, 11.0, 0, 16, 0, 0.0, 0, 2.864840042627839
6, 12.0, 1, 18, 0, 0.0, 0, 2.9436249296317
6, 13.0, 1, 18, 0, 0.0, 0, 2.58889796295695
6, 14.0, 0, 20, 0, 0.0, 0, 2.623267625315
6, 15.0, 0, 22, 0, 0.0, 0, 3.6797558801394055
6, 16.0, 1, 23, 0, 0.0, 1, 4.398835200994469
6, 17.0, 1, 23, 0, 0.0, 1, 4.397018036572168
6, 18.0, 1, 25, 0, 2.0, 1, 5.276871660251744
6, 19.0, 0, 25, 0, 0.0, 1, 6.6931534906167105
6, 20.0, 1, 27, 0, 2.0, 3, 7.336215014577283
6, 21.0, 0, 28, 0, 3.0, 3, 8.012281548995038
6, 22.0, 1, 28, 0, 3.0, 3, 9.200804903124304
6, 23.0, 0, 30, 0, 5.0, 4, 9.299749750889221
6, 24.0, 1, 31, 0, 5.0, 4, 9.448749016357437
6, 25.0, 1, 33, 0, 10.0, 4, 9.718360757856663
6, 26.0, 1, 36, 0, 15.0, 4, 10.956165393606485
6, 27.0, 0, 38, 0, 20.0, 5, 12.39863483159331
6, 28.0, 0, 40, 0, 22.0, 5, 12.89825969994703
6, 29.0, 1, 41, 0, 17.0, 5, 12.989752624045801
6, 30.0, 0, 41, 0, 15.0, 5, 11.705629417311538
6, 31.0, 0, 46, 0, 6.0, 5, 11.263683612191555
6, 32.0, 0, 47, 1, 7.0, 5, 12.478636450172404
6, 33.0, 1, 45, 2, 0.0, 5, 11.39601780386748
6, 34.0, 1, 46, 0, 0.0, 5, 10.127705969379711
6, 35.0, 0, 47, 0, 0.0, 8, 10.597541987933099
6, 36.0, 1, 48, 0, 0.0, 8, 9.172083915965178
6, 37.0, 0, 48, 1, 1.0, 8, 9.065833317130535
6, 38.0, 0, 49, 0, 0.0, 8, 8.995973678737549
6, 39.0, 1, 48, 2, 0.0, 9, 9.7593207602031
6, 40.0, 1, 52, 1, 1.0, 9, 10.063082097494483
6, 41.0, 1, 51, 1, 3.0, 9, 11.942261904208252
6, 42.0, 0, 53, 0, 0.0, 11, 12.2426636302288
6, 43.0, 1, 56, 0, 0.0, 11, 11.132331594033174
6, 44.0, 0, 56, 1, 0.0, 12, 13.484513558159815
6, 45.0, 0, 54, 3, 1.0, 10, 14.12871287104701
6, 46.0, 0, 53, 2, 6.0, 10, 13.825537698696493
6, 47.0, 0, 53, 3, 12.0, 10, 13.791230050083783
6, 48.0, 0, 53, 1, 19.0, 10, 13.798685830290594
6, 49.0, 0, 51, 2, 26.0, 10, 14.049644060207424
6, 50.0, 1, 52, 1, 5.0, 10, 12.922258864358081
6, 51.0, 1, 54, 1, 0.0, 9, 12.05419045193634
6, 52.0, 0, 55, 0, 1.0, 10, 13.988774827571573
6, 53.0, 0, 54, 2, 4.0, 10, 14.64280110790927
6, 54.0, 0, 54, 2, 8.0, 10, 15.911349312195416
6, 55.0, 0, 54, 0, 9.0, 10, 16.86721984355654
6, 56.0, 0, 52, 4, 15.0, 8, 15.832996604974017
6, 57.0, 1, 50, 3, 13.0, 6, 15.562459519039914
6, 58.0, 0, 48, 2, 20.0, 4, 14.903718699086342
6, 59.0, 0, 47, 2, 27.0, 4, 14.847388710063528
6, 60.0, 0, 48, 0, 29.0, 4, 14.337666309845261
6, 61.0, 1, 49, 1, 26.0, 5, 13.797343669599895
6, 62.0, 1, 51, 1, 26.0, 5, 13.632923310394744
6, 63.0, 0, 52, 0, 29.0, 5, 15.05927969284731
6, 64.0, 0, 53, 1, 34.0, 5, 15.322550378988623
6, 65.0, 1, 53, 0, 40.0, 5, 16.319623873292077
6, 66.0, 1, 54, 1, 48.0, 5, 15.097594690293556
6, 67.0, 0, 52, 2, 50.0, 5, 16.214589295792948
6, 68.0, 0, 51, 2, 34.0, 4, 15.323143014388258
6, 69.0, 1, 50, 1, 22.0, 5, 14.787684869117527
6, 70.0, 1, 47, 3, 17.0, 4, 14.302701288650304
6, 71.0, 1, 45, 3, 19.0, 4, 14.557410863985705
6, 72.0, 0, 47, 0, 22.0, 5, 14.795137755403875
6, 73.0, 1, 49, 0, 25.0, 5, 13.712307498143755
6, 74.0, 0, 47, 2, 30.0, 5, 14.651374103754591
6, 75.0, 0, 50, 1, 36.0, 5, 15.545489665484041
6, 76.0, 0, 50, 2, 36.0, 5, 17.49530799234629
6, 77.0, 1, 50, 1, 35.0, 5, 16.393749490329558
6, 78.0, 1, 50, 0, 25.0, 5, 15.38196196879632
6, 79.0, 1, 48, 3, 28.0, 5, 15.54216783871785
6, 80.0, 0, 48, 1, 35.0, 6, 16.00555833407396
6, 81.0, 1, 47, 2, 39.0, 7, 15.143443526042194
6, 82.0, 1, 49, 1, 48.0, 6, 15.337243531946832
6, 83.0, 0, 50, 0, 51.0, 6, 14.555021007773886
6, 84.0, 1, 49, 1, 58.0, 6, 14.749420760219692
6, 85.0, 0, 51, 1, 65.0, 6, 14.813570260315892
6, 86.0, 0, 51, 0, 72.0, 6, 15.597238348468451
6, 87.0, 1, 50, 1, 80.0, 6, 14.821940165623126
6, 88.0, 0, 47, 5, 82.0, 5, 15.666742614697482
6, 89.0, 1, 46, 1, 80.0, 6, 17.254622199766022
6, 90.0, 1, 47, 1, 87.0, 7, 17.766286348006243
6, 91.0, 0, 47, 2, 55.0, 7, 18.3028194227677
6, 92.0, 1, 48, 0, 61.0, 7, 17.09198705836794
6, 93.0, 1, 47, 2, 68.0, 6, 17.329770716879423
6, 94.0, 1, 48, 1, 74.0, 6, 17.057381014778912
6, 95.0, 1, 48, 0, 83.0, 6, 19.051373255757422
6, 96.0, 0, 48, 1, 35.0, 7, 17.95521070910014
6, 97.0, 0, 46, 3, 42.0, 6, 16.160352662326936
6, 98.0, 0, 48, 0, 51.0, 6, 17.655275592999313
6, 99.0, 0, 51, 1, 61.0, 6, 17.929201810550662
6, 100.0, 0, 52, 0, 73.0, 6, 18.699450745471353
6, 101.0, 1, 51, 2, 65.0, 6, 17.552170372134103
6, 102.0, 1, 51, 1, 62.0, 6, 17.48630327393423
6, 103.0, 1, 54, 1, 44.0, 6, 18.57965227608196
6, 104.0, 1, 54, 1, 40.0, 5, 19.461939468959294
6, 105.0, 0, 54, 1, 37.0, 5, 19.57765221615622
6, 106.0, 1, 55, 0, 42.0, 5, 18.67200853611761
6, 107.0, 1, 53, 2, 46.0, 4, 17.39306923709975
6, 108.0, 0, 53, 1, 48.0, 4, 17.27666850837765
6, 109.0, 0, 50, 3, 48.0, 4, 16.935307393315306
6, 110.0, 0, 52, 0, 53.0, 4, 17.333311282287635
6, 111.0, 1, 49, 3, 58.0, 2, 18.251678549309172
6, 112.0, 0, 49, 0, 64.0, 4, 17.088592581898165
6, 113.0, 0, 51, 0, 72.0, 4, 16.624735185222704
6, 114.0, 1, 51, 1, 72.0, 4, 16.52664679920701
6, 115.0, 1, 51, 1, 80.0, 4, 17.392791446549875
6, 116.0, 0, 54, 1, 87.0, 5, 19.19861650100622
6, 117.0, 1, 53, 2, 31.0, 6, 18.890887188842978
6, 118.0, 0, 53, 2, 37.0, 6, 17.462782860126886
6, 119.0, 0, 54, 0, 45.0, 6, 16.629476691470977
6, 120.0, 1, 53, 3, 53.0, 6, 14.513002784796306
6, 121.0, 0, 54, 2, 61.0, 6, 14.086921780355713
6, 122.0, 0, 56, 1, 54.0, 5, 15.075190835342967
6, 123.0, 0, 58, 1, 61.0, 5, 14.99352217144097
6, 124.0, 1, 59, 0, 62.0, 5, 15.392032985940686
6, 125.0, 1, 58, 2, 68.0, 5, 15.894803591570854
6, 126.0, 0, 57, 1, 65.0, 6, 16.776354925693166
6, 127.0, 0, 56, 2, 72.0, 6, 16.717661002814292
6, 128.0, 1, 55, 2, 79.0, 7, 17.64069366429602
6, 129.0, 1, 56, 2, 88.0, 7, 18.95106433946282
6, 130.0, 0, 54, 3, 98.0, 6, 21.22300977707877
6, 131.0, 1, 55, 0, 110.0, 6, 21.017798630935484
6, 132.0, 0, 53, 3, 122.0, 7, 22.098345308634777
6, 133.0, 0, 51, 2, 138.0, 6, 23.364167038958733
6, 134.0, 1, 53, 0, 134.0, 7, 24.0819366334063
6, 135.0, 1, 54, 2, 98.0, 8, 24.17226957913852
6, 136.0, 0, 55, 0, 45.0, 8, 23.77968011263156
6, 137.0, 0, 53, 2, 23.0, 8, 22.759972070084732
6, 138.0, 1, 55, 0, 18.0, 8, 21.534121297843328
6, 139.0, 0, 53, 2, 23.0, 8, 21.6527790076785
6, 140.0, 1, 55, 0, 27.0, 8, 20.993712466268992
6, 141.0, 0, 58, 0, 31.0, 9, 21.54414042947184
6, 142.0, 0, 58, 1, 38.0, 9, 21.77935323992636
6, 143.0, 0, 59, 0, 46.0, 9, 21.47749538200957
6, 144.0, 1, 59, 0, 40.0, 9, 19.608307399046797
6, 145.0, 1, 58, 2, 47.0, 8, 18.230853876446055
6, 146.0, 1, 58, 1, 57.0, 8, 20.024810832051372
6, 147.0, 1, 58, 1, 67.0, 8, 18.60565408499797
6, 148.0, 1, 58, 0, 78.0, 8, 19.181936157774693
6, 149.0, 0, 57, 2, 57.0, 7, 17.910048468405613
6, 150.0, 1, 57, 1, 27.0, 8, 16.07187685693336
6, 151.0, 0, 58, 2, 1.0, 9, 16.572175572776963
6, 152.0, 0, 57, 1, 2.0, 8, 15.982698283420076
6, 153.0, 0, 55, 3, 5.0, 7, 13.770228204758933
6, 154.0, 1, 54, 2, 1.0, 8, 11.362351876181235
6, 155.0, 0, 52, 4, 2.0, 9, 10.131895840622173
6, 156.0, 0, 53, 1, 6.0, 9, 10.669213809482654
6, 157.0, 1, 50, 3, 3.0, 9, 9.682133560223022
6, 158.0, 0, 52, 0, 3.0, 11, 8.347232835890837
6, 159.0, 0, 53, 1, 4.0, 11, 8.41818608274152
6, 160.0, 0, 52, 2, 6.0, 11, 8.77289226065975
6, 161.0, 0, 51, 1, 8.0, 11, 8.352549223199619
6, 162.0, 1, 49, 3, 7.0, 11, 7.107415142021172
6, 163.0, 1, 49, 1, 0.0, 11, 6.840955808003061
6, 164.0, 1, 49, 2, 0.0, 11, 8.087314016423
6, 165.0, 0, 48, 1, 0.0, 11, 6.64554275923551
6, 166.0, 0, 49, 2, 0.0, 10, 6.930581966099386
6, 167.0, 1, 45, 4, 0.0, 9, 6.865882843989014
6, 168.0, 1, 46, 2, 1.0, 9, 7.033091905250261
6, 169.0, 0, 44, 3, 0.0, 11, 8.675899054040212
6, 170.0, 1, 42, 3, 0.0, 10, 7.2503787247298295
6, 171.0, 1, 44, 1, 1.0, 10, 6.579936507558571
6, 172.0, 0, 44, 1, 0.0, 10, 8.89352341351073
6, 173.0, 1, 44, 3, 0.0, 8, 8.772104558747507
6, 174.0, 1, 46, 1, 0.0, 8, 9.244208103461451
6, 175.0, 1, 48, 1, 0.0, 8, 9.664663026664284
6, 176.0, 0, 49, 1, 1.0, 10, 9.224317553586664
6, 177.0, 0, 48, 1, 3.0, 9, 8.411828081274386
6, 178.0, 0, 49, 1, 6.0, 8, 8.16693115541424
6, 179.0, 1, 47, 2, 0.0, 8, 8.77489511759571
6, 180.0, 1, 43, 4, 2.0, 8, 9.128527982743186
6, 181.0, 0, 43, 1, 0.0, 9, 9.560391771953203
6, 182.0, 1, 44, 0, 1.0, 9, 8.387325729797011
6, 183.0, 0, 44, 0, 1.0, 9, 9.422849581647341
6, 184.0, 0, 42, 2, 3.0, 9, 9.162926750031502
6, 185.0, 0, 44, 0, 6.0, 9, 9.846159037186352
6, 186.0, 1, 46, 2, 7.0, 11, 11.826187161497064
6, 187.0, 1, 48, 0, 9.0, 11, 15.282850435542498
6, 188.0, 0, 47, 2, 5.0, 10, 15.673742190968655
6, 189.0, 1, 47, 1, 6.0, 9, 13.44577715416038
6, 190.0, 0, 49, 1, 0.0, 10, 14.503099316242217
6, 191.0, 1, 49, 2, 2.0, 10, 15.323886818703512
6, 192.0, 1, 48, 2, 2.0, 10, 15.108371551146048
6, 193.0, 0, 51, 1, 4.0, 11, 14.02176604139742
6, 194.0, 0, 51, 0, 6.0, 11, 14.573719184773433
6, 195.0, 0, 51, 2, 4.0, 10, 12.718076425911908
6, 196.0, 1, 52, 0, 0.0, 10, 11.065198385690673
6, 197.0, 1, 51, 1, 0.0, 10, 9.186012415882775
6, 198.0, 1, 51, 1, 0.0, 10, 8.765219464759792
6, 199.0, 1, 50, 3, 0.0, 9, 8.141088086628713
6, 200.0, 0, 50, 1, 0.0, 9, 9.295158203034783
6, 201.0, 0, 50, 0, 0.0, 9, 10.270077852249967
6, 202.0, 0, 49, 1, 0.0, 9, 10.405170123372752
6, 203.0, 1, 47, 2, 1.0, 9, 10.334797208733754
6, 204.0, 1, 44, 3, 2.0, 7, 9.896887504575576
6, 205.0, 0, 44, 0, 6.0, 7, 10.95644306810547
6, 206.0, 0, 44, 0, 8.0, 7, 10.891399243089996
6, 207.0, 1, 38, 6, 10.0, 5, 11.139719438414996
6, 208.0, 1, 37, 1, 16.0, 5, 12.211557009861771
6, 209.0, 0, 37, 0, 24.0, 7, 14.155735995819832
6, 210.0, 0, 33, 4, 26.0, 7, 15.07055364281316
6, 211.0, 1, 33, 0, 30.0, 7, 14.945548207807988
6, 212.0, 0, 31, 2, 39.0, 6, 16.106661188126054
6, 213.0, 1, 30, 1, 47.0, 5, 17.323551898600428
6, 214.0, 0, 28, 2, 52.0, 4, 17.07614551928296
6, 215.0, 0, 27, 1, 64.0, 4, 16.35966068482191
6, 216.0, 0, 26, 1, 75.0, 3, 15.298373080320566
6, 217.0, 1, 26, 0, 68.0, 3, 14.079507194509237
6, 218.0, 0, 26, 0, 50.0, 3, 13.170130028431998
6, 219.0, 0, 26, 0, 44.0, 3, 12.675400210763778
6, 220.0, 0, 26, 0, 22.0, 3, 11.470445535843284
6, 221.0, 0, 25, 1, 17.0, 3, 11.11973176863136
6, 222.0, 0, 23, 2, 12.0, 3, 10.25797116916078
6, 223.0, 0, 21, 2, 15.0, 3, 9.38798545118988
6, 224.0, 0, 20, 1, 19.0, 2, 8.765866783131868
6, 225.0, 1, 20, 0, 19.0, 2, 8.134521893135272
6, 226.0, 0, 20, 0, 17.0, 2, 7.304587295262892
6, 227.0, 0, 18, 2, 18.0, 2, 6.360957032847876
6, 228.0, 0, 17, 1, 18.0, 2, 6.0740193421513045
6, 229.0, 0, 17, 0, 0.0, 2, 5.631729059246689
6, 230.0, 0, 16, 1, 0.0, 2, 4.922526474108546
6, 231.0, 0, 16, 0, 0.0, 2, 5.1606401717094545
6, 232.0, 0, 15, 1, 1.0, 2, 4.888725295993218
6, 233.0, 0, 14, 1, 3.0, 1, 4.738463559624563
6, 234.0, 1, 12, 2, 2.0, 1, 4.218160763847573
6, 235.0, 1, 12, 0, 0.0, 1, 3.5595055074581907
6, 236.0, 0, 11, 1, 0.0, 1, 3.7756114536102743
6, 237.0, 0, 10, 1, 0.0, 1, 3.539162156930404
6, 238.0, 0, 10, 0, 0.0, 1, 3.2576282720821457
6, 239.0, 0, 9, 1, 0.0, 1, 3.318438518381777
6, 240.0, 1, 8, 1, 0.0, 1, 3.0267821788703824
6, 241.0, 1, 8, 0, 0.0, 1, 2.9648862513114658
6, 242.0, 1, 7, 1, 0.0, 1, 2.8900036514184624
6, 243.0, 0, 7, 0, 0.0, 1, 2.629666290510027
6, 244.0, 0, 7, 0, 0.0, 1, 2.6993731884474457
6, 245.0, 0, 6, 1, 1.0, 1, 2.7123008768571886
6, 246.0, 0, 6, 0, 2.0, 1, 2.466019049059554
6, 247.0, 0, 5, 1, 3.0, 0, 2.301854231650413
6, 248.0, 1, 4, 1, 1.0, 0, 1.82487118602873
6, 249.0, 1, 4, 0, 0.0, 0, 1.379012334300441
6, 250.0, 1, 4, 0, 0.0, 0, 1.360574271820596
6, 251.0, 1, 4, 0, 0.0, 0, 0.6188350243175336
6, 252.0, 1, 3, 1, 0.0, 0, 0.5424537116696655
6, 253.0, 1, 3, 0, 0.0, 0, 0.7703266144061018
6, 254.0, 0, 2, 1, 0.0, 0, 0.49604994287422244
6, 255.0, 0, 2, 0, 0.0, 0, 0.26753379798315535
6, 256.0, 0, 2, 0, 0.0, 0, 0.17013875640044773
6, 257.0, 1, 2, 0, 0.0, 0, 0.13387937304538156
6, 258.0, 0, 2, 0, 0.0, 0, 0.03585123052626926
6, 259.0, 1, 2, 0, 0.0, 0, 0.10859693221712519
6, 260.0, 1, 2, 0, 0.0, 0, 0.1726908076850293
6, 261.0, 0, 2, 0, 0.0, 0, 0.04465796784155174
6, 262.0, 1, 2, 0, 0.0, 0, 0.1251065701071994
6, 263.0, 1, 1, 1, 0.0, 0, 0.05104538148961524
6, 264.0, 1, 1, 0, 0.0, 0, 0.031154139681341064
6, 265.0, 0, 1, 0, 0.0, 0, 0.04964445406383078
6, 266.0, 0, 1, 0, 0.0, 0, 0.02924263891789991
6, 267.0, 0, 1, 0, 0.0, 0, 0.003624219877401913
6, 268.0, 0, 0, 1, 0, 0, 0
7, 1.0, 0, 2, 0, 0.0, 0, 0.0
7, 2.0, 0, 3, 0, 0.0, 0, 1.0814256854756554
7, 3.0, 0, 5, 0, 0.0, 0, 1.2559462905827157
7, 4.0, 1, 7, 0, 0.0, 0, 1.2603760180273869
7, 5.0, 1, 9, 0, 0.0, 0, 1.356365191048412
7, 6.0, 1, 9, 0, 0.0, 0, 1.2083235416804996
7, 7.0, 1, 10, 0, 0.0, 0, 1.0113279673831101
7, 8.0, 0, 11, 0, 0.0, 0, 1.129802691208996
7, 9.0, 0, 12, 0, 0.0, 0, 1.3450565739990277
7, 10.0, 0, 15, 0, 0.0, 0, 1.8010715831181234
7, 11.0, 0, 16, 0, 0.0, 0, 2.7812725667563325
7, 12.0, 0, 18, 0, 0.0, 0, 2.8520028327013973
7, 13.0, 1, 18, 0, 0.0, 0, 2.6921453038161176
7, 14.0, 1, 20, 0, 0.0, 0, 2.46317774117839
7, 15.0, 0, 22, 0, 0.0, 3, 4.153068263818423
7, 16.0, 0, 23, 0, 1.0, 3, 5.144131189260253
7, 17.0, 0, 23, 0, 4.0, 3, 5.001445614064532
7, 18.0, 1, 25, 0, 0.0, 3, 4.532422362564839
7, 19.0, 1, 25, 0, 0.0, 3, 6.103947630079135
7, 20.0, 1, 27, 0, 0.0, 3, 5.652360858321568
7, 21.0, 0, 28, 0, 0.0, 4, 6.903057709948751
7, 22.0, 0, 28, 0, 1.0, 4, 7.429251593548911
7, 23.0, 0, 30, 0, 3.0, 4, 7.41218536362333
7, 24.0, 1, 31, 0, 3.0, 5, 7.6541331102230385
7, 25.0, 1, 33, 0, 5.0, 5, 7.5327282956647785
7, 26.0, 0, 36, 0, 5.0, 6, 8.727042331090049
7, 27.0, 0, 38, 0, 7.0, 6, 10.194673125701879
7, 28.0, 0, 40, 0, 11.0, 6, 11.471427309684147
7, 29.0, 0, 41, 0, 8.0, 6, 13.059523174737436
7, 30.0, 1, 41, 0, 3.0, 6, 10.777835956057867
7, 31.0, 0, 46, 0, 0.0, 7, 9.439482874512494
7, 32.0, 0, 48, 0, 1.0, 7, 9.587990568183184
7, 33.0, 1, 45, 3, 1.0, 8, 9.921445554233062
7, 34.0, 0, 46, 0, 2.0, 8, 8.889033633343368
7, 35.0, 1, 46, 1, 3.0, 8, 6.23527790002794
7, 36.0, 0, 46, 1, 4.0, 10, 7.4767823207406
7, 37.0, 1, 45, 2, 5.0, 9, 7.7724842511702175
7, 38.0, 1, 45, 1, 6.0, 9, 8.022380845143555
7, 39.0, 1, 47, 0, 8.0, 9, 9.432319059780983
7, 40.0, 1, 50, 1, 11.0, 8, 9.960056067607843
7, 41.0, 1, 49, 1, 15.0, 8, 11.32258274146187
7, 42.0, 0, 51, 0, 3.0, 9, 11.949659222498681
7, 43.0, 0, 53, 1, 1.0, 8, 13.114701798466687
7, 44.0, 1, 54, 1, 1.0, 8, 12.088873227399471
7, 45.0, 1, 53, 1, 2.0, 8, 11.680719918687249
7, 46.0, 1, 51, 3, 0.0, 7, 11.420562305268767
7, 47.0, 0, 51, 3, 0.0, 6, 11.124271407620089
7, 48.0, 1, 52, 0, 2.0, 6, 12.265946203972979
7, 49.0, 1, 51, 1, 5.0, 5, 11.951656702466941
7, 50.0, 0, 52, 1, 3.0, 5, 10.263583660893946
7, 51.0, 0, 54, 1, 0.0, 5, 10.185940244953422
7, 52.0, 0, 52, 3, 0.0, 3, 10.598849845416623
7, 53.0, 0, 51, 2, 0.0, 2, 9.855259291024385
7, 54.0, 0, 52, 1, 2.0, 2, 9.763603204774585
7, 55.0, 1, 51, 1, 0.0, 4, 11.073144006019689
7, 56.0, 1, 50, 3, 1.0, 3, 11.817182351910356
7, 57.0, 0, 50, 1, 1.0, 3, 12.060070778003395
7, 58.0, 1, 48, 2, 0.0, 4, 12.084900821499843
7, 59.0, 1, 49, 0, 2.0, 4, 11.6528987125436
7, 60.0, 1, 48, 2, 4.0, 3, 10.737910080253878
7, 61.0, 0, 46, 4, 4.0, 4, 12.382739776104664
7, 62.0, 0, 47, 2, 4.0, 4, 11.864361860849996
7, 63.0, 0, 47, 1, 7.0, 4, 13.438445835134457
7, 64.0, 0, 49, 0, 7.0, 4, 14.171743825402055
7, 65.0, 1, 47, 2, 1.0, 4, 14.052016971083113
7, 66.0, 0, 49, 0, 3.0, 5, 12.771394165012891
7, 67.0, 0, 48, 1, 5.0, 5, 13.413217115457089
7, 68.0, 0, 46, 3, 4.0, 5, 14.550304175895763
7, 69.0, 0, 46, 0, 6.0, 5, 15.297199293046416
7, 70.0, 0, 45, 1, 11.0, 5, 15.235583844224799
7, 71.0, 1, 45, 1, 8.0, 4, 13.416102770049365
7, 72.0, 1, 45, 2, 11.0, 4, 12.660322867560671
7, 73.0, 1, 46, 1, 12.0, 4, 13.926542062448918
7, 74.0, 0, 45, 1, 17.0, 6, 16.32298893882434
7, 75.0, 0, 47, 1, 16.0, 6, 17.347960789488504
7, 76.0, 1, 48, 2, 21.0, 7, 16.93343980126894
7, 77.0, 1, 48, 1, 28.0, 7, 17.786255378010736
7, 78.0, 1, 48, 0, 27.0, 7, 17.88504732435705
7, 79.0, 0, 47, 2, 18.0, 7, 17.76258952541984
7, 80.0, 1, 46, 2, 25.0, 8, 17.67407433482905
7, 81.0, 1, 45, 2, 34.0, 6, 17.702288010153353
7, 82.0, 1, 46, 2, 46.0, 6, 16.9373347808528
7, 83.0, 1, 47, 0, 58.0, 6, 17.55248550438029
7, 84.0, 1, 46, 1, 72.0, 6, 18.41814061410184
7, 85.0, 1, 48, 1, 86.0, 6, 17.447271682181867
7, 86.0, 1, 48, 0, 94.0, 6, 18.67728153717854
7, 87.0, 1, 47, 1, 107.0, 5, 19.636158290749318
7, 88.0, 0, 48, 1, 102.0, 5, 19.679549183013656
7, 89.0, 0, 48, 0, 114.0, 5, 21.47097364034177
7, 90.0, 0, 50, 0, 127.0, 5, 23.081956860274737
7, 91.0, 1, 50, 2, 128.0, 5, 22.819477149629485
7, 92.0, 0, 48, 3, 118.0, 5, 23.02098496708183
7, 93.0, 1, 49, 0, 127.0, 6, 22.937059878721143
7, 94.0, 1, 50, 1, 127.0, 5, 22.163081257983368
7, 95.0, 1, 49, 1, 137.0, 5, 22.658818120324035
7, 96.0, 0, 48, 2, 144.0, 6, 22.53523741100522
7, 97.0, 0, 49, 0, 154.0, 6, 23.165791402471335
7, 98.0, 0, 49, 2, 167.0, 6, 23.37170765879652
7, 99.0, 0, 52, 0, 160.0, 6, 24.891331503791587
7, 100.0, 0, 54, 0, 142.0, 6, 25.512660948874096
7, 101.0, 1, 54, 1, 109.0, 6, 24.842905732135996
7, 102.0, 1, 54, 1, 91.0, 6, 25.77451401120177
7, 103.0, 0, 57, 1, 73.0, 5, 26.348330643270767
7, 104.0, 0, 57, 1, 58.0, 5, 27.209287161391007
7, 105.0, 1, 57, 0, 67.0, 6, 26.626325728934198
7, 106.0, 0, 59, 0, 75.0, 6, 24.943431061350445
7, 107.0, 1, 58, 1, 73.0, 6, 23.55331232406082
7, 108.0, 0, 57, 2, 76.0, 4, 22.40672654248975
7, 109.0, 1, 56, 1, 70.0, 5, 20.716830864914986
7, 110.0, 0, 58, 0, 75.0, 5, 19.781063031714027
7, 111.0, 0, 58, 0, 74.0, 5, 19.91462257853821
7, 112.0, 1, 58, 0, 79.0, 6, 17.96000803364717
7, 113.0, 1, 58, 2, 72.0, 6, 17.6884849147445
7, 114.0, 0, 58, 1, 46.0, 7, 19.72697648323686
7, 115.0, 0, 59, 0, 51.0, 7, 20.061902510275235
7, 116.0, 0, 62, 1, 58.0, 7, 20.35275755135843
7, 117.0, 0, 60, 3, 63.0, 6, 21.351319953592416
7, 118.0, 1, 61, 1, 56.0, 6, 18.986432755964024
7, 119.0, 1, 61, 1, 61.0, 5, 18.819315652630507
7, 120.0, 0, 62, 1, 65.0, 4, 18.131366021987777
7, 121.0, 1, 61, 4, 72.0, 3, 18.18735857122904
7, 122.0, 1, 64, 0, 80.0, 3, 19.919538306576886
7, 123.0, 1, 64, 3, 77.0, 3, 19.781076918067154
7, 124.0, 1, 63, 2, 79.0, 3, 19.28773524801481
7, 125.0, 1, 64, 0, 87.0, 3, 19.54519166286709
7, 126.0, 1, 60, 4, 96.0, 2, 18.89610833188752
7, 127.0, 1, 59, 2, 106.0, 2, 18.817740907817214
7, 128.0, 0, 59, 1, 111.0, 3, 20.110335205236638
7, 129.0, 0, 58, 4, 86.0, 3, 20.533150908162362
7, 130.0, 1, 58, 1, 85.0, 3, 19.548272152353345
7, 131.0, 0, 57, 2, 79.0, 3, 18.899805214455032
7, 132.0, 0, 57, 1, 86.0, 3, 21.179843226533812
7, 133.0, 0, 55, 2, 94.0, 3, 21.28082671417175
7, 134.0, 0, 54, 3, 103.0, 2, 21.3652591722735
7, 135.0, 0, 56, 1, 101.0, 2, 22.62173080107878
7, 136.0, 1, 57, 0, 100.0, 2, 23.587041394802778
7, 137.0, 1, 57, 0, 109.0, 2, 22.972810692337553
7, 138.0, 0, 57, 1, 89.0, 2, 22.996143281416114
7, 139.0, 1, 58, 0, 100.0, 2, 21.868546680154076
7, 140.0, 1, 60, 0, 112.0, 2, 20.88229098447547
7, 141.0, 0, 62, 1, 101.0, 3, 21.826750519811508
7, 142.0, 0, 63, 0, 106.0, 3, 22.39923795513411
7, 143.0, 1, 64, 0, 114.0, 4, 22.013558674728195
7, 144.0, 0, 61, 3, 124.0, 5, 20.86045414715824
7, 145.0, 1, 59, 3, 115.0, 4, 18.95051689833086
7, 146.0, 0, 55, 5, 123.0, 5, 18.778874723075173
7, 147.0, 1, 55, 1, 131.0, 5, 18.63834810277012
7, 148.0, 0, 54, 1, 118.0, 5, 18.670627118962646
7, 149.0, 0, 54, 1, 45.0, 5, 17.423969481882196
7, 150.0, 0, 53, 2, 31.0, 5, 16.452939144528457
7, 151.0, 0, 54, 2, 38.0, 5, 15.40836749800291
7, 152.0, 0, 53, 1, 46.0, 4, 15.491766126694593
7, 153.0, 1, 53, 1, 2.0, 4, 14.10733015486054
7, 154.0, 1, 52, 2, 0.0, 4, 14.614429322566293
7, 155.0, 0, 54, 0, 1.0, 4, 13.67955465948995
7, 156.0, 0, 53, 3, 5.0, 4, 12.466491516005476
7, 157.0, 1, 53, 0, 5.0, 4, 11.941204088235425
7, 158.0, 1, 55, 0, 7.0, 4, 10.990703437108213
7, 159.0, 0, 54, 3, 10.0, 3, 11.55692945214541
7, 160.0, 0, 53, 2, 7.0, 3, 12.540254305114873
7, 161.0, 1, 49, 4, 10.0, 3, 11.123018512804551
7, 162.0, 0, 48, 2, 11.0, 3, 10.120836534045669
7, 163.0, 0, 48, 1, 6.0, 2, 10.990821900342148
7, 164.0, 0, 48, 2, 0.0, 1, 10.731873769782986
7, 165.0, 1, 47, 1, 0.0, 1, 9.631040964258377
7, 166.0, 1, 49, 1, 1.0, 1, 9.06881591296219
7, 167.0, 0, 46, 3, 1.0, 0, 10.099975625013935
7, 168.0, 1, 46, 3, 2.0, 0, 9.592817441021277
7, 169.0, 0, 46, 1, 7.0, 3, 10.689975177788773
7, 170.0, 1, 46, 1, 9.0, 4, 10.66698738999084
7, 171.0, 1, 47, 1, 13.0, 4, 10.923373406372868
7, 172.0, 1, 46, 3, 14.0, 4, 12.36760063373633
7, 173.0, 1, 48, 1, 18.0, 4, 13.12570160240631
7, 174.0, 1, 50, 1, 17.0, 4, 12.791576949606679
7, 175.0, 1, 53, 1, 10.0, 4, 12.96112211674875
7, 176.0, 0, 54, 0, 12.0, 5, 12.407332669029245
7, 177.0, 0, 53, 1, 12.0, 5, 11.973940985406735
7, 178.0, 0, 50, 5, 15.0, 5, 10.521705326547897
7, 179.0, 1, 48, 2, 11.0, 7, 10.256689973201844
7, 180.0, 0, 47, 1, 12.0, 8, 10.339192435256843
7, 181.0, 0, 48, 0, 14.0, 8, 11.553326497808671
7, 182.0, 1, 48, 1, 16.0, 8, 11.034920065723579
7, 183.0, 0, 47, 1, 18.0, 8, 12.446831478052998
7, 184.0, 1, 47, 0, 21.0, 9, 13.43071696940588
7, 185.0, 0, 47, 2, 19.0, 9, 13.364092516188597
7, 186.0, 0, 50, 1, 23.0, 9, 15.135308640008445
7, 187.0, 0, 52, 0, 28.0, 9, 18.71555489956241
7, 188.0, 0, 53, 0, 30.0, 9, 21.24463851927991
7, 189.0, 0, 51, 4, 36.0, 9, 21.110430987482257
7, 190.0, 1, 52, 1, 40.0, 9, 22.05711750714498
7, 191.0, 0, 53, 1, 44.0, 10, 23.315189729462084
7, 192.0, 0, 53, 2, 51.0, 9, 23.03590624102648
7, 193.0, 0, 53, 3, 26.0, 8, 21.628261722806812
7, 194.0, 0, 53, 0, 25.0, 8, 21.939309594456883
7, 195.0, 1, 52, 3, 27.0, 6, 19.2342389011497
7, 196.0, 1, 53, 0, 32.0, 6, 18.049101349105985
7, 197.0, 1, 52, 1, 38.0, 5, 18.610338094132356
7, 198.0, 0, 54, 0, 43.0, 6, 18.588054510056633
7, 199.0, 0, 54, 1, 48.0, 6, 19.422061253660047
7, 200.0, 1, 54, 1, 53.0, 6, 18.823380297401535
7, 201.0, 1, 54, 0, 50.0, 6, 18.840862330220332
7, 202.0, 0, 53, 1, 50.0, 7, 18.87199484519615
7, 203.0, 0, 52, 1, 42.0, 6, 19.130057519790938
7, 204.0, 1, 52, 0, 17.0, 6, 16.04802946265737
7, 205.0, 0, 51, 1, 16.0, 7, 15.063652367555116
7, 206.0, 0, 51, 0, 18.0, 7, 15.159308382458107
7, 207.0, 0, 47, 4, 21.0, 6, 15.423173656164625
7, 208.0, 0, 47, 0, 24.0, 6, 16.106577263759057
7, 209.0, 0, 44, 3, 29.0, 6, 16.101836433396773
7, 210.0, 1, 43, 1, 22.0, 5, 14.929136877642872
7, 211.0, 0, 42, 1, 26.0, 5, 13.852072608268944
7, 212.0, 1, 41, 1, 4.0, 5, 13.851771043214864
7, 213.0, 0, 41, 0, 2.0, 6, 13.424436169575229
7, 214.0, 0, 39, 2, 3.0, 6, 12.794582647096487
7, 215.0, 0, 39, 0, 6.0, 6, 12.820912145340882
7, 216.0, 1, 36, 3, 6.0, 5, 10.786412130636498
7, 217.0, 0, 36, 0, 8.0, 5, 9.77294802288154
7, 218.0, 0, 33, 3, 8.0, 4, 9.747347507062262
7, 219.0, 1, 31, 2, 11.0, 4, 8.283660048406226
7, 220.0, 1, 27, 4, 14.0, 4, 7.342294308661544
7, 221.0, 0, 25, 2, 13.0, 4, 6.847408460127409
7, 222.0, 1, 23, 2, 4.0, 3, 5.429803303423365
7, 223.0, 0, 22, 1, 0.0, 3, 4.516664832872767
7, 224.0, 0, 20, 2, 0.0, 3, 4.510047972734862
7, 225.0, 0, 19, 1, 0.0, 3, 4.063708281786206
7, 226.0, 1, 18, 1, 0.0, 3, 2.875657363810123
7, 227.0, 0, 16, 2, 0.0, 3, 1.799579118457248
7, 228.0, 0, 16, 0, 0.0, 3, 1.4012715134900233
7, 229.0, 0, 15, 1, 0.0, 2, 1.4165525237552252
7, 230.0, 0, 14, 1, 0.0, 2, 1.319910353440167
7, 231.0, 1, 14, 0, 0.0, 2, 1.0194181611853654
7, 232.0, 0, 10, 4, 0.0, 1, 0.5472467020296632
7, 233.0, 0, 10, 0, 0.0, 1, 0.47973369133308275
7, 234.0, 0, 8, 2, 0.0, 1, 0.4476108049935821
7, 235.0, 1, 8, 0, 0.0, 1, 0.4865002771998812
7, 236.0, 0, 7, 1, 0.0, 0, 0.5227455128054679
7, 237.0, 1, 6, 1, 0.0, 0, 0.4512296232025452
7, 238.0, 1, 5, 1, 0.0, 0, 0.2542593601392795
7, 239.0, 0, 5, 0, 0.0, 0, 0.25988260915570116
7, 240.0, 1, 4, 1, 0.0, 0, 0.34540991060100446
7, 241.0, 0, 3, 1, 0.0, 0, 0.14167478920673915
7, 242.0, 0, 2, 1, 0.0, 0, 0.13460503359564768
7, 243.0, 1, 2, 0, 0.0, 0, 0.10396572620104472
7, 244.0, 0, 0, 2, 0, 0, 0
8, 1.0, 1, 2, 0, 0.0, 0, 0.0
8, 2.0, 1, 3, 0, 0.0, 0, 1.0814256854756554
8, 3.0, 0, 5, 0, 0.0, 0, 1.2317430816274335
8, 4.0, 0, 7, 0, 0.0, 0, 1.2562929516962287
8, 5.0, 1, 9, 0, 0.0, 0, 1.3267641311373821
8, 6.0, 0, 9, 0, 0.0, 0, 1.2111458088704232
8, 7.0, 1, 10, 0, 0.0, 0, 0.8241869857907528
8, 8.0, 0, 11, 0, 0.0, 0, 1.1261125852745222
8, 9.0, 0, 12, 0, 0.0, 0, 1.687215381166026
8, 10.0, 0, 15, 0, 0.0, 0, 1.9748059927569641
8, 11.0, 1, 16, 0, 0.0, 0, 3.0779940360154896
8, 12.0, 0, 18, 0, 0.0, 0, 2.9856463234264496
8, 13.0, 0, 18, 0, 0.0, 0, 2.7137464469071064
8, 14.0, 0, 20, 0, 0.0, 0, 2.51347711537073
8, 15.0, 0, 22, 0, 0.0, 0, 3.6150183186256704
8, 16.0, 1, 23, 0, 0.0, 2, 4.391470883891706
8, 17.0, 1, 23, 0, 0.0, 2, 4.971325029090676
8, 18.0, 1, 25, 0, 2.0, 2, 5.182776926687719
8, 19.0, 0, 25, 0, 0.0, 2, 6.443984942276167
8, 20.0, 1, 27, 0, 2.0, 3, 6.490981105869659
8, 21.0, 1, 28, 0, 3.0, 3, 8.196567929089117
8, 22.0, 1, 28, 0, 5.0, 3, 9.548502763132062
8, 23.0, 0, 30, 0, 1.0, 4, 9.028314705396692
8, 24.0, 0, 31, 0, 3.0, 4, 9.247741946042758
8, 25.0, 1, 33, 0, 6.0, 5, 9.474048673291348
8, 26.0, 1, 36, 0, 9.0, 5, 10.457403306819858
8, 27.0, 0, 38, 0, 9.0, 6, 11.157035647811892
8, 28.0, 1, 40, 0, 6.0, 6, 9.849615701475782
8, 29.0, 1, 41, 0, 8.0, 6, 10.541666284363394
8, 30.0, 0, 41, 0, 4.0, 6, 11.534897686798544
8, 31.0, 1, 45, 1, 6.0, 6, 9.793608881646012
8, 32.0, 1, 47, 0, 1.0, 6, 9.403139896791478
8, 33.0, 0, 45, 2, 0.0, 6, 8.596854692630691
8, 34.0, 1, 46, 0, 0.0, 6, 7.530852259031196
8, 35.0, 1, 47, 0, 1.0, 6, 8.012608769856906
8, 36.0, 1, 48, 0, 2.0, 6, 8.185451479770807
8, 37.0, 0, 47, 2, 3.0, 6, 8.446354117161485
8, 38.0, 1, 47, 1, 0.0, 6, 9.049548974069511
8, 39.0, 0, 48, 1, 1.0, 5, 9.089756207217091
8, 40.0, 0, 50, 2, 1.0, 4, 11.009714733375766
8, 41.0, 1, 50, 0, 0.0, 4, 11.539953028024337
8, 42.0, 0, 51, 1, 0.0, 5, 11.09886078905016
8, 43.0, 1, 53, 1, 2.0, 6, 11.730014657255447
8, 44.0, 1, 54, 1, 5.0, 6, 11.852914430497394
8, 45.0, 1, 54, 0, 9.0, 6, 11.53760478640761
8, 46.0, 1, 52, 3, 13.0, 6, 9.00875884580221
8, 47.0, 1, 52, 3, 17.0, 6, 9.97216351599681
8, 48.0, 1, 52, 1, 21.0, 5, 11.838961861296548
8, 49.0, 1, 51, 1, 25.0, 5, 12.22136854191384
8, 50.0, 0, 53, 0, 8.0, 5, 10.717535643220874
8, 51.0, 1, 53, 3, 9.0, 5, 10.857988634002313
8, 52.0, 1, 53, 1, 11.0, 4, 12.150343305420359
8, 53.0, 1, 52, 2, 14.0, 3, 12.809511593112706
8, 54.0, 1, 53, 1, 17.0, 3, 12.817905867667221
8, 55.0, 1, 50, 3, 5.0, 3, 14.47337007924301
8, 56.0, 0, 52, 0, 2.0, 3, 13.796585804851677
8, 57.0, 0, 49, 4, 3.0, 2, 13.678428729733197
8, 58.0, 0, 47, 2, 6.0, 2, 14.065206856314042
8, 59.0, 0, 48, 0, 9.0, 2, 13.06444135233553
8, 60.0, 1, 48, 1, 11.0, 2, 13.507082357937014
8, 61.0, 0, 48, 2, 14.0, 2, 13.421236517627806
8, 62.0, 1, 50, 1, 16.0, 3, 14.665767757724817
8, 63.0, 1, 49, 2, 16.0, 3, 14.550977599568949
8, 64.0, 1, 50, 1, 13.0, 3, 14.088353174112486
8, 65.0, 1, 48, 2, 17.0, 2, 14.683385959195617
8, 66.0, 0, 50, 0, 1.0, 3, 13.997207296570549
8, 67.0, 0, 48, 2, 2.0, 3, 14.635439420093912
8, 68.0, 1, 49, 0, 0.0, 3, 14.12871655159821
8, 69.0, 1, 49, 0, 0.0, 3, 14.663736640697369
8, 70.0, 0, 48, 1, 3.0, 3, 15.106223384527485
8, 71.0, 0, 46, 3, 7.0, 3, 14.429946227912863
8, 72.0, 1, 46, 2, 9.0, 3, 13.60552202995753
8, 73.0, 0, 46, 2, 13.0, 2, 13.778917211729905
8, 74.0, 1, 46, 0, 10.0, 2, 15.400720796931854
8, 75.0, 1, 47, 2, 0.0, 2, 14.250374653586432
8, 76.0, 0, 49, 1, 2.0, 2, 14.11619564960143
8, 77.0, 1, 49, 1, 1.0, 2, 14.270956675293508
8, 78.0, 1, 46, 3, 3.0, 2, 12.308296734638194
8, 79.0, 0, 46, 1, 1.0, 3, 12.279528150975638
8, 80.0, 0, 46, 1, 0.0, 3, 12.316649588012746
8, 81.0, 0, 46, 1, 3.0, 3, 12.178414668252168
8, 82.0, 0, 48, 1, 9.0, 3, 12.20284727146193
8, 83.0, 1, 48, 1, 7.0, 3, 11.996508963866653
8, 84.0, 1, 47, 1, 7.0, 2, 12.463796136540305
8, 85.0, 1, 49, 1, 11.0, 2, 13.055320795878213
8, 86.0, 1, 48, 1, 18.0, 2, 15.305770012091548
8, 87.0, 0, 45, 3, 25.0, 3, 14.941227478442006
8, 88.0, 0, 47, 0, 34.0, 3, 15.42276441770137
8, 89.0, 1, 45, 2, 45.0, 4, 17.15469716377685
8, 90.0, 1, 45, 2, 52.0, 4, 16.960517934473252
8, 91.0, 0, 47, 0, 54.0, 5, 17.021638288133328
8, 92.0, 1, 46, 2, 53.0, 5, 16.214292308577825
8, 93.0, 0, 45, 2, 52.0, 7, 15.479047862726068
8, 94.0, 1, 46, 1, 58.0, 7, 15.422306566004432
8, 95.0, 0, 45, 1, 36.0, 8, 15.824027624336765
8, 96.0, 0, 46, 0, 31.0, 8, 14.557882301756928
8, 97.0, 1, 46, 1, 20.0, 8, 14.720986247583864
8, 98.0, 0, 46, 2, 12.0, 8, 13.32475692164049
8, 99.0, 1, 48, 1, 11.0, 8, 14.432863614344265
8, 100.0, 1, 49, 1, 13.0, 8, 13.83652127226721
8, 101.0, 0, 50, 0, 16.0, 8, 13.937911162138674
8, 102.0, 0, 50, 1, 20.0, 8, 15.228086607344007
8, 103.0, 0, 54, 0, 20.0, 8, 16.423099962951508
8, 104.0, 1, 55, 0, 20.0, 9, 17.381537858984075
8, 105.0, 1, 54, 1, 24.0, 8, 17.827201159473866
8, 106.0, 0, 54, 2, 21.0, 8, 16.950566362743764
8, 107.0, 1, 52, 2, 24.0, 7, 14.81009287969055
8, 108.0, 0, 50, 3, 27.0, 6, 15.01014053822102
8, 109.0, 0, 49, 1, 31.0, 5, 14.960181675457397
8, 110.0, 1, 50, 1, 29.0, 5, 15.284893905976917
8, 111.0, 0, 49, 1, 34.0, 5, 17.098731681838434
8, 112.0, 1, 46, 3, 35.0, 6, 16.583869684870464
8, 113.0, 1, 46, 2, 40.0, 5, 16.52586613346141
8, 114.0, 0, 45, 2, 41.0, 5, 16.922738256285193
8, 115.0, 0, 45, 1, 45.0, 5, 18.078873623990496
8, 116.0, 1, 49, 0, 49.0, 5, 17.617714828029705
8, 117.0, 0, 50, 0, 54.0, 7, 18.72458401838402
8, 118.0, 1, 51, 1, 58.0, 7, 17.91604608971185
8, 119.0, 0, 50, 2, 62.0, 6, 17.103902545190863
8, 120.0, 0, 51, 1, 70.0, 6, 16.735838374454733
8, 121.0, 0, 52, 2, 77.0, 5, 17.441244383255203
8, 122.0, 0, 54, 1, 82.0, 5, 18.704675225265266
8, 123.0, 0, 56, 1, 87.0, 5, 20.20171518963273
8, 124.0, 1, 56, 1, 90.0, 5, 19.413638067786394
8, 125.0, 1, 57, 0, 83.0, 5, 19.697899844562453
8, 126.0, 0, 55, 2, 87.0, 5, 18.92588879019161
8, 127.0, 0, 56, 0, 92.0, 5, 19.572983888914766
8, 128.0, 1, 55, 2, 78.0, 6, 20.052198429917716
8, 129.0, 0, 56, 2, 81.0, 7, 19.833415565399996
8, 130.0, 0, 56, 1, 87.0, 7, 20.59108104650123
8, 131.0, 0, 55, 2, 93.0, 6, 19.98632400692126
8, 132.0, 0, 54, 2, 91.0, 6, 21.451914625632714
8, 133.0, 1, 53, 1, 89.0, 6, 21.407800549918644
8, 134.0, 0, 55, 0, 95.0, 6, 21.272445804303
8, 135.0, 0, 58, 0, 103.0, 6, 22.73430222318214
8, 136.0, 1, 59, 0, 108.0, 6, 23.06592808862348
8, 137.0, 0, 59, 0, 117.0, 7, 23.561095334302816
8, 138.0, 0, 58, 2, 123.0, 6, 22.001643162993336
8, 139.0, 1, 57, 2, 129.0, 5, 21.140030116859958
8, 140.0, 0, 57, 2, 135.0, 5, 19.860051618186752
8, 141.0, 0, 59, 1, 144.0, 5, 20.730775066919847
8, 142.0, 0, 60, 0, 153.0, 5, 23.051859501934796
8, 143.0, 0, 60, 1, 164.0, 5, 23.168729932342966
8, 144.0, 0, 58, 2, 162.0, 5, 22.457640101783785
8, 145.0, 0, 59, 0, 164.0, 5, 22.23104981344243
8, 146.0, 1, 58, 2, 152.0, 5, 20.352771225626405
8, 147.0, 1, 58, 1, 157.0, 4, 19.854670163194374
8, 148.0, 1, 56, 2, 161.0, 4, 20.527347417017157
8, 149.0, 0, 56, 1, 169.0, 4, 19.57161261520424
8, 150.0, 0, 55, 2, 177.0, 4, 18.66534714796725
8, 151.0, 1, 55, 3, 186.0, 4, 18.43441719024783
8, 152.0, 1, 53, 2, 198.0, 4, 18.225274520139433
8, 153.0, 0, 53, 1, 209.0, 4, 19.236471885163727
8, 154.0, 0, 54, 0, 218.0, 4, 21.460193026877537
8, 155.0, 0, 53, 3, 231.0, 3, 22.844779520988432
8, 156.0, 0, 55, 0, 222.0, 3, 22.20170091283663
8, 157.0, 1, 52, 3, 213.0, 3, 20.29967691954851
8, 158.0, 0, 52, 2, 216.0, 2, 18.73669583820987
8, 159.0, 1, 53, 1, 103.0, 2, 19.96764048668827
8, 160.0, 1, 53, 1, 67.0, 2, 18.94177977345271
8, 161.0, 1, 53, 0, 68.0, 2, 18.304783304881074
8, 162.0, 0, 53, 1, 73.0, 2, 16.583091025005693
8, 163.0, 1, 51, 3, 77.0, 3, 15.744680961787099
8, 164.0, 1, 53, 0, 86.0, 3, 16.396842442151964
8, 165.0, 1, 49, 4, 93.0, 3, 17.181296275747375
8, 166.0, 0, 51, 1, 97.0, 3, 16.55256492981811
8, 167.0, 1, 50, 1, 105.0, 3, 16.39514641527234
8, 168.0, 1, 52, 1, 111.0, 3, 16.899247080291925
8, 169.0, 1, 53, 0, 113.0, 3, 16.581317354872823
8, 170.0, 0, 54, 0, 115.0, 3, 16.420634988066716
8, 171.0, 0, 55, 1, 43.0, 2, 17.10622433477726
8, 172.0, 1, 55, 2, 47.0, 2, 17.170295985499653
8, 173.0, 1, 57, 1, 52.0, 2, 17.172018665160792
8, 174.0, 1, 57, 3, 39.0, 2, 17.125074726244037
8, 175.0, 0, 58, 3, 8.0, 1, 16.829764803862048
8, 176.0, 1, 58, 1, 10.0, 1, 14.589724333517111
8, 177.0, 0, 56, 2, 14.0, 1, 13.440341483546097
8, 178.0, 0, 57, 1, 18.0, 1, 12.028949111594894
8, 179.0, 1, 57, 0, 23.0, 2, 12.243438463105939
8, 180.0, 1, 55, 2, 29.0, 2, 13.075257608020031
8, 181.0, 1, 55, 1, 24.0, 2, 13.308837012646004
8, 182.0, 1, 54, 2, 22.0, 2, 14.732756487516802
8, 183.0, 1, 54, 0, 26.0, 2, 15.16894669408311
8, 184.0, 0, 52, 2, 23.0, 4, 14.981296949840262
8, 185.0, 0, 53, 1, 25.0, 4, 15.00814386346279
8, 186.0, 0, 54, 3, 21.0, 4, 16.635089352750786
8, 187.0, 1, 56, 0, 21.0, 5, 19.10318315104932
8, 188.0, 1, 56, 1, 24.0, 5, 20.991066003959038
8, 189.0, 0, 55, 3, 28.0, 5, 20.491262789696936
8, 190.0, 0, 54, 3, 33.0, 5, 21.204764871947503
8, 191.0, 0, 56, 0, 37.0, 5, 21.63306984232003
8, 192.0, 1, 57, 1, 42.0, 5, 19.99044012647349
8, 193.0, 0, 59, 1, 47.0, 5, 18.88135382047361
8, 194.0, 1, 56, 3, 44.0, 5, 19.25505338419199
8, 195.0, 1, 56, 2, 24.0, 5, 17.614113407708253
8, 196.0, 0, 56, 1, 19.0, 5, 16.325371327162877
8, 197.0, 1, 56, 0, 13.0, 5, 14.348049400215203
8, 198.0, 1, 57, 1, 12.0, 5, 12.939594980105428
8, 199.0, 1, 57, 1, 12.0, 5, 13.600290244582654
8, 200.0, 0, 55, 3, 9.0, 5, 14.366353952846488
8, 201.0, 0, 54, 1, 11.0, 4, 13.37397997891977
8, 202.0, 0, 53, 1, 15.0, 4, 14.25843676736264
8, 203.0, 0, 51, 2, 20.0, 4, 14.750894176372437
8, 204.0, 1, 50, 1, 5.0, 4, 13.417778651917791
8, 205.0, 0, 49, 1, 5.0, 5, 13.03513463835678
8, 206.0, 1, 48, 1, 6.0, 5, 13.997755295872246
8, 207.0, 1, 47, 1, 7.0, 5, 14.138328028941027
8, 208.0, 0, 46, 1, 9.0, 5, 13.217387882402436
8, 209.0, 1, 43, 3, 12.0, 5, 13.908621740165769
8, 210.0, 0, 43, 0, 13.0, 5, 14.136810168695424
8, 211.0, 1, 38, 5, 16.0, 4, 12.440492878306896
8, 212.0, 0, 38, 0, 12.0, 4, 12.131513695906161
8, 213.0, 0, 32, 6, 16.0, 2, 12.558329322252709
8, 214.0, 0, 31, 1, 21.0, 2, 12.720885000967542
8, 215.0, 1, 30, 1, 23.0, 2, 10.762564167917953
8, 216.0, 0, 30, 0, 22.0, 2, 9.201798169800037
8, 217.0, 1, 28, 2, 21.0, 2, 9.056716783822559
8, 218.0, 1, 28, 0, 24.0, 2, 7.403539353405868
8, 219.0, 0, 27, 1, 24.0, 2, 7.24369513232669
8, 220.0, 0, 24, 3, 7.0, 2, 6.269909843856906
8, 221.0, 1, 23, 1, 8.0, 2, 4.750296797975384
8, 222.0, 1, 21, 2, 9.0, 2, 4.007486417363546
8, 223.0, 1, 21, 0, 10.0, 2, 3.0638663560322676
8, 224.0, 0, 20, 1, 0.0, 2, 2.671309524926908
8, 225.0, 0, 18, 2, 0.0, 1, 2.2889122918424034
8, 226.0, 0, 17, 1, 0.0, 1, 2.190205123133979
8, 227.0, 1, 14, 3, 0.0, 1, 2.745540968596228
8, 228.0, 0, 14, 0, 0.0, 1, 2.580152124023427
8, 229.0, 1, 12, 2, 0.0, 1, 2.0788282498879527
8, 230.0, 1, 11, 1, 0.0, 1, 1.7608128288999536
8, 231.0, 1, 10, 1, 0.0, 1, 0.9879494958931057
8, 232.0, 0, 9, 1, 0.0, 1, 0.7056594412489998
8, 233.0, 1, 8, 1, 0.0, 1, 0.42267841755900726
8, 234.0, 1, 6, 2, 0.0, 1, 0.34233168776161804
8, 235.0, 1, 6, 0, 0.0, 1, 0.22395424521570462
8, 236.0, 0, 6, 0, 0.0, 1, 0.33866321374369335
8, 237.0, 0, 4, 2, 0.0, 1, 0.261161939401644
8, 238.0, 0, 4, 0, 0.0, 1, 0.22191620139356694
8, 239.0, 1, 3, 1, 0.0, 1, 0.18203343529972216
8, 240.0, 0, 3, 0, 0.0, 1, 0.07584545471873305
8, 241.0, 0, 3, 0, 0.0, 1, 0.20576532111843093
8, 242.0, 0, 2, 1, 0.0, 1, 0.15973320216236608
8, 243.0, 1, 2, 0, 0.0, 1, 0.15375341194472902
8, 244.0, 0, 1, 1, 0.0, 1, 0.01757195793245714
8, 245.0, 0, 1, 0, 0.0, 1, 0.08201374477065215
8, 246.0, 1, 1, 0, 0.0, 1, 0.0670450750200473
8, 247.0, 0, 1, 0, 0.0, 1, 0.10660784629520492
8, 248.0, 0, 1, 0, 0.0, 1, 0.10490605843749634
8, 249.0, 1, 0, 1, 0, 0, 0
9, 1.0, 0, 2, 0, 0.0, 0, 0.0
9, 2.0, 0, 3, 0, 0.0, 0, 1.0814256854756554
9, 3.0, 1, 5, 0, 0.0, 0, 1.2559462905827157
9, 4.0, 1, 7, 0, 0.0, 0, 1.2603760180273869
9, 5.0, 0, 9, 0, 0.0, 0, 1.356365191048412
9, 6.0, 1, 9, 0, 0.0, 0, 1.2083235416804996
9, 7.0, 0, 10, 0, 0.0, 0, 1.0113279673831101
9, 8.0, 1, 11, 0, 0.0, 0, 1.129802691208996
9, 9.0, 0, 12, 0, 0.0, 0, 1.3450565739990277
9, 10.0, 1, 15, 0, 0.0, 0, 1.756942660829886
9, 11.0, 0, 16, 0, 0.0, 0, 2.7246850029921044
9, 12.0, 1, 18, 0, 0.0, 0, 2.825911265122943
9, 13.0, 1, 18, 0, 0.0, 0, 2.740759309696973
9, 14.0, 0, 20, 0, 0.0, 0, 2.672644292912292
9, 15.0, 0, 22, 0, 0.0, 0, 3.65935988079943
9, 16.0, 1, 23, 0, 0.0, 1, 4.806772273471228
9, 17.0, 1, 23, 0, 0.0, 1, 5.436532298189976
9, 18.0, 1, 25, 0, 2.0, 1, 5.9114507392623965
9, 19.0, 0, 25, 0, 1.0, 1, 7.76007937488752
9, 20.0, 0, 27, 0, 2.0, 1, 8.597638975436166
9, 21.0, 0, 27, 0, 5.0, 1, 10.074564389862768
9, 22.0, 1, 28, 0, 4.0, 1, 10.021379920380797
9, 23.0, 1, 30, 0, 6.0, 1, 11.318855440696627
9, 24.0, 1, 31, 0, 9.0, 1, 12.319778219268319
9, 25.0, 0, 33, 0, 11.0, 2, 13.099894679442105
9, 26.0, 1, 36, 0, 16.0, 3, 13.203221825243027
9, 27.0, 1, 38, 0, 22.0, 3, 13.947521614333127
9, 28.0, 1, 40, 0, 20.0, 3, 15.227901732489618
9, 29.0, 0, 41, 0, 19.0, 4, 16.76126704288511
9, 30.0, 0, 41, 0, 24.0, 4, 16.233489171927253
9, 31.0, 1, 46, 0, 31.0, 4, 14.236460717767278
9, 32.0, 0, 47, 1, 35.0, 4, 14.893515442398947
9, 33.0, 0, 46, 1, 22.0, 4, 15.60416026730731
9, 34.0, 0, 47, 0, 29.0, 4, 15.47120323142426
9, 35.0, 1, 48, 0, 29.0, 4, 13.705805095661193
9, 36.0, 0, 49, 0, 20.0, 5, 14.123621007200487
9, 37.0, 0, 50, 0, 18.0, 5, 14.786575767974389
9, 38.0, 0, 51, 0, 15.0, 5, 15.13484394054409
9, 39.0, 0, 51, 2, 21.0, 4, 16.15619530020375
9, 40.0, 1, 54, 1, 16.0, 4, 14.76562451510534
9, 41.0, 1, 53, 1, 18.0, 4, 14.994033866686754
9, 42.0, 1, 55, 0, 21.0, 4, 16.634890234459853
9, 43.0, 0, 58, 0, 0.0, 4, 15.048101589793301
9, 44.0, 1, 60, 0, 1.0, 5, 13.566364915228409
9, 45.0, 0, 60, 0, 0.0, 5, 14.033383880956123
9, 46.0, 1, 58, 3, 0.0, 5, 14.225558153219408
9, 47.0, 0, 60, 2, 1.0, 6, 13.381343611307999
9, 48.0, 0, 58, 2, 5.0, 5, 15.048265265066796
9, 49.0, 1, 57, 1, 1.0, 5, 13.930971136363295
9, 50.0, 0, 59, 0, 2.0, 6, 11.670642685543305
9, 51.0, 0, 61, 1, 5.0, 6, 12.974104995617926
9, 52.0, 0, 60, 2, 8.0, 6, 13.204610772956945
9, 53.0, 1, 60, 1, 8.0, 8, 13.466756173703518
9, 54.0, 0, 57, 5, 8.0, 8, 12.987028554502688
9, 55.0, 1, 54, 3, 10.0, 9, 15.217854168146793
9, 56.0, 0, 56, 0, 15.0, 9, 14.813387225410079
9, 57.0, 1, 55, 2, 20.0, 9, 15.767256843019647
9, 58.0, 1, 52, 3, 25.0, 8, 16.076879353633146
9, 59.0, 0, 50, 3, 34.0, 9, 15.016614807295987
9, 60.0, 0, 49, 2, 43.0, 9, 16.092812555670577
9, 61.0, 0, 48, 3, 53.0, 8, 17.49577971835834
9, 62.0, 0, 50, 1, 63.0, 8, 18.597946348845504
9, 63.0, 0, 51, 0, 75.0, 8, 20.712958744430264
9, 64.0, 1, 52, 1, 81.0, 8, 20.397537441034814
9, 65.0, 0, 51, 1, 90.0, 9, 21.22406359034051
9, 66.0, 0, 52, 1, 103.0, 9, 21.772382109062576
9, 67.0, 0, 50, 2, 108.0, 9, 23.683754637458815
9, 68.0, 1, 50, 1, 78.0, 9, 22.17302833632605
9, 69.0, 0, 47, 3, 80.0, 9, 21.470967902979524
9, 70.0, 0, 47, 0, 76.0, 9, 21.36322241056502
9, 71.0, 0, 47, 1, 88.0, 8, 20.5968297479187
9, 72.0, 0, 47, 2, 92.0, 7, 20.79141585176454
9, 73.0, 1, 49, 0, 93.0, 7, 19.513992012088313
9, 74.0, 1, 48, 1, 53.0, 7, 20.116100221019686
9, 75.0, 0, 50, 1, 62.0, 10, 22.101684895275596
9, 76.0, 1, 53, 0, 66.0, 11, 21.523203420374053
9, 77.0, 1, 54, 0, 76.0, 11, 22.028631897765464
9, 78.0, 0, 54, 0, 58.0, 11, 22.401816408328767
9, 79.0, 0, 54, 1, 66.0, 11, 21.36236154608094
9, 80.0, 0, 54, 1, 79.0, 10, 21.503616464624372
9, 81.0, 0, 53, 2, 93.0, 10, 21.218285708617422
9, 82.0, 0, 55, 1, 61.0, 10, 20.42858732122744
9, 83.0, 1, 55, 1, 54.0, 10, 19.32353801250947
9, 84.0, 1, 54, 1, 41.0, 9, 17.84855816502259
9, 85.0, 1, 55, 2, 46.0, 9, 17.125543920878414
9, 86.0, 1, 54, 1, 51.0, 8, 17.20111508672517
9, 87.0, 1, 54, 0, 58.0, 8, 16.706417623589584
9, 88.0, 1, 56, 0, 67.0, 8, 16.957203632347895
9, 89.0, 0, 54, 2, 56.0, 8, 16.732104106649214
9, 90.0, 1, 54, 2, 62.0, 7, 16.384732730973397
9, 91.0, 1, 55, 1, 68.0, 7, 18.167454418742498
9, 92.0, 1, 54, 2, 74.0, 7, 18.81968948104914
9, 93.0, 1, 53, 2, 80.0, 6, 20.385650136576086
9, 94.0, 1, 55, 0, 93.0, 6, 20.730404279793394
9, 95.0, 0, 51, 4, 106.0, 6, 22.122629229058454
9, 96.0, 0, 52, 0, 118.0, 7, 22.059434340554944
9, 97.0, 1, 53, 0, 119.0, 8, 22.248631978000844
9, 98.0, 1, 53, 2, 120.0, 8, 21.652820867909142
9, 99.0, 1, 52, 4, 133.0, 7, 22.615453562021273
9, 100.0, 0, 51, 3, 136.0, 6, 23.28082098624231
9, 101.0, 1, 51, 1, 149.0, 6, 22.65280582583217
9, 102.0, 0, 51, 1, 158.0, 6, 22.41918379305638
9, 103.0, 1, 55, 0, 153.0, 7, 22.892840950229225
9, 104.0, 1, 54, 2, 160.0, 7, 23.63154915043888
9, 105.0, 0, 54, 1, 168.0, 7, 23.397223681086583
9, 106.0, 1, 53, 2, 182.0, 6, 22.877691686856696
9, 107.0, 1, 53, 0, 194.0, 6, 22.78244838206033
9, 108.0, 0, 54, 0, 184.0, 6, 22.29495992276875
9, 109.0, 0, 54, 0, 196.0, 6, 22.40365355055171
9, 110.0, 1, 55, 1, 191.0, 7, 23.290430328961243
9, 111.0, 1, 55, 0, 198.0, 7, 24.61286182220475
9, 112.0, 0, 55, 0, 185.0, 7, 25.91717742243384
9, 113.0, 0, 55, 2, 178.0, 7, 25.403036998188934
9, 114.0, 1, 55, 1, 181.0, 6, 25.635904147689885
9, 115.0, 0, 56, 0, 191.0, 6, 26.35442839653404
9, 116.0, 1, 58, 2, 200.0, 6, 26.956793660806873
9, 117.0, 1, 58, 1, 213.0, 5, 25.26893052593183
9, 118.0, 0, 59, 1, 217.0, 5, 24.739679127129335
9, 119.0, 0, 59, 1, 228.0, 5, 22.90122945366179
9, 120.0, 1, 61, 0, 228.0, 5, 21.34892189615968
9, 121.0, 0, 61, 3, 237.0, 5, 21.34150298961276
9, 122.0, 0, 64, 0, 246.0, 5, 22.61157959252513
9, 123.0, 0, 64, 3, 258.0, 4, 22.486126905507454
9, 124.0, 1, 64, 1, 245.0, 4, 21.364163949726798
9, 125.0, 1, 63, 2, 252.0, 4, 19.61364626176403
9, 126.0, 0, 63, 0, 260.0, 5, 20.557666361344044
9, 127.0, 1, 64, 0, 268.0, 6, 19.288318854419114
9, 128.0, 1, 61, 4, 277.0, 5, 19.318416849793252
9, 129.0, 1, 63, 1, 282.0, 5, 19.713370016939358
9, 130.0, 1, 62, 2, 291.0, 5, 20.04587548455693
9, 131.0, 0, 61, 2, 148.0, 5, 19.975530990749295
9, 132.0, 0, 62, 0, 152.0, 5, 19.84635576921588
9, 133.0, 1, 61, 1, 156.0, 6, 20.25204035953359
9, 134.0, 1, 59, 4, 162.0, 5, 20.90062954889072
9, 135.0, 0, 62, 0, 169.0, 6, 20.90213501800452
9, 136.0, 1, 61, 2, 174.0, 7, 19.66925525145684
9, 137.0, 0, 61, 0, 177.0, 7, 20.47131042505309
9, 138.0, 1, 62, 1, 116.0, 7, 19.694531585898876
9, 139.0, 1, 61, 1, 121.0, 7, 19.452235135490362
9, 140.0, 0, 60, 3, 122.0, 8, 19.63014731418106
9, 141.0, 0, 63, 0, 129.0, 8, 19.958205497542714
9, 142.0, 0, 63, 1, 138.0, 8, 21.646766479677545
9, 143.0, 1, 60, 4, 145.0, 8, 21.765039543102912
9, 144.0, 1, 60, 0, 153.0, 8, 21.338413799955728
9, 145.0, 0, 58, 3, 138.0, 7, 20.56392508102678
9, 146.0, 1, 56, 3, 136.0, 7, 19.03694495662776
9, 147.0, 1, 57, 0, 142.0, 7, 20.411164802142682
9, 148.0, 0, 56, 1, 150.0, 7, 19.104365959128458
9, 149.0, 1, 54, 3, 156.0, 6, 18.105652273298574
9, 150.0, 1, 54, 1, 165.0, 5, 18.03663612168623
9, 151.0, 0, 54, 3, 171.0, 6, 19.187873184840456
9, 152.0, 1, 50, 4, 180.0, 6, 18.28519387659154
9, 153.0, 0, 49, 2, 129.0, 7, 18.651092109270454
9, 154.0, 0, 50, 0, 102.0, 7, 19.211800637372896
9, 155.0, 0, 51, 1, 100.0, 7, 19.75777388845389
9, 156.0, 1, 52, 1, 104.0, 7, 18.651194347027925
9, 157.0, 0, 50, 2, 109.0, 7, 16.14479510306834
9, 158.0, 0, 52, 0, 115.0, 7, 14.770216670665471
9, 159.0, 1, 53, 1, 104.0, 7, 14.66406159344265
9, 160.0, 0, 53, 1, 109.0, 7, 13.873738751745677
9, 161.0, 1, 51, 2, 105.0, 7, 13.24386859762554
9, 162.0, 0, 50, 2, 94.0, 7, 13.207770509654047
9, 163.0, 0, 50, 1, 97.0, 7, 12.663154227971384
9, 164.0, 1, 50, 2, 98.0, 8, 11.613308100938234
9, 165.0, 1, 49, 1, 102.0, 8, 11.138040844358319
9, 166.0, 0, 49, 3, 102.0, 8, 9.92442594465945
9, 167.0, 1, 47, 2, 105.0, 9, 11.006540541509574
9, 168.0, 0, 50, 0, 24.0, 11, 11.087686242419924
9, 169.0, 0, 51, 0, 27.0, 11, 11.247840455988849
9, 170.0, 0, 51, 1, 31.0, 10, 11.91123106533689
9, 171.0, 1, 53, 1, 0.0, 10, 10.223765786755465
9, 172.0, 0, 50, 4, 0.0, 11, 11.943117715309985
9, 173.0, 0, 50, 3, 4.0, 10, 11.418691344719996
9, 174.0, 1, 51, 2, 2.0, 10, 11.611867548820479
9, 175.0, 1, 54, 1, 3.0, 10, 10.057236209982761
9, 176.0, 1, 55, 0, 4.0, 10, 9.336592660763966
9, 177.0, 1, 55, 0, 5.0, 10, 8.869450150129527
9, 178.0, 1, 54, 3, 6.0, 9, 8.272078557993078
9, 179.0, 1, 51, 3, 7.0, 8, 9.341901678787512
9, 180.0, 1, 50, 1, 10.0, 8, 9.985241984759387
9, 181.0, 0, 49, 2, 0.0, 7, 9.192745704232795
9, 182.0, 0, 47, 3, 0.0, 6, 9.430281071175127
9, 183.0, 0, 47, 0, 1.0, 6, 9.31790934978747
9, 184.0, 0, 45, 2, 3.0, 4, 9.488724316872874
9, 185.0, 0, 46, 0, 5.0, 4, 9.813420881316022
9, 186.0, 0, 48, 3, 7.0, 3, 10.082421113004026
9, 187.0, 0, 49, 1, 11.0, 3, 13.079248296408363
9, 188.0, 0, 47, 3, 16.0, 3, 15.17241728772244
9, 189.0, 0, 48, 0, 22.0, 3, 15.748902990893427
9, 190.0, 1, 50, 1, 3.0, 4, 13.807073802164945
9, 191.0, 0, 50, 2, 0.0, 3, 13.14230042328582
9, 192.0, 0, 51, 0, 2.0, 3, 14.543096454054648
9, 193.0, 1, 50, 4, 5.0, 3, 12.431005681432387
9, 194.0, 1, 51, 0, 9.0, 3, 11.93738646283645
9, 195.0, 0, 50, 3, 4.0, 4, 11.76957287430233
9, 196.0, 1, 51, 0, 0.0, 4, 9.649577619928632
9, 197.0, 1, 51, 0, 0.0, 4, 8.531853457864258
9, 198.0, 0, 52, 1, 0.0, 5, 8.998331339897334
9, 199.0, 0, 52, 1, 2.0, 5, 9.481628582615087
9, 200.0, 1, 51, 2, 0.0, 4, 8.803007435876156
9, 201.0, 1, 48, 3, 0.0, 4, 9.308783785394114
9, 202.0, 1, 48, 0, 0.0, 4, 9.320323950357187
9, 203.0, 1, 47, 1, 2.0, 4, 9.050481064242007
9, 204.0, 0, 44, 3, 3.0, 4, 8.455341187217435
9, 205.0, 0, 43, 1, 3.0, 4, 8.616718005863438
9, 206.0, 1, 43, 0, 4.0, 7, 10.69813668916493
9, 207.0, 0, 39, 4, 6.0, 6, 9.581802210511935
9, 208.0, 1, 38, 1, 7.0, 6, 9.219668279467347
9, 209.0, 0, 36, 2, 11.0, 7, 10.088012854818276
9, 210.0, 0, 36, 0, 15.0, 7, 10.824382950339345
9, 211.0, 0, 33, 3, 18.0, 6, 11.124309700621017
9, 212.0, 0, 29, 4, 24.0, 5, 12.295382191908658
9, 213.0, 1, 28, 1, 20.0, 5, 12.348362091504306
9, 214.0, 0, 27, 1, 23.0, 5, 12.190944467416605
9, 215.0, 1, 26, 1, 27.0, 5, 11.222240184525234
9, 216.0, 1, 26, 0, 33.0, 5, 11.125065704773027
9, 217.0, 0, 26, 0, 39.0, 5, 10.282636944731536
9, 218.0, 1, 26, 0, 35.0, 5, 9.057277848266597
9, 219.0, 1, 26, 0, 26.0, 5, 7.523926855726604
9, 220.0, 1, 23, 3, 12.0, 5, 7.206017194203825
9, 221.0, 1, 19, 4, 3.0, 4, 5.8581590640925985
9, 222.0, 0, 19, 0, 0.0, 4, 5.112127553526065
9, 223.0, 1, 19, 0, 0.0, 4, 3.8352761978254146
9, 224.0, 1, 18, 1, 0.0, 3, 2.6695080648887872
9, 225.0, 1, 18, 0, 0.0, 3, 1.8947313149498708
9, 226.0, 0, 17, 1, 0.0, 2, 1.4521789506077791
9, 227.0, 1, 16, 1, 0.0, 2, 1.2589699886170562
9, 228.0, 1, 15, 1, 0.0, 2, 1.260855584545542
9, 229.0, 1, 15, 0, 0.0, 2, 1.0195856037885127
9, 230.0, 1, 14, 1, 0.0, 2, 1.183008822123087
9, 231.0, 1, 12, 2, 0.0, 0, 0.824568410624499
9, 232.0, 0, 11, 1, 0.0, 0, 0.5815354697481965
9, 233.0, 1, 9, 2, 0.0, 0, 0.6554115141002352
9, 234.0, 0, 8, 1, 0.0, 0, 0.6346175929690521
9, 235.0, 0, 7, 1, 0.0, 0, 0.46472370239936645
9, 236.0, 0, 7, 0, 0.0, 0, 0.45291046896928044
9, 237.0, 0, 7, 0, 0.0, 0, 0.46354847899255347
9, 238.0, 1, 3, 4, 0.0, 0, 0.34819612535722655
9, 239.0, 1, 2, 1, 0.0, 0, 0.15720468814543764
9, 240.0, 0, 1, 1, 0.0, 0, 0.09666346767763834
9, 241.0, 1, 0, 1, 0, 0, 0
10, 1.0, 1, 2, 0, 0.0, 0, 0.0
10, 2.0, 0, 3, 0, 0.0, 0, 1.0814256854756554
10, 3.0, 0, 5, 0, 0.0, 0, 1.2317430816274335
10, 4.0, 0, 7, 0, 0.0, 0, 1.2562929516962287
10, 5.0, 0, 9, 0, 0.0, 0, 1.3267641311373821
10, 6.0, 1, 9, 0, 0.0, 0, 1.2111458088704232
10, 7.0, 1, 10, 0, 0.0, 0, 0.8241869857907528
10, 8.0, 0, 11, 0, 0.0, 0, 1.1261125852745222
10, 9.0, 1, 12, 0, 0.0, 0, 1.687215381166026
10, 10.0, 0, 15, 0, 0.0, 0, 1.9984311271370045
10, 11.0, 0, 16, 0, 0.0, 0, 3.051668518032976
10, 12.0, 0, 18, 0, 0.0, 0, 3.0745148177594843
10, 13.0, 1, 18, 0, 0.0, 0, 2.7731082644397405
10, 14.0, 1, 20, 0, 0.0, 0, 2.346129819968059
10, 15.0, 1, 22, 0, 0.0, 0, 2.9277335033508063
10, 16.0, 1, 23, 0, 0.0, 0, 4.477786107023791
10, 17.0, 0, 23, 0, 0.0, 0, 4.3833755301559725
10, 18.0, 1, 25, 0, 0.0, 0, 3.9976455840280427
10, 19.0, 0, 25, 0, 1.0, 0, 5.082464748785472
10, 20.0, 1, 27, 0, 3.0, 1, 5.129634596238548
10, 21.0, 0, 28, 0, 0.0, 2, 6.811066485048777
10, 22.0, 1, 28, 0, 0.0, 3, 7.3666471477767015
10, 23.0, 1, 30, 0, 2.0, 3, 7.131171018112816
10, 24.0, 1, 31, 0, 2.0, 3, 7.8179579045277485
10, 25.0, 1, 33, 0, 4.0, 3, 8.587496158886694
10, 26.0, 0, 36, 0, 1.0, 4, 10.48072970724518
10, 27.0, 1, 38, 0, 3.0, 4, 10.451521482059524
10, 28.0, 0, 40, 0, 5.0, 6, 11.695262191952748
10, 29.0, 1, 41, 0, 3.0, 6, 11.933336906755805
10, 30.0, 1, 41, 0, 3.0, 6, 11.525388881324545
10, 31.0, 1, 44, 2, 4.0, 6, 8.801504968033173
10, 32.0, 0, 46, 0, 5.0, 6, 9.743449592334349
10, 33.0, 1, 45, 1, 7.0, 6, 10.427101667368575
10, 34.0, 0, 46, 0, 10.0, 6, 10.088246246067168
10, 35.0, 1, 46, 1, 8.0, 6, 8.711765016693438
10, 36.0, 1, 46, 1, 9.0, 6, 7.72075814556065
10, 37.0, 0, 45, 2, 0.0, 5, 8.367151430122188
10, 38.0, 1, 46, 0, 0.0, 6, 9.382638913161495
10, 39.0, 1, 48, 0, 1.0, 6, 9.043184772702515
10, 40.0, 0, 51, 1, 0.0, 6, 10.567761391623774
10, 41.0, 1, 48, 3, 0.0, 5, 10.830785846373619
10, 42.0, 0, 49, 1, 0.0, 6, 9.916554981608463
10, 43.0, 1, 51, 1, 0.0, 5, 10.344718100799254
10, 44.0, 1, 53, 0, 0.0, 5, 10.37719445729247
10, 45.0, 0, 51, 2, 1.0, 7, 11.029982361041005
10, 46.0, 1, 51, 1, 0.0, 6, 9.091114642812848
10, 47.0, 1, 53, 1, 0.0, 6, 8.59729566961616
10, 48.0, 1, 53, 1, 0.0, 6, 11.03277251515393
10, 49.0, 0, 53, 0, 2.0, 7, 10.695398480123943
10, 50.0, 1, 53, 2, 2.0, 7, 8.938550670498707
10, 51.0, 0, 52, 4, 3.0, 8, 10.313726699163803
10, 52.0, 1, 52, 1, 4.0, 9, 11.408487620979654
10, 53.0, 0, 52, 1, 5.0, 10, 11.006102531762723
10, 54.0, 0, 51, 3, 9.0, 9, 11.807307831062682
10, 55.0, 0, 48, 3, 13.0, 9, 14.802933642885664
10, 56.0, 0, 50, 0, 18.0, 9, 14.826546714378173
10, 57.0, 0, 49, 2, 11.0, 7, 16.172877023929523
10, 58.0, 1, 48, 1, 7.0, 8, 15.991959270746545
10, 59.0, 0, 48, 1, 9.0, 7, 15.44897944871396
10, 60.0, 0, 46, 3, 10.0, 7, 16.287176020174293
10, 61.0, 0, 47, 1, 15.0, 7, 17.095767922116348
10, 62.0, 0, 48, 2, 21.0, 7, 16.83307081087172
10, 63.0, 0, 48, 1, 28.0, 6, 17.648401048196263
10, 64.0, 1, 50, 0, 28.0, 6, 16.478952503915497
10, 65.0, 0, 49, 1, 30.0, 8, 16.647132505413303
10, 66.0, 0, 49, 2, 20.0, 7, 15.490487809393692
10, 67.0, 0, 49, 0, 24.0, 7, 16.15621096881803
10, 68.0, 1, 49, 1, 13.0, 7, 14.229343057124748
10, 69.0, 0, 49, 0, 15.0, 10, 14.130153827679957
10, 70.0, 1, 48, 1, 17.0, 10, 12.75117560559178
10, 71.0, 1, 48, 1, 19.0, 10, 11.607647891012782
10, 72.0, 0, 49, 1, 21.0, 10, 10.05964043296784
10, 73.0, 1, 49, 2, 7.0, 9, 9.505412454751406
10, 74.0, 1, 48, 1, 10.0, 8, 10.989945288117003
10, 75.0, 1, 49, 2, 13.0, 8, 11.293302551907606
10, 76.0, 0, 52, 0, 16.0, 9, 12.393766636871508
10, 77.0, 1, 53, 0, 16.0, 9, 12.141624179434192
10, 78.0, 1, 50, 3, 20.0, 9, 11.432932037312138
10, 79.0, 0, 51, 0, 26.0, 9, 11.774398065465311
10, 80.0, 0, 50, 2, 33.0, 9, 11.854138533626054
10, 81.0, 1, 49, 2, 40.0, 9, 12.412280210189447
10, 82.0, 0, 51, 1, 47.0, 10, 12.596401649312984
10, 83.0, 1, 49, 3, 54.0, 9, 12.123168074248596
10, 84.0, 0, 46, 3, 45.0, 8, 12.725354456357607
10, 85.0, 0, 47, 2, 44.0, 7, 13.130178112724229
10, 86.0, 0, 45, 2, 25.0, 5, 12.548931936513219
10, 87.0, 1, 45, 0, 15.0, 5, 10.549231276745564
10, 88.0, 0, 45, 2, 16.0, 6, 10.659803926421946
10, 89.0, 1, 41, 4, 17.0, 5, 10.353158086676084
10, 90.0, 0, 41, 2, 18.0, 6, 9.168338163605448
10, 91.0, 1, 43, 0, 19.0, 6, 8.81230663307773
10, 92.0, 1, 43, 1, 21.0, 6, 8.787509581553135
10, 93.0, 1, 44, 0, 23.0, 6, 8.629536655526936
10, 94.0, 0, 45, 1, 26.0, 7, 8.889603644793663
10, 95.0, 1, 44, 1, 27.0, 8, 8.607853102075072
10, 96.0, 0, 45, 0, 29.0, 10, 7.887542750648671
10, 97.0, 0, 44, 2, 31.0, 9, 9.218025770494565
10, 98.0, 0, 46, 0, 9.0, 9, 9.407522175729671
10, 99.0, 1, 49, 0, 0.0, 9, 9.128639096054105
10, 100.0, 0, 50, 1, 0.0, 10, 9.254967947936262
10, 101.0, 0, 48, 3, 1.0, 10, 9.690604962083702
10, 102.0, 1, 45, 4, 3.0, 9, 10.270264310096243
10, 103.0, 0, 46, 3, 3.0, 10, 10.943125882699517
10, 104.0, 1, 46, 1, 2.0, 12, 11.855925703379324
10, 105.0, 0, 45, 1, 3.0, 12, 11.987341224863005
10, 106.0, 1, 46, 1, 0.0, 12, 10.91112274811474
10, 107.0, 0, 43, 3, 0.0, 12, 10.012692378765209
10, 108.0, 1, 42, 2, 1.0, 10, 9.101818498324747
10, 109.0, 0, 41, 1, 2.0, 10, 9.045228232585478
10, 110.0, 0, 40, 3, 3.0, 8, 9.128225821341074
10, 111.0, 1, 40, 0, 5.0, 9, 9.264713872412914
10, 112.0, 0, 40, 0, 5.0, 9, 8.413788976019346
10, 113.0, 0, 41, 1, 6.0, 9, 8.112624464979891
10, 114.0, 0, 42, 0, 8.0, 9, 11.492724079545278
10, 115.0, 0, 42, 1, 11.0, 9, 11.482319634664979
10, 116.0, 0, 45, 1, 15.0, 8, 10.804291686352387
10, 117.0, 0, 45, 1, 16.0, 7, 10.972087143308789
10, 118.0, 1, 46, 1, 11.0, 6, 9.603538226510874
10, 119.0, 1, 44, 3, 12.0, 4, 9.36383941791697
10, 120.0, 0, 44, 2, 13.0, 3, 9.4826466249406
10, 121.0, 1, 46, 1, 2.0, 3, 8.82882308467873
10, 122.0, 1, 48, 1, 4.0, 3, 9.101842911398757
10, 123.0, 1, 51, 0, 6.0, 3, 9.61127390553236
10, 124.0, 0, 51, 1, 4.0, 5, 9.981466875863198
10, 125.0, 1, 49, 2, 5.0, 5, 9.578031941441012
10, 126.0, 1, 47, 3, 7.0, 5, 8.826827702223005
10, 127.0, 1, 47, 1, 9.0, 5, 10.258929372985493
10, 128.0, 0, 48, 0, 11.0, 6, 10.699289790102949
10, 129.0, 1, 50, 1, 14.0, 6, 11.062729035070989
10, 130.0, 0, 47, 3, 7.0, 6, 12.445291632440933
10, 131.0, 1, 48, 1, 7.0, 6, 11.481606512876807
10, 132.0, 0, 49, 0, 8.0, 6, 11.215279840383614
10, 133.0, 1, 47, 2, 0.0, 6, 10.97966605652804
10, 134.0, 0, 47, 2, 1.0, 7, 11.955782516316846
10, 135.0, 0, 48, 2, 4.0, 7, 12.466258306792138
10, 136.0, 1, 48, 0, 2.0, 7, 14.895715093021874
10, 137.0, 1, 49, 0, 5.0, 7, 14.532829808644696
10, 138.0, 0, 51, 0, 9.0, 8, 15.086716980515734
10, 139.0, 0, 48, 3, 9.0, 6, 14.729102272617553
10, 140.0, 0, 49, 1, 11.0, 6, 14.519429944016961
10, 141.0, 1, 52, 0, 12.0, 7, 15.326828359969667
10, 142.0, 1, 53, 0, 16.0, 7, 16.36775489857218
10, 143.0, 1, 52, 2, 11.0, 7, 16.634667316586025
10, 144.0, 1, 52, 0, 15.0, 7, 15.99453579590035
10, 145.0, 0, 50, 3, 16.0, 7, 14.839088081450539
10, 146.0, 0, 49, 2, 21.0, 6, 15.382551872529794
10, 147.0, 1, 48, 2, 16.0, 5, 12.855645001071844
10, 148.0, 0, 46, 2, 17.0, 4, 12.095349413963163
10, 149.0, 0, 46, 1, 21.0, 4, 11.536524215443393
10, 150.0, 1, 46, 1, 20.0, 4, 10.770704638611472
10, 151.0, 0, 47, 2, 16.0, 6, 11.728191730612735
10, 152.0, 1, 46, 1, 18.0, 7, 11.38162425194616
10, 153.0, 0, 45, 2, 21.0, 7, 10.489994636119382
10, 154.0, 0, 46, 0, 22.0, 7, 11.168698781342794
10, 155.0, 0, 47, 1, 26.0, 7, 11.317596390822462
10, 156.0, 0, 47, 2, 30.0, 7, 12.147284101207989
10, 157.0, 1, 46, 1, 35.0, 8, 13.058223903431802
10, 158.0, 1, 47, 1, 11.0, 7, 11.965621717911702
10, 159.0, 0, 48, 1, 11.0, 7, 12.452713092141869
10, 160.0, 0, 47, 2, 13.0, 7, 12.806280613259448
10, 161.0, 1, 44, 3, 16.0, 7, 10.79936493490882
10, 162.0, 0, 43, 2, 19.0, 7, 11.02180017597718
10, 163.0, 1, 43, 1, 24.0, 8, 11.24527120353585
10, 164.0, 1, 43, 2, 30.0, 8, 12.497884029944444
10, 165.0, 1, 42, 1, 25.0, 8, 13.796016228265557
10, 166.0, 0, 42, 3, 17.0, 8, 12.79196047539873
10, 167.0, 1, 41, 1, 0.0, 8, 11.11326624841558
10, 168.0, 0, 44, 0, 0.0, 9, 11.198502689448501
10, 169.0, 0, 45, 0, 0.0, 9, 11.35306343103705
10, 170.0, 0, 44, 2, 3.0, 9, 11.418467107237802
10, 171.0, 0, 45, 1, 6.0, 9, 12.51485389489817
10, 172.0, 0, 47, 0, 10.0, 9, 12.841210381369299
10, 173.0, 1, 49, 1, 0.0, 9, 11.170553919684124
10, 174.0, 0, 49, 3, 0.0, 7, 9.627163446516555
10, 175.0, 1, 52, 1, 2.0, 7, 9.490420411918773
10, 176.0, 1, 52, 1, 4.0, 6, 9.519777599663362
10, 177.0, 1, 51, 1, 6.0, 6, 8.81869342129182
10, 178.0, 0, 53, 0, 8.0, 6, 7.498362680646224
10, 179.0, 0, 53, 0, 0.0, 6, 7.961258860358566
10, 180.0, 0, 52, 1, 0.0, 5, 7.681415590983617
10, 181.0, 0, 52, 1, 0.0, 5, 6.95871939626625
10, 182.0, 1, 51, 2, 0.0, 4, 6.565909043243708
10, 183.0, 1, 49, 2, 0.0, 3, 7.742335584164247
10, 184.0, 0, 46, 3, 2.0, 6, 8.899330833659288
10, 185.0, 1, 47, 1, 4.0, 7, 9.276044683907077
10, 186.0, 1, 51, 0, 4.0, 7, 12.068177831774838
10, 187.0, 1, 49, 3, 6.0, 6, 16.270329513327646
10, 188.0, 1, 51, 1, 4.0, 6, 15.924778139550748
10, 189.0, 0, 51, 1, 0.0, 6, 13.95472714440163
10, 190.0, 0, 50, 3, 0.0, 6, 12.625695713995713
10, 191.0, 0, 49, 3, 1.0, 5, 12.427175369999063
10, 192.0, 0, 50, 1, 4.0, 5, 11.270481802985135
10, 193.0, 0, 52, 1, 6.0, 5, 11.504914722202715
10, 194.0, 0, 52, 0, 9.0, 5, 11.747933056510881
10, 195.0, 1, 52, 2, 0.0, 5, 9.347875622969106
10, 196.0, 0, 53, 0, 0.0, 5, 9.103395553058933
10, 197.0, 1, 50, 3, 0.0, 5, 7.382328994232739
10, 198.0, 0, 52, 0, 0.0, 6, 8.115994438316676
10, 199.0, 1, 49, 4, 0.0, 6, 7.9996700609000735
10, 200.0, 1, 48, 2, 1.0, 5, 8.639977347629468
10, 201.0, 0, 48, 0, 0.0, 5, 9.004573246348896
10, 202.0, 1, 46, 2, 0.0, 4, 7.396917157329442
10, 203.0, 0, 42, 4, 0.0, 6, 9.522318822136125
10, 204.0, 0, 39, 3, 1.0, 6, 10.380077236861975
10, 205.0, 1, 38, 1, 0.0, 6, 8.741010699060812
10, 206.0, 0, 38, 0, 0.0, 7, 9.238518105855167
10, 207.0, 1, 37, 1, 0.0, 7, 9.937951669634295
10, 208.0, 1, 37, 0, 1.0, 7, 11.478907030118933
10, 209.0, 1, 35, 2, 3.0, 7, 11.653277812213569
10, 210.0, 0, 34, 1, 3.0, 6, 10.715747872926073
10, 211.0, 1, 33, 1, 5.0, 6, 9.66017060630858
10, 212.0, 1, 32, 1, 9.0, 6, 9.266591592979674
10, 213.0, 1, 29, 3, 13.0, 5, 9.75166430135155
10, 214.0, 1, 28, 1, 17.0, 5, 8.401772384282877
10, 215.0, 1, 27, 1, 21.0, 5, 8.044316274029265
10, 216.0, 0, 26, 1, 13.0, 5, 7.8551706749863595
10, 217.0, 1, 25, 1, 9.0, 5, 6.772479421121121
10, 218.0, 0, 25, 0, 2.0, 5, 5.741839645110632
10, 219.0, 1, 22, 3, 5.0, 4, 4.774372755994332
10, 220.0, 0, 22, 0, 0.0, 4, 4.149089587645877
10, 221.0, 1, 20, 2, 0.0, 3, 3.563693738304407
10, 222.0, 0, 19, 1, 0.0, 3, 3.313345518627551
10, 223.0, 0, 18, 1, 0.0, 3, 2.8995493384253583
10, 224.0, 0, 15, 3, 0.0, 3, 2.5406585763502463
10, 225.0, 0, 14, 1, 0.0, 2, 1.7313821383777412
10, 226.0, 0, 12, 2, 0.0, 2, 1.2067578977080102
10, 227.0, 0, 10, 2, 0.0, 1, 0.5862064472807442
10, 228.0, 0, 9, 1, 0.0, 1, 0.5500550402581794
10, 229.0, 1, 8, 1, 0.0, 1, 0.485370557749901
10, 230.0, 1, 7, 1, 0.0, 1, 0.39045934795188275
10, 231.0, 1, 6, 1, 0.0, 1, 0.313372531022285
10, 232.0, 0, 6, 0, 0.0, 1, 0.3850446232203364
10, 233.0, 1, 6, 0, 0.0, 1, 0.4585961389942277
10, 234.0, 0, 5, 1, 0.0, 0, 0.25304809764746317
10, 235.0, 0, 4, 1, 0.0, 0, 0.2782908352406608
10, 236.0, 0, 4, 0, 0.0, 0, 0.16884547187451915
10, 237.0, 0, 4, 0, 0.0, 0, 0.10806244936381582
10, 238.0, 1, 4, 0, 0.0, 0, 0.21895706311546448
10, 239.0, 1, 4, 0, 0.0, 0, 0.12454649570636533
10, 240.0, 0, 4, 0, 0.0, 0, 0.27882776172719126
10, 241.0, 1, 4, 0, 0.0, 0, 0.1861089747847231
10, 242.0, 1, 2, 2, 0.0, 0, 0.17140097400129406
10, 243.0, 0, 1, 1, 0.0, 0, 0.03617699008855979
10, 244.0, 0, 1, 0, 0.0, 0, 0.03417600296274159
10, 245.0, 1, 1, 0, 0.0, 0, 0.07294983640609232
10, 246.0, 1, 1, 0, 0.0, 0, 0.03272177999137327
10, 247.0, 0, 0, 1, 0, 0, 0
11, 1.0, 1, 2, 0, 0.0, 0, 0.0
11, 2.0, 0, 3, 0, 0.0, 0, 1.0814256854756554
11, 3.0, 0, 5, 0, 0.0, 0, 1.2317430816274335
11, 4.0, 0, 7, 0, 0.0, 0, 1.2562929516962287
11, 5.0, 0, 9, 0, 0.0, 0, 1.3267641311373821
11, 6.0, 0, 9, 0, 0.0, 0, 1.2111458088704232
11, 7.0, 0, 10, 0, 0.0, 0, 0.8241869857907528
11, 8.0, 0, 11, 0, 0.0, 0, 1.1261125852745222
11, 9.0, 1, 12, 0, 0.0, 0, 1.687215381166026
11, 10.0, 1, 15, 0, 0.0, 0, 1.9984311271370045
11, 11.0, 1, 16, 0, 0.0, 0, 3.051668518032976
11, 12.0, 1, 18, 0, 0.0, 0, 3.1203151034774934
11, 13.0, 1, 18, 0, 0.0, 0, 2.760582915664262
11, 14.0, 0, 20, 0, 0.0, 0, 2.423847624308272
11, 15.0, 1, 22, 0, 0.0, 1, 3.3471441445281234
11, 16.0, 0, 23, 0, 0.0, 1, 4.1310315228270476
11, 17.0, 1, 23, 0, 0.0, 1, 4.49106073592989
11, 18.0, 1, 25, 0, 0.0, 1, 3.929056970395752
11, 19.0, 1, 25, 0, 0.0, 1, 5.469806812853241
11, 20.0, 0, 27, 0, 2.0, 3, 6.511422659698011
11, 21.0, 1, 27, 0, 0.0, 4, 7.13691384609225
11, 22.0, 1, 28, 0, 0.0, 4, 6.7748519000958884
11, 23.0, 0, 30, 0, 1.0, 4, 8.623596750986756
11, 24.0, 0, 31, 0, 2.0, 4, 9.366598143106483
11, 25.0, 1, 33, 0, 3.0, 5, 8.39672019253444
11, 26.0, 1, 36, 0, 4.0, 5, 8.562407888635743
11, 27.0, 0, 38, 0, 5.0, 5, 9.422670637332791
11, 28.0, 0, 40, 0, 6.0, 5, 10.073060628953504
11, 29.0, 1, 41, 0, 0.0, 5, 9.557907014273514
11, 30.0, 0, 41, 0, 0.0, 7, 9.376659913779749
11, 31.0, 0, 45, 1, 1.0, 7, 8.179120167005095
11, 32.0, 1, 46, 1, 0.0, 7, 7.740702852602631
11, 33.0, 1, 45, 1, 0.0, 7, 7.5828111912009755
11, 34.0, 0, 46, 0, 0.0, 7, 8.21191824927236
11, 35.0, 0, 47, 0, 0.0, 7, 8.216726523109198
11, 36.0, 1, 46, 2, 1.0, 6, 7.33444942878054
11, 37.0, 1, 45, 2, 2.0, 5, 7.37482947265505
11, 38.0, 0, 45, 1, 0.0, 4, 7.656490131002072
11, 39.0, 0, 46, 1, 0.0, 4, 8.996015529208753
11, 40.0, 0, 49, 1, 1.0, 4, 10.118392040515102
11, 41.0, 0, 49, 0, 3.0, 4, 12.075554576472799
11, 42.0, 1, 50, 1, 0.0, 4, 11.411626293665806
11, 43.0, 0, 52, 1, 0.0, 6, 11.882756255542656
11, 44.0, 1, 54, 0, 0.0, 6, 11.911718405685487
11, 45.0, 0, 52, 2, 0.0, 6, 11.750247488993022
11, 46.0, 1, 52, 1, 1.0, 6, 10.251400787124684
11, 47.0, 0, 52, 4, 2.0, 4, 9.621500577712904
11, 48.0, 0, 51, 1, 0.0, 4, 10.980535157228337
11, 49.0, 0, 50, 1, 0.0, 4, 10.581448702154002
11, 50.0, 1, 51, 1, 0.0, 4, 9.780628010330425
11, 51.0, 0, 53, 1, 0.0, 5, 9.621728852075098
11, 52.0, 1, 54, 0, 0.0, 5, 10.138756012515598
11, 53.0, 0, 52, 3, 0.0, 4, 9.991615411618673
11, 54.0, 0, 51, 3, 2.0, 4, 9.718984811332302
11, 55.0, 1, 50, 1, 2.0, 4, 11.559888893121805
11, 56.0, 0, 49, 3, 4.0, 3, 9.973966106015812
11, 57.0, 0, 49, 1, 6.0, 3, 11.580561789309343
11, 58.0, 0, 48, 1, 8.0, 3, 11.993835973186364
11, 59.0, 0, 48, 1, 12.0, 3, 12.073686985155422
11, 60.0, 1, 46, 3, 9.0, 3, 12.063744111966777
11, 61.0, 0, 48, 0, 13.0, 4, 11.949596863805464
11, 62.0, 1, 49, 2, 15.0, 3, 12.573874760446735
11, 63.0, 0, 48, 2, 18.0, 4, 15.048705276272857
11, 64.0, 1, 50, 0, 21.0, 4, 14.789172052357339
11, 65.0, 1, 50, 0, 18.0, 4, 14.644789505693508
11, 66.0, 1, 49, 3, 17.0, 4, 13.533642260156254
11, 67.0, 0, 47, 2, 5.0, 4, 14.035964540353035
11, 68.0, 1, 47, 1, 8.0, 4, 12.794727561202443
11, 69.0, 0, 45, 2, 9.0, 7, 12.608165471596994
11, 70.0, 1, 44, 1, 7.0, 7, 10.860532704354457
11, 71.0, 1, 44, 1, 9.0, 7, 10.463370794950318
11, 72.0, 1, 44, 2, 12.0, 7, 10.46160164053321
11, 73.0, 0, 46, 0, 16.0, 7, 11.591627956275028
11, 74.0, 0, 46, 0, 22.0, 7, 12.95321461853827
11, 75.0, 0, 49, 0, 29.0, 7, 13.95897584791668
11, 76.0, 1, 49, 3, 31.0, 7, 13.27706575161843
11, 77.0, 0, 47, 3, 6.0, 7, 13.679866104467092
11, 78.0, 1, 47, 0, 9.0, 7, 13.432915432402387
11, 79.0, 1, 46, 2, 12.0, 6, 11.667871448673715
11, 80.0, 0, 44, 3, 9.0, 7, 10.71160652499574
11, 81.0, 0, 44, 1, 10.0, 7, 9.992792484664912
11, 82.0, 0, 46, 1, 1.0, 7, 9.424870169701654
11, 83.0, 1, 45, 2, 0.0, 6, 8.819943993910302
11, 84.0, 1, 45, 0, 1.0, 6, 8.796192814569904
11, 85.0, 1, 46, 2, 3.0, 6, 7.997517978215988
11, 86.0, 1, 46, 0, 5.0, 6, 7.576348189468306
11, 87.0, 1, 44, 2, 3.0, 6, 7.827963349834646
11, 88.0, 1, 45, 1, 4.0, 6, 8.993590689895587
11, 89.0, 0, 44, 1, 5.0, 6, 9.769285960788341
11, 90.0, 1, 46, 0, 8.0, 6, 10.476916296340997
11, 91.0, 0, 47, 1, 12.0, 8, 12.914705523945125
11, 92.0, 0, 45, 3, 19.0, 8, 13.297530481213936
11, 93.0, 0, 44, 2, 28.0, 7, 14.048032819211278
11, 94.0, 1, 44, 2, 17.0, 6, 13.436966816441224
11, 95.0, 0, 42, 2, 18.0, 5, 12.22118378489275
11, 96.0, 0, 41, 2, 19.0, 5, 11.95660082366508
11, 97.0, 0, 42, 0, 22.0, 5, 12.877569041206424
11, 98.0, 1, 43, 1, 25.0, 4, 11.822615163543267
11, 99.0, 0, 45, 1, 18.0, 4, 11.810409149671049
11, 100.0, 0, 44, 3, 21.0, 3, 11.980466875996983
11, 101.0, 1, 45, 0, 24.0, 3, 10.075080283315131
11, 102.0, 1, 44, 2, 17.0, 2, 11.190299098042237
11, 103.0, 0, 48, 0, 18.0, 2, 11.514035756898878
11, 104.0, 0, 48, 1, 0.0, 2, 12.646013283426221
11, 105.0, 0, 48, 0, 1.0, 2, 12.841954569701516
11, 106.0, 0, 50, 0, 2.0, 2, 11.612188120247525
11, 107.0, 1, 49, 1, 0.0, 2, 10.265766808192923
11, 108.0, 1, 47, 3, 0.0, 2, 7.942336850290693
11, 109.0, 0, 47, 0, 0.0, 3, 9.631238940235525
11, 110.0, 0, 48, 1, 0.0, 3, 8.62525255272384
11, 111.0, 1, 45, 3, 1.0, 3, 9.077835371536212
11, 112.0, 1, 45, 0, 1.0, 3, 9.250889257016716
11, 113.0, 0, 46, 1, 0.0, 5, 9.588575677539842
11, 114.0, 0, 43, 4, 3.0, 4, 11.889206807656075
11, 115.0, 1, 42, 2, 1.0, 5, 11.7737035268859
11, 116.0, 0, 44, 2, 3.0, 7, 11.802297287402157
11, 117.0, 1, 45, 0, 4.0, 7, 12.295278082174809
11, 118.0, 1, 47, 0, 8.0, 7, 12.239788572985182
11, 119.0, 0, 45, 3, 11.0, 7, 11.643964992633284
11, 120.0, 1, 47, 0, 13.0, 7, 11.37260652481589
11, 121.0, 0, 49, 1, 7.0, 7, 10.855946305790873
11, 122.0, 0, 49, 3, 0.0, 7, 10.902727640212877
11, 123.0, 0, 49, 3, 1.0, 7, 11.63285987496713
11, 124.0, 0, 49, 1, 3.0, 7, 12.228536071478192
11, 125.0, 1, 48, 1, 0.0, 7, 11.73059251484348
11, 126.0, 1, 49, 0, 0.0, 7, 11.635762318634752
11, 127.0, 1, 48, 2, 0.0, 6, 12.50354766271111
11, 128.0, 1, 48, 1, 2.0, 6, 12.327495070814837
11, 129.0, 0, 49, 2, 6.0, 8, 13.328923305014303
11, 130.0, 0, 49, 1, 5.0, 8, 15.548411299894795
11, 131.0, 1, 49, 1, 9.0, 9, 15.675960337496404
11, 132.0, 1, 48, 2, 13.0, 8, 15.590480512679822
11, 133.0, 1, 48, 0, 17.0, 8, 17.372818552263666
11, 134.0, 0, 50, 0, 19.0, 9, 18.194443340634976
11, 135.0, 0, 52, 1, 18.0, 9, 19.002708565252252
11, 136.0, 1, 53, 0, 21.0, 10, 19.806425145038595
11, 137.0, 1, 53, 0, 26.0, 10, 20.52057209443908
11, 138.0, 0, 51, 4, 28.0, 8, 21.31884127883255
11, 139.0, 0, 51, 0, 34.0, 8, 22.280995191364664
11, 140.0, 0, 52, 1, 12.0, 8, 22.1270668576517
11, 141.0, 0, 53, 2, 20.0, 6, 21.940560177127416
11, 142.0, 0, 54, 0, 25.0, 6, 22.751169413707785
11, 143.0, 0, 54, 1, 27.0, 6, 22.905093339108976
11, 144.0, 0, 54, 0, 34.0, 6, 21.9989242824752
11, 145.0, 1, 55, 0, 17.0, 6, 19.940544889629777
11, 146.0, 1, 54, 2, 15.0, 6, 19.38595594090562
11, 147.0, 0, 53, 2, 11.0, 6, 20.454878185828434
11, 148.0, 1, 52, 1, 12.0, 6, 18.6321737668745
11, 149.0, 0, 52, 1, 15.0, 7, 19.51131842341442
11, 150.0, 0, 51, 2, 23.0, 6, 18.284849560712303
11, 151.0, 1, 54, 0, 29.0, 7, 17.273772872634243
11, 152.0, 1, 53, 1, 38.0, 7, 17.700096605879796
11, 153.0, 0, 51, 3, 45.0, 6, 17.320651584045116
11, 154.0, 1, 52, 0, 55.0, 6, 18.100157664740912
11, 155.0, 1, 53, 1, 65.0, 6, 19.32314476787733
11, 156.0, 1, 53, 2, 76.0, 6, 20.36260210614088
11, 157.0, 0, 53, 0, 81.0, 6, 18.964045597500533
11, 158.0, 0, 53, 2, 93.0, 6, 17.72559347012614
11, 159.0, 0, 54, 1, 71.0, 6, 17.64336709241281
11, 160.0, 0, 53, 2, 35.0, 5, 17.03796484454884
11, 161.0, 0, 51, 2, 21.0, 5, 15.6642872932335
11, 162.0, 1, 50, 2, 22.0, 5, 14.374998068690225
11, 163.0, 1, 49, 2, 24.0, 5, 13.94752875705034
11, 164.0, 1, 50, 1, 28.0, 5, 13.001857827087939
11, 165.0, 0, 50, 0, 28.0, 5, 12.407634587214567
11, 166.0, 1, 52, 1, 30.0, 5, 11.180420100674873
11, 167.0, 1, 48, 4, 34.0, 5, 11.70684232191902
11, 168.0, 0, 50, 1, 36.0, 4, 12.70058077523053
11, 169.0, 0, 51, 0, 39.0, 4, 12.121137254306392
11, 170.0, 1, 50, 2, 42.0, 4, 11.704569925986632
11, 171.0, 1, 50, 2, 23.0, 4, 11.122447591140899
11, 172.0, 1, 52, 0, 6.0, 4, 11.803365191808652
11, 173.0, 0, 54, 1, 0.0, 5, 13.86712539116407
11, 174.0, 1, 57, 0, 0.0, 5, 12.65173289833553
11, 175.0, 0, 59, 2, 0.0, 4, 10.476659353843228
11, 176.0, 0, 59, 1, 0.0, 4, 10.752691652182225
11, 177.0, 1, 54, 5, 0.0, 3, 8.929713563342144
11, 178.0, 1, 52, 4, 0.0, 3, 7.612638602073782
11, 179.0, 0, 52, 0, 0.0, 3, 8.283315672611074
11, 180.0, 0, 51, 1, 0.0, 3, 9.196886488326077
11, 181.0, 0, 52, 0, 0.0, 3, 10.496974020142396
11, 182.0, 1, 50, 3, 3.0, 4, 10.457034629198652
11, 183.0, 1, 49, 1, 7.0, 3, 11.133347888539063
11, 184.0, 1, 47, 2, 11.0, 3, 12.190691747358782
11, 185.0, 0, 49, 0, 8.0, 4, 13.02660437946469
11, 186.0, 1, 50, 3, 11.0, 5, 14.589208535757114
11, 187.0, 0, 52, 0, 15.0, 5, 17.860118621210997
11, 188.0, 1, 51, 2, 20.0, 5, 18.602894889868853
11, 189.0, 1, 50, 3, 25.0, 5, 18.16816647835335
11, 190.0, 1, 50, 2, 22.0, 5, 19.28780889867056
11, 191.0, 0, 49, 3, 20.0, 4, 19.732301857744577
11, 192.0, 0, 50, 1, 26.0, 4, 17.983140781362444
11, 193.0, 1, 53, 0, 22.0, 4, 15.891444579284741
11, 194.0, 0, 51, 2, 27.0, 4, 14.148879051563108
11, 195.0, 0, 51, 2, 33.0, 4, 13.60484405898259
11, 196.0, 0, 52, 0, 37.0, 4, 14.704507881624776
11, 197.0, 0, 52, 0, 27.0, 4, 16.018842787554576
11, 198.0, 1, 52, 2, 30.0, 4, 13.95201927633463
11, 199.0, 1, 53, 0, 13.0, 4, 13.848869555724818
11, 200.0, 1, 52, 2, 15.0, 3, 14.935757876299006
11, 201.0, 1, 50, 2, 18.0, 2, 14.260108449772408
11, 202.0, 0, 49, 1, 21.0, 2, 13.719116199815694
11, 203.0, 0, 48, 1, 24.0, 2, 14.515590041090189
11, 204.0, 1, 47, 1, 24.0, 3, 12.771102771075979
11, 205.0, 1, 47, 0, 28.0, 3, 12.854754885669502
11, 206.0, 0, 45, 2, 29.0, 5, 15.04380988311517
11, 207.0, 0, 43, 2, 33.0, 5, 15.78950566840136
11, 208.0, 1, 42, 1, 36.0, 4, 15.973747776235118
11, 209.0, 0, 40, 2, 23.0, 7, 14.629584419095767
11, 210.0, 1, 39, 1, 28.0, 7, 14.637716444877794
11, 211.0, 1, 39, 0, 26.0, 7, 13.693800514012914
11, 212.0, 0, 37, 2, 28.0, 7, 13.93918542995843
11, 213.0, 0, 35, 2, 32.0, 7, 14.120892936835295
11, 214.0, 1, 33, 2, 37.0, 7, 11.804339099941354
11, 215.0, 0, 32, 1, 38.0, 7, 11.597488441793091
11, 216.0, 0, 30, 2, 35.0, 7, 11.571718341101286
11, 217.0, 1, 29, 1, 38.0, 7, 9.893206124210767
11, 218.0, 1, 29, 0, 41.0, 7, 9.075095158611983
11, 219.0, 1, 28, 1, 44.0, 7, 8.3778899114826
11, 220.0, 0, 26, 2, 47.0, 7, 7.49723671564154
11, 221.0, 0, 25, 1, 50.0, 7, 6.52350642927124
11, 222.0, 0, 24, 1, 40.0, 7, 5.489927062379972
11, 223.0, 0, 23, 1, 42.0, 7, 4.632659486037545
11, 224.0, 1, 23, 0, 44.0, 7, 4.173022656155656
11, 225.0, 1, 20, 3, 46.0, 7, 3.7238982343112466
11, 226.0, 1, 15, 5, 48.0, 4, 3.2458380188304874
11, 227.0, 0, 15, 0, 36.0, 4, 3.119626067569314
11, 228.0, 1, 14, 1, 37.0, 4, 3.1110462876670844
11, 229.0, 1, 13, 1, 38.0, 4, 3.1551436571498472
11, 230.0, 0, 13, 0, 39.0, 4, 3.099170800343286
11, 231.0, 0, 10, 3, 40.0, 3, 2.813408062532167
11, 232.0, 0, 10, 0, 0.0, 3, 2.3642625440547604
11, 233.0, 1, 8, 2, 0.0, 2, 2.0078850441257394
11, 234.0, 0, 8, 0, 0.0, 2, 1.3782921092488394
11, 235.0, 1, 7, 1, 0.0, 2, 1.1170760474324855
11, 236.0, 1, 7, 0, 0.0, 2, 0.7307419209589661
11, 237.0, 0, 7, 0, 0.0, 2, 0.5653852374463497
11, 238.0, 0, 6, 1, 0.0, 2, 0.523850134778705
11, 239.0, 1, 6, 0, 0.0, 2, 0.39133286991999405
11, 240.0, 0, 6, 0, 0.0, 2, 0.44244819770261756
11, 241.0, 0, 5, 1, 0.0, 1, 0.49103970256884644
11, 242.0, 1, 4, 1, 0.0, 1, 0.49192861388687525
11, 243.0, 1, 3, 1, 0.0, 1, 0.30230385234792223
11, 244.0, 1, 2, 1, 0.0, 0, 0.0037225402236948923
11, 245.0, 0, 2, 0, 0.0, 0, 0.06733149412673356
11, 246.0, 0, 2, 0, 0.0, 0, 0.09648144312544815
11, 247.0, 0, 2, 0, 0.0, 0, 0.06678619894613647
11, 248.0, 0, 1, 1, 0.0, 0, 0.06208853044489615
11, 249.0, 1, 1, 0, 0.0, 0, 0.045779396486132384
11, 250.0, 0, 1, 0, 0.0, 0, 0.07950565404765797
11, 251.0, 0, 1, 0, 0.0, 0, 0.025702446136037338
11, 252.0, 0, 0, 1, 0, 0, 0
12, 1.0, 1, 2, 0, 0.0, 0, 0.0
12, 2.0, 0, 3, 0, 0.0, 0, 1.0814256854756554
12, 3.0, 0, 5, 0, 0.0, 0, 1.2317430816274335
12, 4.0, 0, 7, 0, 0.0, 0, 1.2562929516962287
12, 5.0, 0, 9, 0, 0.0, 0, 1.3267641311373821
12, 6.0, 0, 9, 0, 0.0, 0, 1.2111458088704232
12, 7.0, 0, 10, 0, 0.0, 0, 0.8241869857907528
12, 8.0, 1, 11, 0, 0.0, 0, 1.1261125852745222
12, 9.0, 1, 12, 0, 0.0, 0, 1.687215381166026
12, 10.0, 0, 15, 0, 0.0, 0, 1.9306770704687266
12, 11.0, 1, 16, 0, 0.0, 0, 3.021406472251262
12, 12.0, 1, 18, 0, 0.0, 0, 2.972695915565894
12, 13.0, 1, 18, 0, 0.0, 0, 2.7599324668458363
12, 14.0, 0, 20, 0, 0.0, 0, 2.4905617305431758
12, 15.0, 1, 22, 0, 0.0, 1, 3.243578261565085
12, 16.0, 1, 23, 0, 0.0, 1, 4.618964836093051
12, 17.0, 0, 23, 0, 0.0, 1, 4.507009424588667
12, 18.0, 1, 25, 0, 0.0, 1, 4.4584025878039
12, 19.0, 1, 25, 0, 1.0, 1, 5.685708477780093
12, 20.0, 1, 27, 0, 2.0, 1, 5.911442460808449
12, 21.0, 1, 28, 0, 0.0, 1, 7.644793724244937
12, 22.0, 1, 28, 0, 1.0, 1, 7.845754628987773
12, 23.0, 1, 30, 0, 3.0, 1, 7.378115517107616
12, 24.0, 1, 31, 0, 4.0, 1, 8.086888849491809
12, 25.0, 0, 33, 0, 0.0, 1, 8.393064995102167
12, 26.0, 1, 36, 0, 2.0, 1, 10.601944976736352
12, 27.0, 1, 38, 0, 6.0, 1, 12.57983925234626
12, 28.0, 1, 40, 0, 10.0, 1, 12.499250786166689
12, 29.0, 1, 41, 0, 12.0, 1, 13.456201691984514
12, 30.0, 1, 41, 0, 16.0, 1, 12.595262954311927
12, 31.0, 1, 45, 1, 20.0, 1, 11.299574302159135
12, 32.0, 0, 46, 1, 20.0, 1, 11.929068103908428
12, 33.0, 0, 45, 1, 22.0, 1, 11.478100666975408
12, 34.0, 0, 46, 0, 17.0, 1, 11.28107436961145
12, 35.0, 1, 46, 1, 19.0, 1, 10.0753343901947
12, 36.0, 0, 46, 1, 21.0, 4, 11.2374889412995
12, 37.0, 1, 46, 1, 12.0, 3, 11.59123045146313
12, 38.0, 0, 47, 0, 0.0, 4, 11.358610110620994
12, 39.0, 1, 48, 0, 0.0, 5, 12.13737458927897
12, 40.0, 0, 52, 1, 0.0, 5, 11.148588509622504
12, 41.0, 0, 52, 0, 0.0, 5, 13.618903331009646
12, 42.0, 1, 52, 2, 0.0, 6, 12.311057182298802
12, 43.0, 1, 55, 0, 1.0, 6, 11.552701446651913
12, 44.0, 1, 55, 1, 4.0, 6, 12.683229461222467
12, 45.0, 0, 53, 3, 5.0, 8, 14.219054359128407
12, 46.0, 1, 54, 0, 0.0, 8, 13.040462923321968
12, 47.0, 1, 55, 2, 0.0, 8, 12.151028655908174
12, 48.0, 1, 54, 2, 1.0, 8, 14.187963896256196
12, 49.0, 0, 54, 0, 2.0, 8, 13.643432492082615
12, 50.0, 1, 56, 0, 3.0, 8, 12.043901024774836
12, 51.0, 1, 55, 4, 3.0, 7, 11.629533273692601
12, 52.0, 0, 56, 0, 5.0, 8, 13.27007602954619
12, 53.0, 0, 55, 2, 7.0, 8, 13.937902189831876
12, 54.0, 0, 54, 3, 10.0, 6, 16.043413754221387
12, 55.0, 0, 50, 4, 14.0, 5, 18.174896741965572
12, 56.0, 0, 51, 1, 13.0, 5, 17.843607094905703
12, 57.0, 0, 51, 1, 19.0, 5, 18.3056025273344
12, 58.0, 1, 50, 1, 15.0, 4, 18.900431551149072
12, 59.0, 1, 50, 1, 16.0, 4, 18.868549814216493
12, 60.0, 0, 50, 1, 15.0, 3, 20.078390812726067
12, 61.0, 1, 50, 2, 20.0, 4, 19.353823308965378
12, 62.0, 0, 52, 1, 21.0, 4, 19.227541036365164
12, 63.0, 1, 50, 3, 27.0, 5, 20.684483850961065
12, 64.0, 0, 52, 0, 35.0, 5, 20.426507127374798
12, 65.0, 0, 51, 1, 46.0, 5, 21.109582978161612
12, 66.0, 1, 52, 1, 47.0, 5, 20.317849035796588
12, 67.0, 0, 50, 2, 41.0, 6, 20.159891228704918
12, 68.0, 0, 49, 2, 48.0, 6, 20.58432187530351
12, 69.0, 1, 49, 0, 41.0, 7, 19.479362815417755
12, 70.0, 0, 49, 0, 36.0, 8, 18.25446346711002
12, 71.0, 0, 50, 0, 42.0, 8, 18.85236675395998
12, 72.0, 1, 50, 1, 45.0, 8, 17.27512347688835
12, 73.0, 1, 53, 0, 50.0, 8, 17.51113982363457
12, 74.0, 0, 52, 1, 56.0, 8, 17.426344649811067
12, 75.0, 0, 53, 3, 63.0, 7, 17.35943172928809
12, 76.0, 1, 55, 0, 70.0, 8, 18.332612306721483
12, 77.0, 1, 56, 0, 78.0, 8, 18.035640854304592
12, 78.0, 1, 54, 2, 67.0, 8, 18.099056042361298
12, 79.0, 0, 55, 0, 72.0, 8, 17.70076500217835
12, 80.0, 1, 55, 1, 25.0, 8, 16.26156067446642
12, 81.0, 1, 53, 3, 30.0, 9, 16.652576267696386
12, 82.0, 1, 56, 0, 32.0, 9, 15.891909216096964
12, 83.0, 1, 54, 3, 28.0, 8, 15.759307979152638
12, 84.0, 1, 53, 1, 33.0, 8, 15.854530325901878
12, 85.0, 0, 52, 4, 4.0, 8, 14.581833055612492
12, 86.0, 1, 50, 2, 1.0, 8, 13.874566106922263
12, 87.0, 0, 49, 1, 1.0, 8, 13.152032694332124
12, 88.0, 0, 51, 0, 3.0, 8, 13.018925760483825
12, 89.0, 1, 48, 3, 3.0, 8, 13.460440493186201
12, 90.0, 1, 49, 1, 6.0, 8, 15.022370902076133
12, 91.0, 1, 50, 1, 8.0, 8, 16.350621457383248
12, 92.0, 1, 50, 1, 8.0, 8, 16.913950689248946
12, 93.0, 1, 49, 2, 15.0, 8, 16.871152567035626
12, 94.0, 0, 50, 1, 20.0, 7, 17.668974174004354
12, 95.0, 1, 49, 1, 23.0, 8, 18.238390353549065
12, 96.0, 1, 50, 0, 20.0, 8, 16.72368728752777
12, 97.0, 0, 48, 3, 18.0, 9, 17.394565885631703
12, 98.0, 1, 48, 2, 16.0, 10, 15.568775794382978
12, 99.0, 0, 50, 2, 20.0, 11, 16.179967449619152
12, 100.0, 0, 51, 0, 20.0, 11, 15.880967811600046
12, 101.0, 0, 51, 1, 16.0, 11, 15.967419987230913
12, 102.0, 1, 49, 2, 14.0, 10, 15.311263178897407
12, 103.0, 0, 51, 3, 6.0, 8, 14.675218710601287
12, 104.0, 0, 50, 1, 9.0, 7, 15.949722866081983
12, 105.0, 1, 52, 0, 9.0, 7, 13.235297440164361
12, 106.0, 1, 53, 0, 9.0, 7, 13.2413961941503
12, 107.0, 1, 52, 1, 11.0, 6, 12.062841464089011
12, 108.0, 1, 53, 0, 13.0, 6, 10.464455589522666
12, 109.0, 0, 51, 2, 15.0, 4, 11.622919890402626
12, 110.0, 0, 51, 2, 6.0, 4, 11.499178865232343
12, 111.0, 0, 50, 1, 9.0, 4, 12.79275332331003
12, 112.0, 1, 48, 2, 7.0, 5, 12.262118997599583
12, 113.0, 0, 50, 0, 10.0, 7, 12.103161089689602
12, 114.0, 0, 50, 1, 13.0, 7, 13.33324131130263
12, 115.0, 1, 49, 2, 11.0, 7, 12.585082769423492
12, 116.0, 1, 51, 2, 4.0, 7, 13.171683888573556
12, 117.0, 1, 50, 2, 7.0, 7, 14.482789813375952
12, 118.0, 1, 51, 1, 11.0, 7, 14.080778779157626
12, 119.0, 1, 49, 3, 10.0, 7, 13.655075086857494
12, 120.0, 0, 50, 1, 14.0, 6, 13.542290904556022
12, 121.0, 0, 49, 4, 18.0, 6, 13.375469543898397
12, 122.0, 1, 49, 3, 22.0, 5, 12.894104800517928
12, 123.0, 0, 51, 1, 26.0, 6, 13.707962115324415
12, 124.0, 1, 52, 0, 30.0, 6, 14.492734830061773
12, 125.0, 0, 53, 0, 36.0, 6, 15.367461240000912
12, 126.0, 1, 53, 0, 23.0, 6, 15.238005752662353
12, 127.0, 0, 53, 1, 27.0, 9, 16.226197867709534
12, 128.0, 1, 50, 4, 19.0, 8, 16.058206224927122
12, 129.0, 0, 52, 0, 24.0, 8, 18.78232265300416
12, 130.0, 0, 52, 2, 30.0, 7, 20.46054424111821
12, 131.0, 0, 51, 2, 39.0, 7, 21.014703946180518
12, 132.0, 0, 50, 2, 48.0, 6, 20.982867639196385
12, 133.0, 1, 48, 2, 43.0, 6, 21.172030739805788
12, 134.0, 0, 50, 0, 34.0, 8, 22.676622948107514
12, 135.0, 1, 53, 0, 43.0, 11, 26.13290012185474
12, 136.0, 1, 53, 1, 48.0, 11, 28.901408645553346
12, 137.0, 1, 52, 1, 58.0, 11, 27.691430055457698
12, 138.0, 1, 53, 1, 70.0, 11, 27.378627860662238
12, 139.0, 1, 53, 0, 84.0, 11, 25.74337375157086
12, 140.0, 1, 55, 0, 99.0, 11, 25.017842080880303
12, 141.0, 0, 57, 1, 89.0, 13, 27.016732634936872
12, 142.0, 1, 58, 0, 100.0, 13, 26.905681135731275
12, 143.0, 0, 59, 0, 107.0, 14, 26.971576505356083
12, 144.0, 0, 58, 1, 114.0, 14, 26.463393998122825
12, 145.0, 1, 59, 0, 112.0, 14, 23.28840885378578
12, 146.0, 1, 59, 1, 126.0, 13, 22.599903296391577
12, 147.0, 0, 60, 0, 120.0, 13, 22.401906517982106
12, 148.0, 1, 59, 1, 132.0, 13, 20.59997339891741
12, 149.0, 0, 58, 2, 129.0, 14, 19.743480994915814
12, 150.0, 0, 57, 2, 94.0, 14, 19.832233780724096
12, 151.0, 0, 60, 0, 65.0, 14, 19.361490921444272
12, 152.0, 0, 60, 0, 70.0, 14, 18.753684452207345
12, 153.0, 0, 59, 2, 77.0, 14, 18.05545024857524
12, 154.0, 1, 58, 2, 23.0, 13, 16.064274011139403
12, 155.0, 0, 58, 2, 27.0, 13, 14.83610220500345
12, 156.0, 1, 59, 1, 10.0, 14, 14.769833875295095
12, 157.0, 0, 58, 1, 7.0, 13, 13.644807783913253
12, 158.0, 1, 56, 4, 9.0, 13, 12.691704776040813
12, 159.0, 0, 57, 1, 2.0, 14, 12.254245653305542
12, 160.0, 1, 57, 1, 4.0, 14, 11.958500954208079
12, 161.0, 1, 53, 4, 1.0, 11, 10.609245481494469
12, 162.0, 1, 52, 2, 0.0, 11, 9.223333640615579
12, 163.0, 1, 50, 3, 0.0, 11, 8.582706977411139
12, 164.0, 1, 52, 0, 0.0, 11, 9.027349143936698
12, 165.0, 1, 51, 1, 1.0, 11, 10.265309057439444
12, 166.0, 1, 53, 1, 2.0, 11, 9.58589509636994
12, 167.0, 1, 49, 4, 4.0, 8, 8.934910845119585
12, 168.0, 1, 51, 1, 8.0, 8, 8.139209087863827
12, 169.0, 1, 50, 2, 13.0, 7, 10.47384749270948
12, 170.0, 1, 47, 4, 18.0, 7, 10.510778748286937
12, 171.0, 0, 47, 3, 4.0, 6, 11.236312981922602
12, 172.0, 1, 46, 2, 1.0, 5, 10.87583192720313
12, 173.0, 0, 48, 1, 2.0, 4, 11.37309954111954
12, 174.0, 0, 51, 0, 4.0, 4, 10.178349551885695
12, 175.0, 0, 53, 2, 6.0, 3, 9.72005413211225
12, 176.0, 1, 49, 4, 5.0, 3, 9.693932764122781
12, 177.0, 1, 48, 2, 6.0, 2, 8.178866665601445
12, 178.0, 0, 50, 0, 7.0, 2, 8.497483538758186
12, 179.0, 0, 49, 1, 9.0, 2, 9.12918266556779
12, 180.0, 1, 48, 1, 11.0, 2, 9.375022828171145
12, 181.0, 1, 47, 2, 14.0, 2, 8.949300318674407
12, 182.0, 0, 45, 3, 12.0, 2, 9.3199500522414
12, 183.0, 0, 44, 1, 15.0, 2, 10.902139925985294
12, 184.0, 0, 44, 0, 3.0, 2, 11.400977704347891
12, 185.0, 0, 46, 0, 6.0, 2, 12.702165444580316
12, 186.0, 1, 47, 3, 7.0, 3, 14.22140057398796
12, 187.0, 1, 46, 2, 4.0, 3, 18.274238365674467
12, 188.0, 1, 48, 1, 8.0, 3, 20.03832475931262
12, 189.0, 0, 48, 1, 12.0, 4, 22.243006048064704
12, 190.0, 0, 49, 1, 13.0, 4, 22.320716426218063
12, 191.0, 1, 50, 1, 14.0, 3, 21.166432450920556
12, 192.0, 0, 51, 1, 21.0, 3, 18.25520365386672
12, 193.0, 0, 53, 1, 28.0, 3, 17.197419937727773
12, 194.0, 1, 52, 1, 28.0, 3, 16.494558814785474
12, 195.0, 0, 52, 2, 34.0, 4, 13.795398863700013
12, 196.0, 0, 52, 1, 40.0, 4, 14.444820919367617
12, 197.0, 0, 52, 0, 38.0, 4, 13.859410951170462
12, 198.0, 0, 54, 0, 44.0, 4, 12.680754702794445
12, 199.0, 0, 54, 1, 40.0, 4, 13.416410360753089
12, 200.0, 0, 54, 1, 34.0, 4, 14.367336048714492
12, 201.0, 1, 54, 0, 19.0, 4, 14.711067063358648
12, 202.0, 1, 51, 3, 16.0, 4, 13.76699674173893
12, 203.0, 1, 51, 0, 19.0, 4, 14.754914995191701
12, 204.0, 0, 48, 3, 20.0, 5, 15.556782718360298
12, 205.0, 1, 47, 1, 3.0, 6, 13.939019499484418
12, 206.0, 0, 46, 1, 3.0, 8, 14.942280229613552
12, 207.0, 1, 43, 3, 5.0, 7, 13.932499122771425
12, 208.0, 0, 43, 0, 8.0, 8, 14.395889655169537
12, 209.0, 1, 42, 1, 12.0, 8, 13.250376702799665
12, 210.0, 1, 39, 3, 17.0, 8, 11.557844125258029
12, 211.0, 0, 38, 1, 21.0, 9, 11.057926815638426
12, 212.0, 0, 38, 0, 26.0, 9, 12.328809835877118
12, 213.0, 1, 36, 2, 22.0, 8, 11.503821551250104
12, 214.0, 1, 36, 0, 25.0, 8, 12.254149165890475
12, 215.0, 1, 35, 1, 29.0, 8, 12.900266141462108
12, 216.0, 1, 32, 3, 25.0, 8, 12.1314158470673
12, 217.0, 1, 30, 2, 31.0, 7, 11.3664875059496
12, 218.0, 1, 27, 3, 37.0, 7, 11.10515087202017
12, 219.0, 1, 27, 0, 38.0, 7, 10.606352642106549
12, 220.0, 0, 25, 2, 12.0, 6, 9.863620942417917
12, 221.0, 1, 23, 2, 11.0, 6, 9.161045339628023
12, 222.0, 1, 20, 3, 14.0, 6, 8.649160699982678
12, 223.0, 1, 17, 3, 17.0, 5, 7.591151029708086
12, 224.0, 0, 16, 1, 16.0, 4, 6.6017619504926035
12, 225.0, 1, 15, 1, 19.0, 4, 5.470732755752888
12, 226.0, 1, 14, 1, 22.0, 3, 4.657956303688784
12, 227.0, 0, 14, 0, 0.0, 3, 3.770931702720704
12, 228.0, 1, 13, 1, 0.0, 3, 3.050053319052081
12, 229.0, 1, 13, 0, 0.0, 3, 2.36126546488026
12, 230.0, 0, 13, 0, 0.0, 3, 2.4437892146178264
12, 231.0, 1, 13, 0, 0.0, 3, 1.8271170821814255
12, 232.0, 0, 13, 0, 0.0, 3, 1.4014157426071492
12, 233.0, 1, 11, 2, 0.0, 2, 0.740330173738803
12, 234.0, 0, 11, 0, 0.0, 2, 0.49952519066199663
12, 235.0, 1, 11, 0, 0.0, 2, 0.3479386114225651
12, 236.0, 0, 11, 0, 0.0, 2, 0.37771207081401137
12, 237.0, 0, 10, 1, 0.0, 2, 0.45044782805087813
12, 238.0, 0, 9, 1, 0.0, 1, 0.36091942627430207
12, 239.0, 0, 7, 2, 0.0, 1, 0.38853925892701113
12, 240.0, 0, 6, 1, 0.0, 1, 0.3535192944393266
12, 241.0, 0, 6, 0, 0.0, 1, 0.3077585204882194
12, 242.0, 1, 6, 0, 0.0, 1, 0.31861170309750264
12, 243.0, 1, 5, 1, 0.0, 1, 0.295074898353171
12, 244.0, 1, 5, 0, 0.0, 1, 0.37862629873059817
12, 245.0, 0, 3, 2, 0.0, 0, 0.07204774692672444
12, 246.0, 1, 3, 0, 0.0, 0, 0.15048235444169578
12, 247.0, 0, 2, 1, 0.0, 0, 0.0726830033300736
12, 248.0, 1, 0, 2, 0, 0, 0
13, 1.0, 1, 2, 0, 0.0, 0, 0.0
13, 2.0, 1, 3, 0, 0.0, 0, 1.0814256854756554
13, 3.0, 0, 5, 0, 0.0, 0, 1.2317430816274335
13, 4.0, 0, 7, 0, 0.0, 0, 1.2562929516962287
13, 5.0, 0, 9, 0, 0.0, 0, 1.3267641311373821
13, 6.0, 0, 9, 0, 0.0, 0, 1.2111458088704232
13, 7.0, 0, 10, 0, 0.0, 0, 0.8241869857907528
13, 8.0, 0, 11, 0, 0.0, 0, 1.1261125852745222
13, 9.0, 0, 12, 0, 0.0, 0, 1.687215381166026
13, 10.0, 1, 15, 0, 0.0, 0, 1.9984311271370045
13, 11.0, 1, 16, 0, 0.0, 0, 3.051668518032976
13, 12.0, 1, 18, 0, 0.0, 0, 3.094356470229287
13, 13.0, 1, 18, 0, 0.0, 0, 2.6665634959825644
13, 14.0, 1, 20, 0, 0.0, 0, 2.2013410233693165
13, 15.0, 0, 22, 0, 0.0, 2, 3.9005158936236692
13, 16.0, 1, 23, 0, 0.0, 4, 4.705248088601553
13, 17.0, 0, 23, 0, 0.0, 4, 4.228806829044523
13, 18.0, 1, 25, 0, 0.0, 4, 4.755121630038531
13, 19.0, 0, 25, 0, 1.0, 4, 6.290251345805355
13, 20.0, 0, 27, 0, 2.0, 4, 7.233544531141174
13, 21.0, 1, 27, 0, 3.0, 5, 7.295729805979001
13, 22.0, 1, 27, 0, 4.0, 5, 7.899034236280421
13, 23.0, 0, 30, 0, 6.0, 5, 8.717264195309344
13, 24.0, 0, 32, 0, 9.0, 5, 9.780418678624837
13, 25.0, 1, 33, 0, 9.0, 6, 11.405036490036316
13, 26.0, 1, 35, 0, 11.0, 6, 10.7162549153976
13, 27.0, 1, 38, 0, 10.0, 6, 10.358082490085259
13, 28.0, 0, 40, 0, 0.0, 7, 12.22498157265957
13, 29.0, 0, 41, 0, 2.0, 8, 13.07502694906658
13, 30.0, 0, 41, 0, 6.0, 8, 13.320857620763196
13, 31.0, 0, 46, 0, 12.0, 8, 13.10902190515983
13, 32.0, 1, 46, 1, 12.0, 7, 13.792579926730912
13, 33.0, 0, 45, 2, 12.0, 6, 12.297155929383896
13, 34.0, 0, 46, 0, 11.0, 6, 12.279294792193415
13, 35.0, 0, 47, 0, 13.0, 6, 12.115114425697085
13, 36.0, 0, 47, 1, 16.0, 6, 12.815802355233423
13, 37.0, 1, 47, 1, 8.0, 6, 11.686480162980468
13, 38.0, 1, 45, 3, 9.0, 5, 12.914192718213155
13, 39.0, 1, 47, 0, 1.0, 5, 13.234509191689003
13, 40.0, 0, 50, 1, 0.0, 5, 14.398019580259648
13, 41.0, 1, 50, 0, 2.0, 6, 15.163795555100574
13, 42.0, 1, 52, 0, 3.0, 6, 14.34808218540325
13, 43.0, 0, 54, 1, 0.0, 7, 14.035759422820375
13, 44.0, 0, 56, 0, 0.0, 7, 16.5652912132101
13, 45.0, 1, 54, 2, 1.0, 7, 15.298480173504492
13, 46.0, 0, 54, 1, 0.0, 8, 13.466213739264022
13, 47.0, 0, 56, 2, 1.0, 7, 12.325081658440588
13, 48.0, 1, 55, 1, 0.0, 7, 12.291350249318953
13, 49.0, 1, 55, 0, 0.0, 7, 11.130048636182954
13, 50.0, 1, 57, 0, 1.0, 7, 10.588786206422986
13, 51.0, 0, 58, 2, 1.0, 7, 11.021379809585659
13, 52.0, 0, 59, 0, 2.0, 7, 13.24605319925406
13, 53.0, 1, 59, 1, 3.0, 8, 12.749932236568226
13, 54.0, 0, 58, 3, 4.0, 7, 12.363061988959426
13, 55.0, 1, 54, 4, 7.0, 7, 14.223745084069312
13, 56.0, 0, 54, 2, 9.0, 8, 14.6007311249509
13, 57.0, 1, 53, 2, 12.0, 7, 14.137000736871231
13, 58.0, 0, 51, 2, 14.0, 6, 14.356190943688995
13, 59.0, 0, 51, 1, 17.0, 6, 14.952704141501492
13, 60.0, 0, 51, 1, 22.0, 6, 15.25653529516741
13, 61.0, 1, 50, 3, 27.0, 7, 13.964490649193449
13, 62.0, 0, 51, 2, 9.0, 7, 14.318959394598439
13, 63.0, 1, 51, 1, 12.0, 6, 16.590671631482635
13, 64.0, 0, 51, 2, 14.0, 7, 17.666717982784608
13, 65.0, 1, 50, 1, 13.0, 7, 17.408427791056468
13, 66.0, 1, 51, 1, 19.0, 7, 17.056013261131
13, 67.0, 1, 51, 0, 25.0, 7, 16.745661057448807
13, 68.0, 1, 52, 0, 31.0, 7, 16.310933846472544
13, 69.0, 1, 49, 3, 34.0, 6, 15.191425737539577
13, 70.0, 1, 47, 2, 41.0, 6, 14.56561657240587
13, 71.0, 1, 47, 1, 46.0, 6, 15.174033183007353
13, 72.0, 1, 47, 2, 54.0, 5, 14.904945393883184
13, 73.0, 0, 48, 1, 50.0, 5, 16.27117200858888
13, 74.0, 1, 48, 0, 58.0, 5, 16.859047499649435
13, 75.0, 0, 51, 1, 42.0, 5, 15.834502646372105
13, 76.0, 1, 50, 3, 47.0, 4, 16.49573340601217
13, 77.0, 0, 51, 0, 34.0, 4, 16.396073297962214
13, 78.0, 1, 48, 3, 28.0, 3, 15.109617221613021
13, 79.0, 0, 48, 1, 34.0, 3, 14.418439363427586
13, 80.0, 0, 48, 1, 40.0, 2, 13.225943827822956
13, 81.0, 1, 47, 2, 43.0, 2, 13.767699577193738
13, 82.0, 0, 50, 0, 47.0, 2, 13.777768102459788
13, 83.0, 1, 49, 2, 55.0, 2, 14.697392349926899
13, 84.0, 0, 49, 0, 57.0, 2, 14.530701555353975
13, 85.0, 0, 51, 1, 64.0, 1, 14.914065311969374
13, 86.0, 0, 49, 2, 72.0, 1, 15.314872785522237
13, 87.0, 1, 48, 1, 65.0, 1, 14.406959086490449
13, 88.0, 1, 49, 1, 62.0, 1, 14.084641821434673
13, 89.0, 1, 48, 1, 27.0, 1, 15.08413705339464
13, 90.0, 1, 47, 3, 29.0, 1, 14.647257497855113
13, 91.0, 1, 48, 1, 35.0, 1, 14.776622615477836
13, 92.0, 1, 49, 0, 30.0, 1, 15.470619984236382
13, 93.0, 0, 48, 2, 24.0, 2, 15.2957202107284
13, 94.0, 1, 48, 2, 22.0, 2, 14.531323346015458
13, 95.0, 0, 47, 1, 27.0, 2, 16.680605494401323
13, 96.0, 0, 48, 0, 30.0, 2, 15.868745092125382
13, 97.0, 1, 47, 2, 33.0, 2, 13.776453923957813
13, 98.0, 0, 49, 0, 4.0, 2, 12.829887008422112
13, 99.0, 0, 49, 3, 0.0, 2, 12.371363256063315
13, 100.0, 1, 50, 1, 0.0, 3, 11.228730384169403
13, 101.0, 1, 50, 1, 1.0, 3, 11.18696815410334
13, 102.0, 1, 50, 0, 2.0, 3, 9.783823818449097
13, 103.0, 0, 54, 1, 0.0, 3, 9.187559999979332
13, 104.0, 1, 54, 0, 1.0, 5, 10.768194147205138
13, 105.0, 0, 54, 2, 2.0, 7, 10.65362002144264
13, 106.0, 0, 53, 2, 6.0, 7, 11.764575907390743
13, 107.0, 1, 51, 2, 5.0, 7, 11.167331470854034
13, 108.0, 1, 49, 3, 4.0, 7, 10.717184747442328
13, 109.0, 1, 47, 2, 2.0, 7, 10.127630819583825
13, 110.0, 1, 48, 1, 4.0, 7, 10.669517699256698
13, 111.0, 1, 46, 2, 7.0, 6, 13.469887069051794
13, 112.0, 0, 43, 3, 8.0, 8, 14.498086339096577
13, 113.0, 1, 43, 2, 9.0, 8, 13.8687269771913
13, 114.0, 0, 42, 2, 12.0, 9, 13.688891556702904
13, 115.0, 0, 41, 2, 14.0, 9, 14.13402078008182
13, 116.0, 0, 45, 0, 19.0, 9, 15.381075585929352
13, 117.0, 1, 43, 3, 23.0, 9, 14.992299417509415
13, 118.0, 0, 45, 0, 31.0, 12, 16.2718813026444
13, 119.0, 0, 46, 0, 32.0, 12, 16.927618817948115
13, 120.0, 1, 47, 1, 30.0, 12, 15.264256393528475
13, 121.0, 0, 49, 1, 29.0, 12, 14.56954560015701
13, 122.0, 1, 50, 2, 29.0, 12, 14.700856221691625
13, 123.0, 1, 51, 2, 34.0, 12, 13.922804517631759
13, 124.0, 1, 52, 0, 32.0, 12, 14.756136070951358
13, 125.0, 0, 53, 0, 36.0, 12, 14.701787593001272
13, 126.0, 1, 52, 1, 30.0, 11, 13.20234090344748
13, 127.0, 0, 53, 0, 35.0, 12, 14.150002391001959
13, 128.0, 0, 54, 0, 42.0, 12, 15.35259085908579
13, 129.0, 0, 53, 4, 47.0, 11, 16.34117256016668
13, 130.0, 0, 54, 0, 54.0, 11, 18.289549444700548
13, 131.0, 1, 55, 0, 55.0, 11, 17.330773840503323
13, 132.0, 0, 53, 3, 65.0, 10, 17.17875799212138
13, 133.0, 0, 52, 1, 50.0, 10, 17.221153449307383
13, 134.0, 0, 52, 2, 31.0, 8, 18.248469371628975
13, 135.0, 1, 53, 2, 22.0, 7, 19.65452803479556
13, 136.0, 1, 53, 0, 23.0, 7, 21.08570563899727
13, 137.0, 0, 52, 2, 16.0, 7, 19.264876119704404
13, 138.0, 0, 54, 0, 19.0, 7, 18.38436591315723
13, 139.0, 1, 54, 0, 22.0, 7, 16.935001151014742
13, 140.0, 1, 54, 2, 22.0, 6, 14.955702458227732
13, 141.0, 0, 55, 2, 28.0, 8, 17.417783509286192
13, 142.0, 0, 55, 1, 35.0, 8, 18.695403161288947
13, 143.0, 0, 56, 0, 37.0, 8, 18.744366019630693
13, 144.0, 1, 56, 0, 36.0, 8, 17.834422731260467
13, 145.0, 0, 56, 1, 35.0, 8, 15.774390405635721
13, 146.0, 0, 54, 3, 40.0, 7, 16.39436673805457
13, 147.0, 0, 54, 1, 24.0, 7, 15.582575183679442
13, 148.0, 1, 52, 2, 29.0, 7, 14.019937897233307
13, 149.0, 1, 53, 0, 24.0, 7, 13.038637369282133
13, 150.0, 0, 52, 2, 28.0, 6, 13.599099818112023
13, 151.0, 1, 50, 5, 17.0, 7, 14.095956044372903
13, 152.0, 0, 48, 2, 21.0, 7, 14.937485776758107
13, 153.0, 0, 45, 4, 17.0, 6, 15.078372575874381
13, 154.0, 0, 46, 0, 21.0, 6, 14.418639208292845
13, 155.0, 1, 47, 1, 27.0, 8, 14.524183422279254
13, 156.0, 0, 47, 2, 32.0, 8, 14.85783478663268
13, 157.0, 1, 47, 0, 35.0, 8, 15.533918215916751
13, 158.0, 0, 49, 0, 37.0, 8, 14.013554620024923
13, 159.0, 1, 49, 2, 41.0, 7, 14.0056753492757
13, 160.0, 1, 48, 2, 46.0, 7, 14.16966320899619
13, 161.0, 0, 46, 2, 52.0, 7, 13.1274642940311
13, 162.0, 0, 44, 3, 59.0, 7, 13.442517050900438
13, 163.0, 1, 45, 0, 64.0, 7, 12.969842247379962
13, 164.0, 0, 46, 1, 70.0, 7, 13.540226635428967
13, 165.0, 1, 46, 0, 77.0, 8, 15.653898489665169
13, 166.0, 0, 49, 0, 82.0, 8, 14.9457069719879
13, 167.0, 0, 46, 3, 78.0, 7, 14.717394475000848
13, 168.0, 1, 47, 2, 69.0, 7, 14.11948856809591
13, 169.0, 0, 47, 1, 56.0, 9, 15.450794603663352
13, 170.0, 0, 44, 4, 63.0, 7, 16.75541105940785
13, 171.0, 0, 46, 0, 70.0, 7, 17.387860928875103
13, 172.0, 0, 48, 0, 75.0, 7, 18.331724659024164
13, 173.0, 1, 51, 0, 71.0, 7, 16.288070750337454
13, 174.0, 1, 53, 1, 75.0, 7, 14.147596563044623
13, 175.0, 1, 57, 0, 73.0, 7, 13.203331841800289
13, 176.0, 0, 56, 2, 76.0, 7, 13.996754837435438
13, 177.0, 1, 54, 2, 79.0, 7, 12.145801051799792
13, 178.0, 0, 56, 0, 82.0, 7, 10.488769195314891
13, 179.0, 1, 56, 0, 51.0, 8, 12.77331952437972
13, 180.0, 0, 54, 2, 20.0, 8, 12.490713553494299
13, 181.0, 0, 54, 1, 0.0, 7, 11.694470498075043
13, 182.0, 0, 54, 1, 2.0, 7, 11.514163750636495
13, 183.0, 0, 53, 1, 5.0, 7, 12.63059938923203
13, 184.0, 1, 52, 1, 0.0, 8, 11.864350414484727
13, 185.0, 1, 53, 1, 2.0, 8, 13.314323273129249
13, 186.0, 1, 55, 2, 6.0, 8, 17.086739629856947
13, 187.0, 1, 55, 1, 12.0, 7, 21.285808929013125
13, 188.0, 1, 57, 1, 22.0, 6, 22.613745592687266
13, 189.0, 1, 56, 2, 35.0, 5, 24.973524713845656
13, 190.0, 0, 54, 4, 31.0, 5, 23.04260157992395
13, 191.0, 0, 52, 4, 42.0, 5, 22.383657604514283
13, 192.0, 0, 54, 0, 51.0, 5, 22.37482229631763
13, 193.0, 1, 55, 2, 60.0, 5, 21.59891197583183
13, 194.0, 0, 54, 1, 66.0, 5, 20.79866471274313
13, 195.0, 1, 54, 2, 68.0, 5, 19.16271256839153
13, 196.0, 0, 55, 0, 70.0, 5, 19.477156931513765
13, 197.0, 0, 53, 2, 47.0, 4, 18.44784486620327
13, 198.0, 0, 55, 0, 55.0, 4, 16.943561201893296
13, 199.0, 0, 55, 1, 63.0, 4, 17.38007520904357
13, 200.0, 1, 54, 2, 54.0, 4, 15.779369563396264
13, 201.0, 0, 54, 0, 61.0, 4, 15.699110147400216
13, 202.0, 1, 53, 1, 68.0, 4, 14.536853458336704
13, 203.0, 1, 52, 1, 58.0, 4, 14.293575140176163
13, 204.0, 1, 52, 0, 40.0, 4, 14.825064915611584
13, 205.0, 0, 51, 1, 38.0, 4, 15.638304143838237
13, 206.0, 1, 49, 2, 31.0, 6, 16.139619604856254
13, 207.0, 1, 48, 1, 27.0, 6, 15.21932372884388
13, 208.0, 0, 47, 1, 24.0, 6, 15.1206068194281
13, 209.0, 0, 46, 1, 27.0, 6, 14.114114870408837
13, 210.0, 0, 45, 1, 32.0, 6, 14.2189035160195
13, 211.0, 1, 41, 4, 35.0, 5, 13.174496487180642
13, 212.0, 0, 39, 2, 40.0, 6, 13.44455315450277
13, 213.0, 1, 38, 1, 43.0, 6, 13.309165938641696
13, 214.0, 0, 38, 0, 48.0, 6, 13.0308589491593
13, 215.0, 0, 36, 2, 54.0, 6, 12.08886019190808
13, 216.0, 1, 31, 5, 61.0, 4, 9.974334617832314
13, 217.0, 1, 31, 0, 68.0, 4, 10.006223536006443
13, 218.0, 0, 31, 0, 75.0, 4, 10.00829535187579
13, 219.0, 1, 29, 2, 71.0, 4, 9.622327382849422
13, 220.0, 1, 26, 3, 77.0, 3, 8.92166038242439
13, 221.0, 0, 26, 0, 50.0, 3, 7.526146217886063
13, 222.0, 1, 23, 3, 54.0, 3, 7.08567730714209
13, 223.0, 1, 20, 3, 58.0, 3, 6.361321217853383
13, 224.0, 1, 19, 1, 51.0, 3, 5.6928050409279685
13, 225.0, 1, 18, 1, 50.0, 3, 4.8447815394687765
13, 226.0, 0, 16, 2, 52.0, 2, 4.622460388016129
13, 227.0, 0, 16, 0, 54.0, 2, 4.037112276192559
13, 228.0, 1, 15, 1, 14.0, 2, 3.526507345045038
13, 229.0, 1, 14, 1, 15.0, 1, 3.100192644010229
13, 230.0, 1, 13, 1, 0.0, 0, 2.783936152698846
13, 231.0, 1, 12, 1, 0.0, 0, 2.1656852317977027
13, 232.0, 1, 11, 1, 0.0, 0, 1.9411364947702072
13, 233.0, 0, 9, 2, 0.0, 0, 1.4281141965292825
13, 234.0, 0, 9, 0, 0.0, 0, 1.032791092676546
13, 235.0, 0, 9, 0, 0.0, 0, 0.7964231505425055
13, 236.0, 1, 9, 0, 0.0, 0, 0.7388274693103272
13, 237.0, 0, 8, 1, 0.0, 0, 0.5450177454589777
13, 238.0, 1, 7, 1, 0.0, 0, 0.3016282136273336
13, 239.0, 1, 6, 1, 0.0, 0, 0.41853881468526666
13, 240.0, 0, 5, 1, 0.0, 0, 0.24710485709909058
13, 241.0, 0, 4, 1, 0.0, 0, 0.1531939398814277
13, 242.0, 0, 3, 1, 0.0, 0, 0.08945361162783172
13, 243.0, 0, 3, 0, 0.0, 0, 0.0873512177808351
13, 244.0, 0, 3, 0, 0.0, 0, 0.16762049174725036
13, 245.0, 0, 3, 0, 0.0, 0, 0.08894093892396526
13, 246.0, 1, 1, 2, 0.0, 0, 0.04884301873390484
13, 247.0, 1, 1, 0, 0.0, 0, 0.007060528969418556
13, 248.0, 0, 1, 0, 0.0, 0, 0.03571362757151775
13, 249.0, 1, 0, 1, 0, 0, 0
14, 1.0, 0, 2, 0, 0.0, 0, 0.0
14, 2.0, 0, 3, 0, 0.0, 0, 1.0814256854756554
14, 3.0, 0, 5, 0, 0.0, 0, 1.2559462905827157
14, 4.0, 0, 7, 0, 0.0, 0, 1.2603760180273869
14, 5.0, 0, 9, 0, 0.0, 0, 1.356365191048412
14, 6.0, 1, 9, 0, 0.0, 0, 1.287337457469642
14, 7.0, 0, 10, 0, 0.0, 0, 0.9556235514719723
14, 8.0, 0, 11, 0, 0.0, 0, 1.168230593310705
14, 9.0, 1, 12, 0, 0.0, 0, 1.3211245838572987
14, 10.0, 0, 15, 0, 0.0, 0, 1.87574121140802
14, 11.0, 0, 16, 0, 0.0, 0, 2.915579636707669
14, 12.0, 1, 18, 0, 0.0, 0, 2.9636805244823283
14, 13.0, 1, 18, 0, 0.0, 0, 2.6976232219289673
14, 14.0, 0, 20, 0, 0.0, 0, 2.674497953658579
14, 15.0, 1, 22, 0, 0.0, 1, 3.705895548329609
14, 16.0, 1, 23, 0, 0.0, 1, 5.0181674514872965
14, 17.0, 1, 23, 0, 2.0, 1, 5.817783127679
14, 18.0, 1, 25, 0, 4.0, 1, 5.974954690051721
14, 19.0, 1, 25, 0, 8.0, 1, 7.357323292380359
14, 20.0, 0, 27, 0, 0.0, 2, 7.005185372633957
14, 21.0, 1, 27, 0, 1.0, 3, 7.635798906550183
14, 22.0, 1, 28, 0, 2.0, 3, 7.755707938816894
14, 23.0, 0, 30, 0, 0.0, 3, 8.609094988956253
14, 24.0, 1, 31, 0, 0.0, 3, 8.143038530385162
14, 25.0, 1, 33, 0, 0.0, 3, 8.660165261617596
14, 26.0, 1, 36, 0, 2.0, 3, 9.965886021621987
14, 27.0, 0, 38, 0, 4.0, 4, 11.642293034981645
14, 28.0, 1, 40, 0, 3.0, 4, 12.420062673957053
14, 29.0, 0, 41, 0, 7.0, 6, 13.289761743868699
14, 30.0, 1, 41, 0, 7.0, 7, 12.78223691044089
14, 31.0, 0, 46, 0, 9.0, 8, 11.28016564960961
14, 32.0, 1, 47, 1, 1.0, 8, 10.691429035472355
14, 33.0, 0, 46, 1, 2.0, 8, 11.343990841144626
14, 34.0, 1, 47, 0, 3.0, 8, 10.080095245599267
14, 35.0, 0, 48, 0, 1.0, 10, 11.277024865642353
14, 36.0, 0, 48, 1, 1.0, 10, 10.664756274538659
14, 37.0, 0, 48, 1, 3.0, 9, 10.819673847612025
14, 38.0, 1, 47, 2, 0.0, 8, 10.400761653768626
14, 39.0, 1, 47, 2, 0.0, 8, 10.478172004384907
14, 40.0, 1, 50, 1, 1.0, 7, 11.175480050114817
14, 41.0, 1, 50, 0, 2.0, 7, 10.859440106315368
14, 42.0, 1, 52, 0, 3.0, 7, 11.606397245743821
14, 43.0, 1, 54, 1, 5.0, 7, 11.517943958812424
14, 44.0, 1, 54, 1, 7.0, 6, 12.554530628577986
14, 45.0, 1, 55, 0, 11.0, 6, 14.085704947446407
14, 46.0, 0, 52, 4, 5.0, 4, 13.118606684269254
14, 47.0, 0, 55, 0, 6.0, 4, 12.211039660229225
14, 48.0, 1, 54, 2, 8.0, 3, 13.214665284027046
14, 49.0, 1, 53, 1, 11.0, 2, 14.05163305186424
14, 50.0, 0, 52, 3, 0.0, 3, 12.40733378701475
14, 51.0, 0, 55, 0, 1.0, 3, 11.681033845544434
14, 52.0, 0, 56, 0, 2.0, 3, 12.610449851663645
14, 53.0, 0, 54, 3, 5.0, 2, 13.519728345918782
14, 54.0, 1, 56, 0, 1.0, 3, 13.453612487811217
14, 55.0, 1, 52, 4, 2.0, 3, 12.790944326594303
14, 56.0, 0, 52, 2, 0.0, 3, 10.77894694370531
14, 57.0, 0, 52, 1, 0.0, 3, 10.710794536296248
14, 58.0, 0, 50, 2, 1.0, 3, 10.445778791252717
14, 59.0, 1, 50, 1, 3.0, 4, 9.747625041581653
14, 60.0, 1, 50, 1, 5.0, 3, 9.306453176217493
14, 61.0, 1, 51, 1, 9.0, 3, 9.112233449392987
14, 62.0, 0, 50, 4, 11.0, 5, 10.373074054227894
14, 63.0, 1, 49, 2, 14.0, 5, 11.203774982294489
14, 64.0, 0, 51, 0, 17.0, 7, 10.927828768138834
14, 65.0, 1, 51, 0, 13.0, 8, 12.513332856715794
14, 66.0, 1, 53, 0, 10.0, 8, 11.081260891907084
14, 67.0, 1, 51, 2, 13.0, 8, 11.529645610954065
14, 68.0, 1, 50, 2, 16.0, 8, 10.990098461698036
14, 69.0, 1, 47, 3, 20.0, 7, 10.761708170613963
14, 70.0, 0, 46, 1, 20.0, 8, 9.672222145062578
14, 71.0, 1, 43, 4, 22.0, 9, 9.938681378158325
14, 72.0, 0, 42, 3, 25.0, 8, 10.179263287478745
14, 73.0, 1, 44, 0, 28.0, 8, 11.530248734778441
14, 74.0, 0, 43, 1, 17.0, 8, 11.729122986200112
14, 75.0, 0, 47, 0, 18.0, 8, 11.468735726568426
14, 76.0, 1, 46, 3, 20.0, 8, 11.936226836551953
14, 77.0, 1, 44, 3, 20.0, 7, 12.017118717727662
14, 78.0, 0, 44, 0, 21.0, 7, 11.423265135224671
14, 79.0, 0, 44, 1, 22.0, 6, 10.512530789920104
14, 80.0, 0, 43, 2, 23.0, 5, 10.421110002917244
14, 81.0, 0, 42, 2, 25.0, 5, 10.426139841599205
14, 82.0, 1, 44, 1, 25.0, 5, 10.043506814505273
14, 83.0, 0, 45, 0, 28.0, 5, 10.208393944556384
14, 84.0, 1, 45, 0, 27.0, 5, 10.228627094230337
14, 85.0, 1, 45, 3, 1.0, 4, 8.534211931272651
14, 86.0, 0, 43, 2, 2.0, 4, 8.672999581826511
14, 87.0, 1, 42, 1, 0.0, 3, 7.0196639502376055
14, 88.0, 1, 44, 0, 0.0, 3, 5.785550560079296
14, 89.0, 1, 43, 1, 0.0, 2, 7.3438789369563535
14, 90.0, 1, 44, 1, 0.0, 2, 6.795990224921562
14, 91.0, 1, 45, 1, 1.0, 2, 8.037846117559548
14, 92.0, 0, 44, 2, 0.0, 2, 7.583147040468214
14, 93.0, 0, 41, 4, 0.0, 0, 6.9019923796069245
14, 94.0, 1, 43, 0, 0.0, 0, 6.982285436447659
14, 95.0, 1, 42, 1, 0.0, 0, 7.0606801885221895
14, 96.0, 0, 42, 1, 1.0, 2, 7.667121056280494
14, 97.0, 0, 43, 0, 3.0, 2, 7.2219142646171015
14, 98.0, 0, 44, 1, 5.0, 2, 8.557685140498336
14, 99.0, 1, 46, 1, 0.0, 2, 8.016300512177668
14, 100.0, 0, 47, 1, 1.0, 3, 7.840716365182507
14, 101.0, 1, 45, 3, 1.0, 3, 8.949064014436772
14, 102.0, 1, 41, 4, 2.0, 3, 7.607854590228929
14, 103.0, 1, 46, 0, 4.0, 3, 8.55954930959502
14, 104.0, 1, 47, 0, 3.0, 3, 10.64970251864578
14, 105.0, 1, 45, 3, 5.0, 3, 10.064419586306824
14, 106.0, 0, 45, 1, 0.0, 3, 9.01674679975617
14, 107.0, 0, 42, 3, 1.0, 3, 9.142385884696061
14, 108.0, 1, 40, 3, 2.0, 3, 9.150238517087773
14, 109.0, 0, 39, 1, 6.0, 4, 9.782500437158332
14, 110.0, 0, 40, 1, 10.0, 4, 10.386626957109529
14, 111.0, 1, 38, 2, 11.0, 4, 11.073565254636653
14, 112.0, 0, 37, 1, 15.0, 4, 12.398306814260435
14, 113.0, 0, 39, 0, 21.0, 4, 13.930629081851636
14, 114.0, 1, 39, 1, 18.0, 5, 14.982895742352524
14, 115.0, 0, 40, 0, 23.0, 5, 15.050875932702672
14, 116.0, 1, 42, 2, 21.0, 5, 16.093347514382277
14, 117.0, 0, 43, 0, 12.0, 5, 16.674125914614113
14, 118.0, 1, 44, 1, 11.0, 4, 15.538611670026093
14, 119.0, 0, 44, 1, 13.0, 4, 15.521109338588431
14, 120.0, 0, 45, 1, 18.0, 4, 14.751505036982731
14, 121.0, 1, 48, 0, 14.0, 4, 13.37953095015591
14, 122.0, 0, 48, 3, 18.0, 3, 12.769166280152964
14, 123.0, 1, 51, 0, 22.0, 4, 14.115329589482274
14, 124.0, 1, 52, 0, 26.0, 4, 14.190944772679137
14, 125.0, 0, 52, 1, 30.0, 4, 13.711284508377275
14, 126.0, 1, 51, 1, 26.0, 4, 13.970440143679259
14, 127.0, 0, 52, 0, 30.0, 6, 15.16443766096486
14, 128.0, 1, 53, 0, 36.0, 6, 16.34606018133413
14, 129.0, 1, 55, 1, 42.0, 6, 17.87739760773595
14, 130.0, 1, 55, 0, 47.0, 6, 19.716049653938313
14, 131.0, 0, 54, 3, 55.0, 6, 20.64602104415364
14, 132.0, 0, 53, 2, 65.0, 5, 21.605078334314097
14, 133.0, 0, 50, 3, 78.0, 5, 21.87168526212181
14, 134.0, 0, 51, 1, 75.0, 4, 22.271707513214146
14, 135.0, 0, 53, 1, 89.0, 4, 24.04089967803721
14, 136.0, 1, 53, 0, 93.0, 5, 26.075815656572615
14, 137.0, 1, 51, 3, 103.0, 5, 25.832082742577924
14, 138.0, 0, 53, 0, 105.0, 6, 25.29801127005305
14, 139.0, 0, 52, 1, 116.0, 6, 26.311489438739596
14, 140.0, 1, 54, 0, 129.0, 6, 25.39068566789479
14, 141.0, 0, 57, 0, 127.0, 7, 26.462847987403435
14, 142.0, 0, 58, 0, 132.0, 7, 28.313098365791426
14, 143.0, 0, 57, 2, 134.0, 7, 27.519831936466495
14, 144.0, 0, 57, 0, 150.0, 7, 27.620993104614286
14, 145.0, 1, 57, 1, 153.0, 7, 25.708137520455846
14, 146.0, 1, 57, 1, 169.0, 7, 24.772275701700032
14, 147.0, 1, 56, 2, 158.0, 7, 24.40307667123397
14, 148.0, 1, 56, 0, 158.0, 7, 22.781380853627176
14, 149.0, 1, 57, 0, 167.0, 7, 21.634167311739056
14, 150.0, 0, 58, 0, 180.0, 7, 23.225159951289893
14, 151.0, 0, 60, 1, 173.0, 7, 22.728487554882264
14, 152.0, 1, 58, 2, 141.0, 7, 22.265342944957098
14, 153.0, 0, 58, 1, 137.0, 7, 22.733197192943496
14, 154.0, 0, 58, 1, 143.0, 7, 23.47179848339855
14, 155.0, 1, 58, 2, 114.0, 6, 21.637382185479073
14, 156.0, 0, 59, 1, 111.0, 6, 21.301773930003097
14, 157.0, 1, 58, 1, 121.0, 5, 22.332081585619907
14, 158.0, 0, 58, 2, 114.0, 5, 21.283024590373685
14, 159.0, 0, 59, 1, 126.0, 5, 21.394830300202944
14, 160.0, 0, 59, 1, 139.0, 5, 21.928845672543783
14, 161.0, 1, 55, 4, 138.0, 5, 20.585386257297063
14, 162.0, 1, 55, 1, 148.0, 5, 19.68931083032158
14, 163.0, 0, 52, 4, 155.0, 5, 19.351116130733818
14, 164.0, 1, 53, 1, 164.0, 5, 18.888918384818613
14, 165.0, 0, 52, 1, 163.0, 5, 19.524849209226623
14, 166.0, 1, 55, 0, 171.0, 5, 20.537691076036683
14, 167.0, 1, 55, 0, 168.0, 6, 20.03549929553119
14, 168.0, 0, 58, 0, 161.0, 7, 19.60440568166733
14, 169.0, 1, 57, 2, 152.0, 7, 18.34606474643627
14, 170.0, 0, 53, 5, 140.0, 7, 18.830300542414886
14, 171.0, 0, 54, 1, 126.0, 7, 18.58291419248716
14, 172.0, 1, 54, 2, 127.0, 5, 17.33328437306857
14, 173.0, 1, 56, 1, 130.0, 5, 16.14396041417416
14, 174.0, 1, 59, 0, 134.0, 5, 14.494676835191754
14, 175.0, 1, 62, 1, 82.0, 5, 13.985751778393066
14, 176.0, 0, 61, 2, 86.0, 6, 16.647294819519676
14, 177.0, 0, 61, 0, 90.0, 6, 16.10017795576771
14, 178.0, 0, 59, 4, 32.0, 4, 14.79116430200453
14, 179.0, 1, 58, 1, 31.0, 4, 16.688942477187943
14, 180.0, 1, 57, 1, 35.0, 4, 15.516126396747353
14, 181.0, 1, 57, 1, 17.0, 4, 14.758281258555819
14, 182.0, 1, 57, 1, 22.0, 4, 14.584931390568624
14, 183.0, 0, 55, 2, 28.0, 7, 16.15235424015165
14, 184.0, 1, 51, 4, 31.0, 7, 16.606998221052542
14, 185.0, 1, 52, 1, 41.0, 7, 18.042186090825474
14, 186.0, 1, 55, 1, 51.0, 7, 21.07757861995797
14, 187.0, 1, 54, 2, 65.0, 6, 24.593005603467496
14, 188.0, 1, 56, 1, 80.0, 6, 26.408645366967527
14, 189.0, 1, 56, 1, 92.0, 6, 28.613161889868902
14, 190.0, 0, 56, 2, 85.0, 7, 27.971892164315918
14, 191.0, 1, 58, 0, 63.0, 7, 26.36506982045718
14, 192.0, 1, 59, 1, 63.0, 7, 24.6681977692745
14, 193.0, 0, 60, 2, 69.0, 8, 24.96282823712929
14, 194.0, 1, 60, 0, 83.0, 8, 25.36713089400292
14, 195.0, 0, 59, 3, 96.0, 8, 25.064415351977377
14, 196.0, 0, 58, 2, 98.0, 8, 24.093302062833885
14, 197.0, 0, 57, 1, 100.0, 7, 23.558614247727448
14, 198.0, 0, 59, 0, 71.0, 7, 22.89925362098279
14, 199.0, 1, 59, 1, 63.0, 7, 23.460719442375165
14, 200.0, 1, 60, 0, 54.0, 7, 23.400403132470935
14, 201.0, 0, 60, 0, 41.0, 7, 22.802787593340927
14, 202.0, 1, 60, 0, 35.0, 7, 20.457842403963205
14, 203.0, 1, 58, 2, 34.0, 7, 19.183767521842604
14, 204.0, 0, 56, 2, 30.0, 8, 18.705992511314296
14, 205.0, 1, 56, 0, 15.0, 8, 16.312919414422637
14, 206.0, 0, 55, 1, 14.0, 10, 16.70268728224633
14, 207.0, 1, 50, 5, 17.0, 10, 16.4350042842474
14, 208.0, 0, 50, 0, 21.0, 10, 17.685620348256265
14, 209.0, 0, 49, 1, 24.0, 10, 17.806065325206887
14, 210.0, 0, 49, 0, 32.0, 10, 17.939111769366683
14, 211.0, 0, 46, 3, 40.0, 9, 18.09182129774244
14, 212.0, 1, 45, 1, 41.0, 8, 17.943598016377525
14, 213.0, 0, 42, 3, 35.0, 7, 18.54413616706691
14, 214.0, 0, 42, 0, 18.0, 7, 18.383075763895494
14, 215.0, 1, 38, 4, 18.0, 7, 15.622363816968802
14, 216.0, 1, 34, 4, 18.0, 7, 13.67427425868618
14, 217.0, 1, 33, 1, 22.0, 7, 13.891385919761262
14, 218.0, 1, 32, 1, 26.0, 7, 11.893481829920287
14, 219.0, 1, 31, 1, 31.0, 7, 11.324102646914582
14, 220.0, 1, 31, 0, 17.0, 7, 9.700370249414599
14, 221.0, 1, 29, 2, 20.0, 7, 8.183988524224993
14, 222.0, 1, 27, 2, 23.0, 6, 8.15460028965705
14, 223.0, 0, 25, 2, 7.0, 5, 6.991778716770475
14, 224.0, 0, 23, 2, 8.0, 5, 6.041247228191777
14, 225.0, 0, 23, 0, 10.0, 5, 5.455105154138933
14, 226.0, 0, 23, 0, 12.0, 5, 4.948783989366619
14, 227.0, 1, 22, 1, 11.0, 5, 4.486921524717246
14, 228.0, 1, 20, 2, 12.0, 5, 3.3347803397596323
14, 229.0, 0, 16, 4, 13.0, 4, 3.0740569776125684
14, 230.0, 1, 14, 2, 14.0, 3, 2.5238277164444636
14, 231.0, 1, 12, 2, 15.0, 3, 2.1612659926809883
14, 232.0, 0, 12, 0, 0.0, 3, 1.9770291582473103
14, 233.0, 1, 12, 0, 0.0, 3, 1.4746122319487505
14, 234.0, 1, 11, 1, 0.0, 3, 1.1231425300672093
14, 235.0, 0, 8, 3, 0.0, 1, 0.7017886146747117
14, 236.0, 1, 8, 0, 0.0, 1, 0.6996571798423954
14, 237.0, 1, 7, 1, 0.0, 1, 0.45536467441406003
14, 238.0, 1, 6, 1, 0.0, 1, 0.46199326623751524
14, 239.0, 0, 6, 0, 0.0, 1, 0.5546957950662481
14, 240.0, 1, 6, 0, 0.0, 1, 0.4597319938936373
14, 241.0, 1, 6, 0, 0.0, 1, 0.4515356258923262
14, 242.0, 1, 5, 1, 0.0, 1, 0.5107814004342011
14, 243.0, 1, 5, 0, 0.0, 1, 0.2601652270553032
14, 244.0, 1, 2, 3, 0.0, 1, 0.1143452872133146
14, 245.0, 0, 2, 0, 0.0, 1, 0.17866159273103221
14, 246.0, 0, 2, 0, 0.0, 1, 0.008474120670705076
14, 247.0, 1, 2, 0, 0.0, 1, 0.13526675388491682
14, 248.0, 1, 1, 1, 0.0, 1, 0.07683428504157064
14, 249.0, 0, 1, 0, 0.0, 1, 0.04119867280575917
14, 250.0, 0, 1, 0, 0.0, 1, 0.01859800819185864
14, 251.0, 1, 0, 1, 0, 0, 0
15, 1.0, 0, 2, 0, 0.0, 0, 0.0
15, 2.0, 0, 3, 0, 0.0, 0, 1.0814256854756554
15, 3.0, 0, 5, 0, 0.0, 0, 1.2559462905827157
15, 4.0, 0, 7, 0, 0.0, 0, 1.2603760180273869
15, 5.0, 1, 9, 0, 0.0, 0, 1.356365191048412
15, 6.0, 0, 9, 0, 0.0, 0, 1.287337457469642
15, 7.0, 1, 10, 0, 0.0, 0, 0.9556235514719723
15, 8.0, 0, 11, 0, 0.0, 0, 1.168230593310705
15, 9.0, 0, 12, 0, 0.0, 0, 1.3211245838572987
15, 10.0, 0, 15, 0, 0.0, 0, 1.8521160770279796
15, 11.0, 1, 16, 0, 0.0, 0, 2.9419051546901827
15, 12.0, 1, 18, 0, 0.0, 0, 2.8748120301492937
15, 13.0, 1, 18, 0, 0.0, 0, 2.6276857972812415
15, 14.0, 0, 20, 0, 0.0, 0, 2.6895147116057694
15, 15.0, 1, 22, 0, 0.0, 1, 3.7572617039123566
15, 16.0, 1, 23, 0, 0.0, 1, 5.046288514515749
15, 17.0, 0, 23, 0, 1.0, 1, 5.1525017427839
15, 18.0, 0, 25, 0, 2.0, 1, 5.437937027582766
15, 19.0, 0, 25, 0, 1.0, 1, 6.55262267721358
15, 20.0, 1, 27, 0, 2.0, 2, 6.592810072992957
15, 21.0, 0, 28, 0, 0.0, 2, 7.592780004017397
15, 22.0, 0, 28, 0, 0.0, 2, 8.203837130462936
15, 23.0, 1, 30, 0, 1.0, 2, 8.0260382285901
15, 24.0, 0, 31, 0, 2.0, 3, 8.6727472342335
15, 25.0, 1, 33, 0, 4.0, 4, 9.343541610766618
15, 26.0, 0, 36, 0, 2.0, 4, 10.228886784234001
15, 27.0, 1, 38, 0, 3.0, 4, 11.105081765746606
15, 28.0, 1, 40, 0, 6.0, 4, 11.02298656124333
15, 29.0, 1, 41, 0, 8.0, 4, 12.80671644088204
15, 30.0, 1, 41, 0, 9.0, 4, 12.514959868597064
15, 31.0, 1, 46, 0, 10.0, 4, 10.374231470095866
15, 32.0, 1, 47, 1, 9.0, 4, 11.01803494241062
15, 33.0, 1, 46, 1, 12.0, 4, 10.104336965854662
15, 34.0, 1, 47, 0, 15.0, 4, 9.716385609260099
15, 35.0, 0, 47, 1, 14.0, 6, 9.692825924918571
15, 36.0, 0, 48, 0, 17.0, 6, 10.458711430040031
15, 37.0, 1, 46, 3, 13.0, 6, 9.648385498989505
15, 38.0, 0, 46, 1, 0.0, 6, 9.119539166648455
15, 39.0, 1, 47, 0, 0.0, 7, 9.966111361368826
15, 40.0, 1, 50, 2, 1.0, 6, 9.731730488384411
15, 41.0, 1, 50, 0, 3.0, 6, 11.803448619619802
15, 42.0, 0, 52, 0, 0.0, 6, 11.142597657152253
15, 43.0, 0, 55, 0, 1.0, 6, 11.393675228712054
15, 44.0, 1, 55, 2, 2.0, 6, 12.300736356019002
15, 45.0, 1, 52, 3, 4.0, 6, 11.876881585536072
15, 46.0, 1, 52, 1, 6.0, 6, 11.311302932572415
15, 47.0, 1, 55, 1, 8.0, 5, 10.524836360445867
15, 48.0, 1, 53, 2, 10.0, 5, 13.011848020133753
15, 49.0, 0, 53, 0, 5.0, 5, 10.914358478670106
15, 50.0, 1, 54, 1, 6.0, 4, 9.459156320268848
15, 51.0, 1, 56, 1, 8.0, 4, 10.633161014142043
15, 52.0, 1, 54, 3, 11.0, 3, 12.085142154897424
15, 53.0, 0, 52, 3, 13.0, 3, 12.43974003591734
15, 54.0, 0, 52, 2, 16.0, 3, 13.24276432348478
15, 55.0, 0, 51, 1, 20.0, 2, 15.470298078344543
15, 56.0, 1, 51, 2, 19.0, 2, 15.887471068892605
15, 57.0, 1, 50, 2, 26.0, 2, 17.13712409779141
15, 58.0, 0, 49, 1, 32.0, 2, 16.312333433755786
15, 59.0, 1, 48, 2, 37.0, 2, 16.38582177887776
15, 60.0, 1, 47, 2, 39.0, 2, 16.598817079144787
15, 61.0, 1, 48, 1, 39.0, 2, 16.64867216131352
15, 62.0, 0, 50, 1, 43.0, 2, 15.846294667401484
15, 63.0, 1, 50, 1, 47.0, 2, 15.868520293905517
15, 64.0, 1, 51, 1, 51.0, 2, 15.958156438552349
15, 65.0, 1, 48, 3, 45.0, 2, 17.262031252098904
15, 66.0, 0, 49, 1, 50.0, 2, 16.889676981298262
15, 67.0, 1, 49, 0, 54.0, 3, 17.16379010127203
15, 68.0, 1, 49, 1, 60.0, 3, 16.361612274784722
15, 69.0, 1, 49, 0, 66.0, 3, 16.840233746531734
15, 70.0, 1, 46, 3, 72.0, 2, 14.571603682388757
15, 71.0, 0, 46, 1, 73.0, 2, 13.510244617711077
15, 72.0, 0, 48, 0, 79.0, 2, 14.320067141545293
15, 73.0, 1, 50, 0, 68.0, 2, 13.539640429456988
15, 74.0, 1, 48, 2, 73.0, 2, 15.592019605944273
15, 75.0, 0, 49, 2, 78.0, 1, 16.263296296583913
15, 76.0, 0, 52, 0, 74.0, 1, 16.332482258307405
15, 77.0, 1, 51, 2, 73.0, 1, 16.322722560152727
15, 78.0, 1, 50, 1, 77.0, 1, 15.90252719804291
15, 79.0, 0, 49, 2, 81.0, 1, 16.390873586473447
15, 80.0, 0, 49, 1, 85.0, 1, 16.625127091676177
15, 81.0, 0, 50, 0, 92.0, 1, 16.09766491812149
15, 82.0, 0, 49, 4, 67.0, 1, 15.766898645876442
15, 83.0, 1, 49, 1, 28.0, 1, 14.987491152995394
15, 84.0, 1, 47, 2, 12.0, 1, 14.951438263966299
15, 85.0, 1, 49, 1, 16.0, 1, 14.682482896601373
15, 86.0, 1, 47, 2, 23.0, 1, 15.677779797739198
15, 87.0, 0, 45, 2, 26.0, 0, 15.596009532490575
15, 88.0, 0, 46, 1, 23.0, 0, 15.394555916776074
15, 89.0, 1, 45, 1, 22.0, 1, 16.95475612859317
15, 90.0, 1, 47, 0, 31.0, 2, 17.781538633433907
15, 91.0, 0, 48, 1, 33.0, 3, 19.074036840495655
15, 92.0, 1, 49, 0, 39.0, 3, 17.940138720265832
15, 93.0, 1, 47, 3, 47.0, 3, 18.447392946955112
15, 94.0, 1, 49, 0, 50.0, 3, 18.996785790211344
15, 95.0, 1, 48, 1, 60.0, 3, 20.324492520247002
15, 96.0, 0, 49, 0, 70.0, 3, 18.905256884419
15, 97.0, 1, 49, 1, 76.0, 3, 18.7877842111769
15, 98.0, 1, 50, 1, 62.0, 3, 17.286000288771554
15, 99.0, 1, 51, 2, 56.0, 3, 17.770701293435327
15, 100.0, 1, 51, 2, 49.0, 3, 17.577226085139728
15, 101.0, 1, 50, 2, 42.0, 3, 15.650731047926039
15, 102.0, 1, 51, 0, 48.0, 3, 15.923113582055759
15, 103.0, 0, 54, 1, 32.0, 4, 16.061361612124212
15, 104.0, 0, 54, 1, 5.0, 4, 17.61057209779746
15, 105.0, 1, 54, 0, 8.0, 5, 17.189132347564396
15, 106.0, 1, 56, 0, 11.0, 5, 15.665629213564815
15, 107.0, 0, 53, 3, 1.0, 4, 15.158196538109225
15, 108.0, 1, 54, 0, 0.0, 4, 12.517498267664623
15, 109.0, 0, 54, 0, 1.0, 4, 12.690514370503791
15, 110.0, 1, 55, 1, 2.0, 6, 13.395661752213375
15, 111.0, 1, 52, 3, 5.0, 5, 14.57096250008947
15, 112.0, 0, 51, 1, 4.0, 5, 15.116380346804226
15, 113.0, 0, 51, 2, 5.0, 4, 14.261471489455834
15, 114.0, 1, 50, 2, 7.0, 4, 14.553354430668318
15, 115.0, 1, 50, 1, 9.0, 4, 14.608879836541657
15, 116.0, 0, 52, 2, 9.0, 4, 14.138030713560731
15, 117.0, 0, 52, 1, 11.0, 4, 14.6585127089762
15, 118.0, 1, 51, 3, 13.0, 4, 13.082465273369943
15, 119.0, 0, 50, 2, 15.0, 4, 11.656988454798691
15, 120.0, 0, 51, 1, 17.0, 4, 10.973118834211782
15, 121.0, 0, 54, 0, 21.0, 4, 11.730702696845922
15, 122.0, 1, 53, 4, 25.0, 4, 11.594450779648504
15, 123.0, 1, 54, 2, 30.0, 4, 12.026306420998607
15, 124.0, 1, 53, 2, 35.0, 4, 12.475368565199865
15, 125.0, 0, 54, 0, 40.0, 5, 14.095880607670306
15, 126.0, 1, 52, 2, 16.0, 5, 12.873731054586711
15, 127.0, 1, 52, 1, 20.0, 5, 11.736662559031613
15, 128.0, 1, 52, 1, 24.0, 5, 13.86398496242305
15, 129.0, 0, 54, 1, 29.0, 6, 15.205951377993982
15, 130.0, 0, 53, 2, 19.0, 6, 16.084928989332113
15, 131.0, 0, 53, 1, 25.0, 6, 15.404680124410014
15, 132.0, 0, 50, 4, 16.0, 5, 15.964951786791076
15, 133.0, 1, 49, 1, 1.0, 5, 15.226371089622756
15, 134.0, 1, 51, 0, 0.0, 5, 15.420124225326916
15, 135.0, 0, 51, 3, 0.0, 4, 14.766061999772493
15, 136.0, 0, 52, 0, 1.0, 4, 16.11997198452172
15, 137.0, 1, 50, 2, 4.0, 5, 15.42802556177266
15, 138.0, 0, 51, 0, 6.0, 5, 14.663204667938357
15, 139.0, 1, 51, 1, 11.0, 5, 14.025741368849236
15, 140.0, 1, 52, 1, 18.0, 5, 14.187178103688769
15, 141.0, 1, 54, 1, 25.0, 5, 15.085781477778738
15, 142.0, 1, 54, 1, 33.0, 4, 16.653782434764164
15, 143.0, 0, 55, 0, 43.0, 6, 17.140576459524954
15, 144.0, 0, 54, 1, 43.0, 6, 18.696303694979793
15, 145.0, 1, 54, 1, 50.0, 7, 18.217233979095862
15, 146.0, 1, 53, 2, 38.0, 7, 17.190373849317446
15, 147.0, 1, 52, 2, 45.0, 6, 16.599305590262947
15, 148.0, 1, 52, 0, 42.0, 6, 16.217689795755476
15, 149.0, 1, 52, 1, 37.0, 5, 15.381088106840593
15, 150.0, 0, 47, 6, 38.0, 5, 14.214032537962602
15, 151.0, 0, 48, 2, 43.0, 5, 13.212062996149461
15, 152.0, 0, 45, 3, 49.0, 5, 13.791358657860084
15, 153.0, 0, 45, 1, 56.0, 5, 13.202653448817701
15, 154.0, 1, 46, 0, 61.0, 6, 14.435530881465048
15, 155.0, 0, 46, 2, 64.0, 7, 16.52448925437522
15, 156.0, 0, 47, 1, 72.0, 8, 17.094785583891362
15, 157.0, 0, 47, 0, 76.0, 8, 18.04064518523364
15, 158.0, 0, 48, 1, 69.0, 8, 18.626976658264258
15, 159.0, 1, 47, 3, 67.0, 9, 19.534443941117612
15, 160.0, 0, 48, 0, 74.0, 9, 18.713725797105987
15, 161.0, 1, 45, 3, 83.0, 7, 18.2782619002258
15, 162.0, 1, 46, 0, 94.0, 7, 17.349251788400128
15, 163.0, 1, 47, 0, 65.0, 7, 17.850126602126462
15, 164.0, 1, 45, 4, 50.0, 6, 18.34933998879156
15, 165.0, 1, 45, 0, 52.0, 6, 18.302390495894386
15, 166.0, 1, 48, 0, 63.0, 6, 18.81238458843785
15, 167.0, 0, 46, 2, 70.0, 6, 19.360932576477424
15, 168.0, 0, 48, 1, 80.0, 6, 19.445658713531103
15, 169.0, 1, 48, 1, 91.0, 6, 18.730092252379777
15, 170.0, 0, 49, 0, 92.0, 7, 18.59985368537087
15, 171.0, 0, 50, 1, 104.0, 7, 19.583606512424126
15, 172.0, 0, 52, 0, 116.0, 7, 21.899296653217615
15, 173.0, 0, 55, 0, 123.0, 7, 23.982305266452418
15, 174.0, 0, 56, 1, 135.0, 7, 25.332170516448674
15, 175.0, 0, 61, 0, 151.0, 7, 25.850593210681723
15, 176.0, 1, 58, 3, 115.0, 4, 25.137358547483153
15, 177.0, 1, 59, 0, 94.0, 4, 23.165015080436753
15, 178.0, 1, 58, 3, 86.0, 2, 22.822058411959915
15, 179.0, 0, 58, 0, 18.0, 2, 22.668285124587378
15, 180.0, 1, 55, 3, 8.0, 3, 22.44478386756169
15, 181.0, 0, 55, 1, 5.0, 3, 22.0686613280061
15, 182.0, 0, 55, 1, 10.0, 3, 21.50280111994556
15, 183.0, 1, 54, 1, 10.0, 3, 21.815611650619182
15, 184.0, 1, 54, 0, 15.0, 3, 20.783020684133657
15, 185.0, 0, 55, 1, 20.0, 4, 21.57969299363371
15, 186.0, 0, 58, 1, 27.0, 4, 24.053983189660414
15, 187.0, 0, 59, 0, 36.0, 4, 26.195427064016354
15, 188.0, 0, 62, 0, 48.0, 4, 27.48721965238322
15, 189.0, 0, 63, 0, 61.0, 4, 29.74614012114172
15, 190.0, 1, 65, 0, 59.0, 5, 28.886570970920697
15, 191.0, 1, 66, 1, 69.0, 5, 28.554437413060707
15, 192.0, 0, 67, 1, 78.0, 5, 29.651495534883416
15, 193.0, 0, 69, 1, 94.0, 5, 29.62836205458821
15, 194.0, 1, 67, 2, 107.0, 4, 28.260911785973015
15, 195.0, 1, 65, 4, 110.0, 4, 27.602042752404955
15, 196.0, 0, 65, 1, 99.0, 4, 28.332120769482117
15, 197.0, 0, 64, 1, 117.0, 4, 27.368345245631534
15, 198.0, 1, 64, 2, 133.0, 4, 27.204101551721443
15, 199.0, 1, 64, 1, 151.0, 4, 27.36641666389262
15, 200.0, 1, 64, 1, 169.0, 4, 27.761854240122666
15, 201.0, 1, 63, 1, 175.0, 4, 27.871924474321148
15, 202.0, 1, 62, 1, 189.0, 4, 29.50826359957297
15, 203.0, 1, 60, 2, 194.0, 4, 29.510958646955437
15, 204.0, 1, 59, 1, 166.0, 4, 29.2184368260669
15, 205.0, 1, 57, 2, 159.0, 4, 29.704770339025984
15, 206.0, 1, 57, 0, 175.0, 4, 29.79408667499977
15, 207.0, 0, 56, 1, 149.0, 4, 29.124280867147856
15, 208.0, 1, 56, 0, 143.0, 5, 28.509371511775893
15, 209.0, 0, 54, 2, 131.0, 4, 27.742127270395308
15, 210.0, 1, 54, 0, 91.0, 4, 24.86472769345503
15, 211.0, 1, 52, 2, 83.0, 4, 24.535492843998952
15, 212.0, 1, 50, 2, 47.0, 4, 22.56020100680252
15, 213.0, 1, 50, 0, 41.0, 4, 21.097638362847622
15, 214.0, 1, 47, 3, 49.0, 3, 19.719329868906343
15, 215.0, 1, 47, 0, 56.0, 3, 18.504116303806214
15, 216.0, 1, 46, 1, 57.0, 3, 17.45599635624465
15, 217.0, 1, 45, 1, 64.0, 3, 15.594650840840556
15, 218.0, 1, 45, 0, 71.0, 3, 13.854831822396465
15, 219.0, 0, 45, 0, 51.0, 3, 13.157067459351012
15, 220.0, 1, 40, 5, 58.0, 2, 11.581809091966566
15, 221.0, 1, 38, 2, 65.0, 2, 11.19175134354508
15, 222.0, 1, 34, 4, 72.0, 2, 10.025807074668176
15, 223.0, 1, 30, 4, 79.0, 2, 9.29141029845971
15, 224.0, 1, 29, 1, 86.0, 2, 8.626856686024151
15, 225.0, 1, 26, 3, 82.0, 1, 7.980136503319168
15, 226.0, 1, 25, 1, 55.0, 1, 7.538850350945271
15, 227.0, 1, 22, 3, 60.0, 1, 7.427412017732859
15, 228.0, 0, 20, 2, 0.0, 1, 6.152661661510127
15, 229.0, 0, 20, 0, 0.0, 1, 5.054678819906743
15, 230.0, 1, 17, 3, 0.0, 1, 3.8268856269813156
15, 231.0, 0, 16, 1, 0.0, 1, 2.5682805068034256
15, 232.0, 0, 13, 3, 0.0, 1, 1.4376424290635548
15, 233.0, 0, 13, 0, 0.0, 1, 1.1175692889740887
15, 234.0, 0, 12, 1, 0.0, 1, 0.7467577015288729
15, 235.0, 0, 11, 1, 0.0, 1, 0.6272366900779502
15, 236.0, 1, 11, 0, 0.0, 1, 0.5467101613866205
15, 237.0, 0, 9, 2, 0.0, 1, 0.5108667555965027
15, 238.0, 0, 9, 0, 0.0, 1, 0.4084540487480943
15, 239.0, 0, 8, 1, 0.0, 1, 0.43327042646633984
15, 240.0, 0, 8, 0, 0.0, 1, 0.4516657294127988
15, 241.0, 1, 7, 1, 0.0, 1, 0.3323261360862162
15, 242.0, 1, 7, 0, 0.0, 1, 0.37015590773755846
15, 243.0, 1, 7, 0, 0.0, 1, 0.3777428043308504
15, 244.0, 0, 7, 0, 0.0, 1, 0.35634866049084835
15, 245.0, 0, 6, 1, 0.0, 1, 0.22150465321509216
15, 246.0, 1, 4, 2, 0.0, 1, 0.27034147659939123
15, 247.0, 0, 4, 0, 0.0, 1, 0.3410677529112256
15, 248.0, 0, 3, 1, 0.0, 1, 0.23451112483738257
15, 249.0, 1, 1, 2, 0.0, 1, 0.09870453924399314
15, 250.0, 0, 1, 0, 0.0, 1, 0.030853949726381558
15, 251.0, 0, 1, 0, 0.0, 1, 0.08328390070075642
15, 252.0, 1, 1, 0, 0.0, 1, 0.0743764676109393
15, 253.0, 0, 0, 1, 0, 0, 0
16, 1.0, 0, 2, 0, 0.0, 0, 0.0
16, 2.0, 0, 3, 0, 0.0, 0, 1.0814256854756554
16, 3.0, 0, 5, 0, 0.0, 0, 1.2559462905827157
16, 4.0, 1, 7, 0, 0.0, 0, 1.2603760180273869
16, 5.0, 0, 9, 0, 0.0, 0, 1.356365191048412
16, 6.0, 0, 9, 0, 0.0, 0, 1.2083235416804996
16, 7.0, 0, 10, 0, 0.0, 0, 1.0113279673831101
16, 8.0, 1, 11, 0, 0.0, 0, 1.129802691208996
16, 9.0, 1, 12, 0, 0.0, 0, 1.3450565739990277
16, 10.0, 1, 15, 0, 0.0, 0, 1.756942660829886
16, 11.0, 1, 16, 0, 0.0, 0, 2.7246850029921044
16, 12.0, 0, 18, 0, 0.0, 0, 2.8518698983711497
16, 13.0, 0, 18, 0, 0.0, 0, 2.8413775714753005
16, 14.0, 1, 20, 0, 0.0, 0, 2.453465419866722
16, 15.0, 1, 22, 0, 0.0, 0, 3.4083695262985394
16, 16.0, 0, 23, 0, 0.0, 0, 4.115084992094852
16, 17.0, 1, 23, 0, 1.0, 1, 4.68358739092435
16, 18.0, 0, 25, 0, 0.0, 1, 4.296480755522936
16, 19.0, 0, 25, 0, 0.0, 1, 5.94232000146232
16, 20.0, 1, 27, 0, 2.0, 3, 6.231532280573836
16, 21.0, 0, 28, 0, 0.0, 4, 7.697034502900939
16, 22.0, 0, 28, 0, 0.0, 4, 8.827571121134056
16, 23.0, 0, 30, 0, 1.0, 4, 8.827782097368953
16, 24.0, 0, 31, 0, 2.0, 4, 9.484472854456149
16, 25.0, 0, 33, 0, 3.0, 4, 9.178659050151868
16, 26.0, 1, 36, 0, 0.0, 4, 9.126874985939656
16, 27.0, 1, 38, 0, 0.0, 4, 8.673350092644268
16, 28.0, 1, 40, 0, 0.0, 4, 8.513206035256013
16, 29.0, 1, 41, 0, 0.0, 4, 9.191661963165252
16, 30.0, 0, 41, 0, 1.0, 5, 9.0280318156914
16, 31.0, 0, 45, 1, 2.0, 5, 8.314300507296096
16, 32.0, 1, 46, 1, 0.0, 5, 6.857605063970887
16, 33.0, 1, 46, 0, 0.0, 5, 8.085563097576324
16, 34.0, 0, 47, 0, 0.0, 6, 7.981767359848098
16, 35.0, 1, 48, 0, 0.0, 6, 6.251055263872154
16, 36.0, 1, 49, 0, 0.0, 6, 6.361814845784877
16, 37.0, 1, 46, 4, 0.0, 5, 6.44591336517147
16, 38.0, 1, 46, 1, 0.0, 5, 6.587333615775991
16, 39.0, 1, 47, 1, 0.0, 5, 8.064404815909812
16, 40.0, 1, 50, 1, 1.0, 4, 9.734291252692454
16, 41.0, 0, 47, 3, 0.0, 3, 8.55352329297883
16, 42.0, 0, 49, 0, 0.0, 3, 8.708367378283313
16, 43.0, 0, 51, 1, 0.0, 3, 11.565314353877104
16, 44.0, 1, 52, 1, 0.0, 3, 9.940268660391851
16, 45.0, 0, 50, 2, 0.0, 4, 9.69101756711891
16, 46.0, 0, 50, 1, 2.0, 4, 9.649801714537519
16, 47.0, 0, 53, 1, 4.0, 4, 9.707869090462909
16, 48.0, 1, 51, 2, 0.0, 5, 11.280107758494662
16, 49.0, 0, 51, 0, 0.0, 5, 8.959365514649525
16, 50.0, 0, 51, 2, 0.0, 5, 9.081995003681982
16, 51.0, 1, 51, 2, 0.0, 5, 9.770934379225375
16, 52.0, 0, 51, 2, 0.0, 6, 10.089391107284072
16, 53.0, 1, 50, 2, 2.0, 6, 10.070496485304473
16, 54.0, 0, 51, 1, 2.0, 6, 9.335238814325029
16, 55.0, 1, 49, 2, 3.0, 7, 11.674976338277922
16, 56.0, 0, 48, 3, 1.0, 8, 11.826210482477922
16, 57.0, 0, 46, 3, 3.0, 8, 13.723906618103559
16, 58.0, 0, 46, 0, 8.0, 8, 14.70548621735582
16, 59.0, 1, 45, 2, 6.0, 8, 13.565016351035807
16, 60.0, 1, 45, 1, 8.0, 8, 13.299595702304078
16, 61.0, 1, 44, 3, 16.0, 8, 15.37410413636162
16, 62.0, 1, 47, 0, 24.0, 8, 16.141290578756674
16, 63.0, 0, 48, 0, 29.0, 9, 17.016265106715803
16, 64.0, 1, 49, 1, 37.0, 10, 16.420353483879282
16, 65.0, 1, 47, 2, 46.0, 9, 17.596413177706847
16, 66.0, 1, 48, 1, 50.0, 9, 18.188734467734243
16, 67.0, 1, 47, 1, 59.0, 9, 18.776139001205497
16, 68.0, 1, 46, 2, 60.0, 9, 19.42525502788611
16, 69.0, 0, 45, 1, 59.0, 10, 20.13165203170138
16, 70.0, 0, 43, 2, 68.0, 10, 20.995147093554543
16, 71.0, 0, 44, 0, 78.0, 10, 21.00628860164995
16, 72.0, 1, 46, 0, 85.0, 10, 20.042815130648595
16, 73.0, 0, 48, 0, 96.0, 10, 19.99754100753946
16, 74.0, 1, 48, 0, 108.0, 10, 22.326081665334037
16, 75.0, 1, 50, 1, 123.0, 10, 22.908109664851153
16, 76.0, 1, 52, 1, 122.0, 10, 24.241931899521003
16, 77.0, 1, 52, 1, 137.0, 10, 25.928086449773915
16, 78.0, 0, 49, 3, 131.0, 9, 25.5878898797184
16, 79.0, 1, 49, 1, 141.0, 8, 25.665447864361465
16, 80.0, 1, 49, 1, 155.0, 8, 26.08700064468462
16, 81.0, 0, 49, 1, 163.0, 8, 25.506942799401624
16, 82.0, 1, 52, 0, 163.0, 8, 23.902346404996997
16, 83.0, 1, 53, 0, 170.0, 8, 23.95025696272956
16, 84.0, 1, 53, 0, 162.0, 8, 24.15959381631935
16, 85.0, 1, 55, 1, 150.0, 7, 23.308932161896795
16, 86.0, 1, 55, 0, 155.0, 7, 23.79554763032285
16, 87.0, 1, 54, 1, 143.0, 6, 22.502552637715304
16, 88.0, 0, 56, 0, 146.0, 6, 21.719983402276608
16, 89.0, 1, 56, 0, 143.0, 8, 23.213487896830163
16, 90.0, 0, 58, 0, 69.0, 8, 22.307642320424122
16, 91.0, 0, 60, 0, 56.0, 8, 21.768451418958275
16, 92.0, 1, 59, 2, 58.0, 7, 19.302335369439405
16, 93.0, 1, 59, 1, 51.0, 7, 18.19126777917935
16, 94.0, 0, 60, 1, 54.0, 7, 18.11948535559929
16, 95.0, 0, 60, 0, 55.0, 7, 18.232838561449245
16, 96.0, 0, 59, 2, 57.0, 7, 17.47406011725596
16, 97.0, 0, 59, 1, 61.0, 7, 17.825014181804033
16, 98.0, 1, 57, 4, 62.0, 6, 16.343724151578858
16, 99.0, 1, 58, 2, 63.0, 5, 16.020507910568696
16, 100.0, 0, 60, 0, 66.0, 5, 17.24846446865512
16, 101.0, 0, 58, 3, 69.0, 4, 16.52149029006463
16, 102.0, 0, 58, 1, 72.0, 4, 18.164229219904573
16, 103.0, 0, 60, 2, 76.0, 4, 18.229046919529427
16, 104.0, 1, 61, 0, 78.0, 5, 19.03595501686385
16, 105.0, 1, 57, 4, 82.0, 5, 18.079958913870758
16, 106.0, 0, 57, 2, 86.0, 4, 16.856084634447694
16, 107.0, 1, 52, 5, 89.0, 2, 13.776605582636497
16, 108.0, 0, 52, 1, 43.0, 2, 13.421916467829325
16, 109.0, 1, 50, 2, 9.0, 1, 13.435714199078392
16, 110.0, 0, 52, 0, 3.0, 2, 13.08428469048142
16, 111.0, 1, 50, 2, 3.0, 3, 13.292559372513516
16, 112.0, 0, 50, 0, 4.0, 3, 10.840777333298206
16, 113.0, 1, 51, 1, 6.0, 3, 10.166218661340297
16, 114.0, 0, 51, 1, 8.0, 3, 12.504378297728472
16, 115.0, 0, 52, 0, 11.0, 3, 12.368819566673954
16, 116.0, 1, 53, 3, 12.0, 3, 11.405150795901637
16, 117.0, 0, 54, 0, 9.0, 5, 12.390365775649386
16, 118.0, 0, 53, 3, 11.0, 5, 12.192932878476395
16, 119.0, 1, 53, 1, 11.0, 5, 9.922390700649188
16, 120.0, 0, 53, 2, 12.0, 5, 8.918804939117132
16, 121.0, 1, 54, 2, 0.0, 5, 8.86419834561926
16, 122.0, 0, 55, 2, 0.0, 6, 9.460644365525875
16, 123.0, 1, 55, 3, 1.0, 6, 8.72689336401442
16, 124.0, 0, 54, 2, 2.0, 7, 8.702998213393412
16, 125.0, 1, 54, 0, 4.0, 7, 7.950462485155346
16, 126.0, 0, 51, 4, 6.0, 7, 8.17930335260388
16, 127.0, 1, 49, 3, 9.0, 6, 8.404382776243553
16, 128.0, 0, 49, 1, 2.0, 8, 9.611228910965261
16, 129.0, 1, 52, 0, 4.0, 9, 10.171064053746568
16, 130.0, 0, 48, 4, 5.0, 8, 11.371782127473985
16, 131.0, 1, 48, 2, 8.0, 8, 10.823920427844515
16, 132.0, 0, 48, 1, 6.0, 9, 12.055538039236408
16, 133.0, 0, 47, 1, 2.0, 9, 11.901535850675288
16, 134.0, 1, 47, 2, 2.0, 10, 12.826101625703984
16, 135.0, 0, 47, 3, 3.0, 10, 13.462098581884051
16, 136.0, 1, 46, 1, 5.0, 9, 15.57036132036871
16, 137.0, 0, 47, 0, 9.0, 9, 16.59976032240048
16, 138.0, 0, 49, 0, 16.0, 9, 16.963254111019022
16, 139.0, 1, 46, 3, 24.0, 8, 15.637935403852747
16, 140.0, 0, 48, 0, 30.0, 9, 15.189154952562617
16, 141.0, 1, 49, 2, 34.0, 9, 16.926745311738433
16, 142.0, 1, 50, 0, 33.0, 9, 16.71602844002313
16, 143.0, 1, 51, 0, 32.0, 9, 16.114722362082308
16, 144.0, 1, 51, 0, 39.0, 9, 16.71857571213706
16, 145.0, 0, 50, 2, 44.0, 8, 16.275111715269198
16, 146.0, 1, 50, 1, 50.0, 8, 15.027407669529595
16, 147.0, 0, 49, 2, 49.0, 8, 13.891744346416207
16, 148.0, 1, 47, 2, 55.0, 8, 12.83581788894327
16, 149.0, 1, 48, 0, 41.0, 8, 11.568184690015798
16, 150.0, 0, 48, 1, 19.0, 9, 11.824109635480642
16, 151.0, 0, 49, 2, 5.0, 8, 11.722543913779724
16, 152.0, 1, 48, 1, 6.0, 7, 11.382801153763246
16, 153.0, 1, 47, 2, 7.0, 6, 9.781248322983869
16, 154.0, 1, 47, 1, 8.0, 5, 9.625469743030484
16, 155.0, 1, 48, 1, 9.0, 5, 9.205609763091871
16, 156.0, 0, 49, 1, 3.0, 7, 9.747903120299323
16, 157.0, 1, 47, 2, 2.0, 9, 10.05158613959389
16, 158.0, 1, 46, 3, 4.0, 9, 9.629002858006663
16, 159.0, 1, 48, 0, 7.0, 9, 9.312799956798989
16, 160.0, 0, 46, 3, 5.0, 8, 9.15871868603444
16, 161.0, 1, 44, 2, 6.0, 8, 7.936931490236423
16, 162.0, 0, 44, 1, 7.0, 8, 7.348105324508962
16, 163.0, 0, 43, 2, 1.0, 8, 7.88776062534683
16, 164.0, 0, 43, 2, 3.0, 8, 7.970296320054134
16, 165.0, 0, 42, 1, 3.0, 7, 8.630032578395378
16, 166.0, 0, 42, 3, 6.0, 6, 8.103855354617359
16, 167.0, 0, 42, 0, 9.0, 6, 8.038760051376796
16, 168.0, 0, 44, 1, 12.0, 6, 7.381197803384495
16, 169.0, 0, 44, 1, 15.0, 6, 9.327544811128977
16, 170.0, 1, 41, 4, 0.0, 5, 8.232621565663555
16, 171.0, 1, 43, 1, 0.0, 4, 7.726622700396773
16, 172.0, 1, 44, 0, 0.0, 4, 9.261759671011353
16, 173.0, 0, 44, 3, 1.0, 5, 9.306755717831932
16, 174.0, 0, 47, 0, 3.0, 5, 8.563129266530282
16, 175.0, 0, 49, 2, 3.0, 3, 8.80003093738068
16, 176.0, 1, 49, 0, 1.0, 4, 9.003444522810188
16, 177.0, 0, 50, 0, 0.0, 4, 8.187624178192431
16, 178.0, 0, 49, 3, 0.0, 3, 7.535060521435565
16, 179.0, 1, 48, 1, 1.0, 3, 9.049161076579301
16, 180.0, 0, 47, 1, 2.0, 4, 9.272575930416515
16, 181.0, 1, 47, 1, 3.0, 5, 9.75567644577626
16, 182.0, 1, 46, 2, 4.0, 4, 10.150769586799607
16, 183.0, 1, 45, 1, 7.0, 4, 11.223494814179025
16, 184.0, 0, 44, 1, 7.0, 5, 10.498381713554098
16, 185.0, 0, 44, 2, 3.0, 5, 11.138070383487426
16, 186.0, 0, 46, 2, 5.0, 5, 13.06000536618065
16, 187.0, 0, 46, 1, 6.0, 5, 15.422030696777464
16, 188.0, 0, 46, 3, 9.0, 5, 16.88894240195604
16, 189.0, 1, 46, 1, 7.0, 5, 18.65210970089468
16, 190.0, 0, 47, 1, 13.0, 6, 18.464418316017046
16, 191.0, 0, 48, 1, 19.0, 6, 18.619879403679445
16, 192.0, 1, 48, 2, 22.0, 5, 17.640403451276445
16, 193.0, 0, 51, 0, 19.0, 5, 17.097298468061883
16, 194.0, 0, 51, 0, 24.0, 5, 17.211917025596975
16, 195.0, 1, 51, 2, 23.0, 4, 14.71249454304963
16, 196.0, 0, 52, 0, 25.0, 4, 14.906850507248695
16, 197.0, 1, 51, 1, 20.0, 4, 13.508790925012825
16, 198.0, 1, 52, 1, 9.0, 4, 10.841848963319256
16, 199.0, 1, 53, 0, 11.0, 4, 12.068482385584657
16, 200.0, 1, 53, 1, 11.0, 4, 11.915703865982179
16, 201.0, 1, 52, 1, 0.0, 4, 10.920578864594738
16, 202.0, 0, 50, 2, 1.0, 6, 11.758754040868297
16, 203.0, 0, 50, 0, 3.0, 6, 11.060187780865498
16, 204.0, 0, 49, 1, 6.0, 6, 11.241430849707932
16, 205.0, 1, 46, 3, 0.0, 6, 9.900313215417547
16, 206.0, 1, 45, 1, 1.0, 6, 10.117669241293381
16, 207.0, 0, 42, 3, 3.0, 8, 10.54382440598129
16, 208.0, 1, 42, 0, 7.0, 9, 11.527366107568186
16, 209.0, 0, 40, 2, 6.0, 10, 12.28013590333666
16, 210.0, 0, 39, 1, 10.0, 10, 11.829214797974997
16, 211.0, 1, 37, 2, 14.0, 9, 11.234634114513451
16, 212.0, 0, 35, 2, 19.0, 10, 12.132407153215045
16, 213.0, 1, 34, 1, 22.0, 10, 12.241179637149834
16, 214.0, 1, 32, 2, 26.0, 10, 10.882592841708057
16, 215.0, 1, 32, 0, 21.0, 10, 10.268215241104212
16, 216.0, 0, 31, 1, 22.0, 10, 9.86377984862911
16, 217.0, 1, 27, 4, 26.0, 10, 7.5703724212172965
16, 218.0, 1, 23, 4, 30.0, 10, 6.814262332609451
16, 219.0, 0, 23, 0, 22.0, 10, 6.397197503276389
16, 220.0, 1, 22, 1, 24.0, 9, 5.224070553843423
16, 221.0, 1, 22, 0, 26.0, 9, 4.8537838567732585
16, 222.0, 1, 21, 1, 13.0, 9, 4.020924900611272
16, 223.0, 1, 19, 2, 14.0, 8, 3.232085773858677
16, 224.0, 1, 18, 1, 15.0, 8, 2.9191189294070163
16, 225.0, 1, 17, 1, 16.0, 8, 2.2098323578943644
16, 226.0, 0, 15, 2, 17.0, 8, 2.020307799497976
16, 227.0, 0, 13, 2, 18.0, 7, 1.9064783044596068
16, 228.0, 1, 12, 1, 19.0, 6, 1.8373649948910593
16, 229.0, 0, 12, 0, 20.0, 6, 1.8052506406862765
16, 230.0, 0, 11, 1, 0.0, 5, 1.6596038960732633
16, 231.0, 0, 10, 1, 0.0, 5, 1.4257526820439246
16, 232.0, 0, 8, 2, 0.0, 4, 0.8345583241663856
16, 233.0, 0, 6, 2, 0.0, 4, 0.4924929854405242
16, 234.0, 1, 5, 1, 0.0, 4, 0.45093454663976296
16, 235.0, 0, 5, 0, 0.0, 4, 0.37484169880800167
16, 236.0, 0, 5, 0, 0.0, 4, 0.38168383387802685
16, 237.0, 0, 5, 0, 0.0, 4, 0.28001784476246705
16, 238.0, 1, 5, 0, 0.0, 4, 0.26802299975840604
16, 239.0, 1, 4, 1, 0.0, 4, 0.24202876041363375
16, 240.0, 1, 2, 2, 0.0, 2, 0.15592734951959386
16, 241.0, 0, 2, 0, 0.0, 2, 0.0745299175851386
16, 242.0, 0, 2, 0, 0.0, 2, 0.08227968300281674
16, 243.0, 0, 2, 0, 0.0, 2, 0.09236764349826387
16, 244.0, 0, 1, 1, 0.0, 1, 0.03272177999137327
16, 245.0, 0, 1, 0, 0.0, 1, 0.08457069333538669
16, 246.0, 0, 0, 1, 0, 0, 0
17, 1.0, 1, 2, 0, 0.0, 0, 0.0
17, 2.0, 0, 3, 0, 0.0, 0, 1.0814256854756554
17, 3.0, 0, 5, 0, 0.0, 0, 1.2317430816274335
17, 4.0, 0, 7, 0, 0.0, 0, 1.2562929516962287
17, 5.0, 0, 9, 0, 0.0, 0, 1.3267641311373821
17, 6.0, 0, 9, 0, 0.0, 0, 1.2111458088704232
17, 7.0, 1, 10, 0, 0.0, 0, 0.8241869857907528
17, 8.0, 0, 11, 0, 0.0, 0, 1.1261125852745222
17, 9.0, 0, 12, 0, 0.0, 0, 1.687215381166026
17, 10.0, 0, 15, 0, 0.0, 0, 1.9984311271370045
17, 11.0, 1, 16, 0, 0.0, 0, 3.051668518032976
17, 12.0, 1, 18, 0, 0.0, 0, 3.048556184511278
17, 13.0, 0, 18, 0, 0.0, 0, 2.689664451873134
17, 14.0, 0, 20, 0, 0.0, 0, 2.43357209749761
17, 15.0, 0, 22, 0, 0.0, 0, 3.5221659731761155
17, 16.0, 0, 23, 0, 0.0, 0, 5.03756417431581
17, 17.0, 0, 23, 0, 1.0, 0, 4.9490275692668755
17, 18.0, 1, 25, 0, 0.0, 0, 4.181560623169514
17, 19.0, 0, 25, 0, 0.0, 0, 5.269904059253886
17, 20.0, 1, 27, 0, 0.0, 0, 5.367431480642342
17, 21.0, 1, 28, 0, 1.0, 0, 7.313680888184129
17, 22.0, 1, 28, 0, 2.0, 0, 8.306580113398331
17, 23.0, 0, 30, 0, 1.0, 0, 7.120639867268663
17, 24.0, 1, 31, 0, 2.0, 0, 6.772871799004464
17, 25.0, 1, 33, 0, 0.0, 0, 6.555353965224215
17, 26.0, 0, 36, 0, 0.0, 0, 7.721662502574277
17, 27.0, 1, 38, 0, 1.0, 0, 8.008519271330826
17, 28.0, 0, 40, 0, 1.0, 2, 8.735638094066909
17, 29.0, 1, 41, 0, 1.0, 2, 8.360255214965708
17, 30.0, 1, 41, 0, 2.0, 2, 7.961120166659971
17, 31.0, 0, 46, 0, 0.0, 3, 7.210271085605119
17, 32.0, 1, 47, 1, 1.0, 3, 7.162853116270181
17, 33.0, 1, 45, 2, 2.0, 3, 7.2560912540694495
17, 34.0, 0, 46, 0, 0.0, 3, 7.247252580227675
17, 35.0, 1, 46, 1, 0.0, 3, 5.906132782482451
17, 36.0, 1, 47, 0, 0.0, 3, 6.832593906213139
17, 37.0, 0, 44, 4, 0.0, 3, 7.2342800351655825
17, 38.0, 0, 45, 0, 0.0, 3, 7.6626085782588405
17, 39.0, 1, 45, 1, 0.0, 4, 8.541885408742255
17, 40.0, 1, 50, 0, 0.0, 4, 9.009320097016985
17, 41.0, 1, 47, 3, 2.0, 4, 11.522491898735378
17, 42.0, 1, 49, 0, 4.0, 4, 11.224279076983201
17, 43.0, 1, 51, 1, 7.0, 4, 11.027577995658097
17, 44.0, 1, 50, 2, 11.0, 3, 13.069545499841276
17, 45.0, 1, 49, 2, 16.0, 2, 12.996559711272322
17, 46.0, 1, 49, 1, 22.0, 2, 12.706921963865032
17, 47.0, 0, 52, 1, 6.0, 2, 12.561584845537384
17, 48.0, 0, 50, 2, 3.0, 1, 13.194507663293273
17, 49.0, 1, 49, 1, 1.0, 2, 11.866564122809391
17, 50.0, 0, 51, 0, 0.0, 2, 9.35206770047535
17, 51.0, 1, 53, 1, 0.0, 3, 9.389630661291879
17, 52.0, 1, 50, 4, 1.0, 3, 10.961318379000282
17, 53.0, 0, 50, 1, 0.0, 4, 10.079088049465492
17, 54.0, 0, 51, 1, 1.0, 4, 11.485491471117982
17, 55.0, 0, 50, 1, 3.0, 4, 13.907406385792045
17, 56.0, 0, 51, 1, 7.0, 4, 13.810299112192817
17, 57.0, 0, 51, 1, 13.0, 4, 13.791169767715514
17, 58.0, 0, 50, 1, 16.0, 4, 14.538124070988209
17, 59.0, 1, 50, 1, 10.0, 5, 14.08634912125432
17, 60.0, 0, 50, 1, 11.0, 5, 14.532444984911962
17, 61.0, 0, 50, 2, 17.0, 5, 15.747592852590785
17, 62.0, 1, 51, 2, 20.0, 5, 14.001185621206693
17, 63.0, 0, 48, 4, 27.0, 4, 14.663125004134406
17, 64.0, 1, 49, 1, 20.0, 4, 15.879862501669956
17, 65.0, 1, 47, 2, 20.0, 4, 15.847773781895926
17, 66.0, 1, 48, 1, 25.0, 4, 14.473742022167697
17, 67.0, 0, 46, 2, 27.0, 4, 14.329554181148778
17, 68.0, 0, 47, 0, 31.0, 4, 13.864811278207757
17, 69.0, 1, 46, 1, 35.0, 4, 12.944853392051469
17, 70.0, 1, 46, 0, 39.0, 4, 13.71387121142411
17, 71.0, 0, 47, 0, 44.0, 4, 14.562027932276022
17, 72.0, 1, 48, 1, 48.0, 3, 13.327009681392957
17, 73.0, 0, 49, 1, 55.0, 2, 15.239241650925008
17, 74.0, 0, 47, 2, 62.0, 2, 16.256325306150174
17, 75.0, 1, 49, 1, 70.0, 3, 16.390101424538027
17, 76.0, 0, 51, 1, 79.0, 3, 18.088670952100504
17, 77.0, 1, 50, 2, 90.0, 3, 19.701728184931962
17, 78.0, 0, 48, 2, 89.0, 3, 20.001366380621256
17, 79.0, 1, 47, 2, 101.0, 3, 19.524480597568612
17, 80.0, 0, 48, 0, 64.0, 3, 18.050143034340984
17, 81.0, 0, 46, 3, 74.0, 2, 16.82165762902537
17, 82.0, 0, 49, 0, 71.0, 2, 16.1135925884711
17, 83.0, 1, 48, 2, 12.0, 2, 15.24857910904374
17, 84.0, 0, 46, 2, 7.0, 3, 13.246621798025133
17, 85.0, 1, 48, 1, 0.0, 3, 12.304913787366951
17, 86.0, 1, 48, 0, 0.0, 3, 11.265499187118348
17, 87.0, 0, 47, 1, 0.0, 4, 10.309095085376805
17, 88.0, 1, 49, 0, 1.0, 5, 11.936754862669497
17, 89.0, 1, 48, 1, 4.0, 5, 10.67963514185505
17, 90.0, 0, 49, 1, 5.0, 5, 10.819594444237337
17, 91.0, 0, 50, 1, 7.0, 5, 10.6364459701795
17, 92.0, 0, 51, 0, 10.0, 5, 11.647772921877921
17, 93.0, 1, 52, 0, 4.0, 5, 10.847578830704004
17, 94.0, 0, 52, 2, 4.0, 6, 10.190105838413198
17, 95.0, 0, 52, 0, 2.0, 6, 12.695153870181228
17, 96.0, 0, 50, 3, 4.0, 5, 12.29202122898999
17, 97.0, 1, 49, 2, 0.0, 5, 10.19077328012791
17, 98.0, 0, 47, 4, 0.0, 5, 9.307537820119364
17, 99.0, 1, 47, 3, 2.0, 6, 10.392299343646165
17, 100.0, 0, 47, 2, 3.0, 6, 9.946062518301726
17, 101.0, 1, 47, 1, 1.0, 7, 11.27260532736012
17, 102.0, 1, 45, 2, 2.0, 7, 9.486495156180778
17, 103.0, 0, 50, 0, 0.0, 8, 7.828678575175189
17, 104.0, 1, 48, 2, 0.0, 9, 9.224247728813573
17, 105.0, 0, 48, 2, 0.0, 11, 9.103821348774519
17, 106.0, 1, 48, 1, 0.0, 11, 8.951561453469076
17, 107.0, 0, 47, 1, 0.0, 11, 8.673448002327717
17, 108.0, 1, 46, 2, 0.0, 12, 7.7902002648164075
17, 109.0, 0, 45, 1, 0.0, 12, 6.2355788588045415
17, 110.0, 0, 45, 2, 0.0, 10, 6.7718124207228225
17, 111.0, 1, 43, 2, 1.0, 10, 8.35581641359909
17, 112.0, 1, 41, 2, 4.0, 10, 9.570979586276108
17, 113.0, 1, 43, 0, 8.0, 10, 10.418952179142337
17, 114.0, 1, 42, 2, 13.0, 9, 12.336923159318882
17, 115.0, 0, 42, 1, 12.0, 8, 13.07342308842724
17, 116.0, 0, 45, 1, 12.0, 8, 13.714933304615165
17, 117.0, 1, 44, 2, 13.0, 8, 14.650607723121226
17, 118.0, 0, 45, 1, 9.0, 10, 14.890540364399454
17, 119.0, 1, 42, 4, 12.0, 8, 14.229991266632656
17, 120.0, 1, 42, 2, 17.0, 7, 12.74696383884848
17, 121.0, 0, 44, 1, 15.0, 6, 12.482373431569647
17, 122.0, 1, 46, 1, 20.0, 5, 12.723950324778666
17, 123.0, 0, 49, 0, 26.0, 6, 13.90969957731983
17, 124.0, 0, 48, 2, 32.0, 5, 15.283588833273217
17, 125.0, 0, 48, 1, 40.0, 5, 15.867643104684147
17, 126.0, 0, 47, 1, 40.0, 5, 16.503249018698668
17, 127.0, 1, 48, 0, 32.0, 5, 15.141779218063144
17, 128.0, 1, 49, 0, 38.0, 5, 15.514548836237806
17, 129.0, 1, 51, 0, 40.0, 5, 17.52536434328549
17, 130.0, 0, 52, 1, 47.0, 5, 18.004863807737664
17, 131.0, 1, 53, 0, 52.0, 5, 18.438241725156924
17, 132.0, 0, 53, 1, 60.0, 5, 18.52336490360881
17, 133.0, 0, 52, 1, 52.0, 4, 17.927154455026315
17, 134.0, 0, 52, 2, 52.0, 4, 18.41439667885856
17, 135.0, 1, 53, 2, 59.0, 5, 19.81906170093325
17, 136.0, 1, 53, 1, 67.0, 5, 22.73089067979143
17, 137.0, 1, 52, 1, 80.0, 4, 23.289790617828903
17, 138.0, 1, 54, 0, 93.0, 4, 23.694466206296404
17, 139.0, 0, 54, 0, 92.0, 4, 23.62544329249475
17, 140.0, 1, 55, 1, 103.0, 4, 21.76129292293847
17, 141.0, 1, 58, 0, 116.0, 4, 23.345837120641807
17, 142.0, 1, 58, 1, 121.0, 4, 25.31583086952111
17, 143.0, 1, 59, 0, 127.0, 4, 24.741039960853378
17, 144.0, 0, 57, 2, 132.0, 4, 23.28222949762534
17, 145.0, 1, 56, 2, 141.0, 4, 21.163187656757835
17, 146.0, 0, 55, 2, 153.0, 5, 21.009663442748003
17, 147.0, 1, 56, 0, 147.0, 5, 19.08011844134226
17, 148.0, 0, 56, 0, 101.0, 6, 18.551997673524856
17, 149.0, 1, 53, 4, 104.0, 5, 18.006483281473738
17, 150.0, 0, 54, 0, 110.0, 5, 17.25845583956569
17, 151.0, 1, 57, 0, 117.0, 7, 17.10190126161725
17, 152.0, 1, 55, 2, 112.0, 7, 16.117620326208556
17, 153.0, 1, 55, 1, 110.0, 7, 16.203266082232552
17, 154.0, 0, 54, 2, 94.0, 8, 15.501508273370304
17, 155.0, 0, 54, 2, 98.0, 9, 13.913083008517717
17, 156.0, 0, 55, 1, 105.0, 9, 14.334817349346203
17, 157.0, 1, 53, 2, 105.0, 10, 14.65134555213809
17, 158.0, 1, 53, 2, 106.0, 10, 13.679392930115409
17, 159.0, 1, 53, 2, 109.0, 9, 13.56175048473819
17, 160.0, 0, 53, 1, 111.0, 9, 13.328652406817714
17, 161.0, 0, 52, 1, 28.0, 9, 12.68833381310092
17, 162.0, 1, 50, 3, 0.0, 9, 11.821908103687365
17, 163.0, 1, 49, 2, 0.0, 9, 10.88098291985842
17, 164.0, 0, 51, 0, 0.0, 9, 11.778015531626746
17, 165.0, 0, 50, 1, 0.0, 8, 11.567049896877643
17, 166.0, 0, 51, 2, 0.0, 8, 9.909814975168521
17, 167.0, 0, 48, 3, 1.0, 8, 9.498771118672382
17, 168.0, 0, 49, 2, 4.0, 8, 8.823664947585542
17, 169.0, 1, 48, 2, 0.0, 8, 10.522079078892306
17, 170.0, 0, 46, 3, 0.0, 8, 10.228381465671095
17, 171.0, 0, 48, 0, 1.0, 8, 11.672990579929564
17, 172.0, 1, 48, 2, 0.0, 7, 10.233567552234595
17, 173.0, 1, 49, 2, 0.0, 7, 8.970156528212474
17, 174.0, 0, 52, 0, 0.0, 7, 8.83182067880661
17, 175.0, 1, 55, 1, 0.0, 7, 7.315854522628008
17, 176.0, 1, 55, 1, 1.0, 6, 8.110161522880555
17, 177.0, 1, 53, 2, 2.0, 4, 7.46678952548125
17, 178.0, 1, 53, 2, 3.0, 4, 7.885858530645558
17, 179.0, 1, 50, 3, 1.0, 2, 9.641531398723577
17, 180.0, 1, 47, 3, 3.0, 2, 9.314805559976149
17, 181.0, 1, 48, 0, 6.0, 2, 9.425613895204961
17, 182.0, 1, 47, 2, 10.0, 1, 10.084879866269373
17, 183.0, 1, 47, 0, 14.0, 1, 10.509766180141957
17, 184.0, 0, 46, 1, 0.0, 3, 10.469301885536426
17, 185.0, 0, 46, 2, 1.0, 4, 10.43987988140544
17, 186.0, 0, 49, 1, 4.0, 4, 13.376067471944841
17, 187.0, 0, 47, 3, 7.0, 4, 15.450064507224582
17, 188.0, 1, 50, 0, 4.0, 6, 15.861405187318544
17, 189.0, 1, 47, 4, 5.0, 6, 17.66497187952854
17, 190.0, 1, 48, 1, 9.0, 6, 17.515950513163883
17, 191.0, 1, 49, 1, 13.0, 6, 16.6710080419387
17, 192.0, 0, 50, 1, 1.0, 6, 14.016839594812552
17, 193.0, 0, 51, 2, 1.0, 6, 13.39991842536971
17, 194.0, 1, 51, 0, 3.0, 6, 11.865977572633799
17, 195.0, 1, 52, 1, 2.0, 6, 9.749595255123891
17, 196.0, 0, 53, 0, 4.0, 7, 11.20874518267765
17, 197.0, 0, 52, 1, 6.0, 7, 10.523339582038577
17, 198.0, 1, 52, 2, 6.0, 7, 9.936318612359937
17, 199.0, 1, 52, 1, 6.0, 7, 10.298779471957749
17, 200.0, 1, 52, 1, 7.0, 7, 12.01134976269595
17, 201.0, 0, 51, 1, 8.0, 7, 12.078419794395952
17, 202.0, 1, 50, 1, 0.0, 7, 11.15166377084411
17, 203.0, 0, 45, 5, 0.0, 7, 10.583322295308907
17, 204.0, 1, 44, 1, 0.0, 7, 10.138648189419099
17, 205.0, 1, 43, 1, 0.0, 6, 8.577818093153505
17, 206.0, 1, 41, 2, 1.0, 6, 10.096647077394419
17, 207.0, 1, 38, 3, 2.0, 4, 10.019410459534472
17, 208.0, 0, 38, 0, 0.0, 4, 8.74593317699955
17, 209.0, 1, 35, 3, 0.0, 4, 8.907075616891502
17, 210.0, 0, 34, 1, 2.0, 5, 9.587037163452015
17, 211.0, 1, 32, 2, 2.0, 5, 9.007591666889933
17, 212.0, 1, 32, 0, 0.0, 5, 8.318125716645001
17, 213.0, 0, 32, 0, 0.0, 5, 8.942531025581125
17, 214.0, 0, 31, 1, 0.0, 4, 8.707651244765621
17, 215.0, 1, 31, 0, 0.0, 4, 7.235436593974649
17, 216.0, 0, 28, 3, 0.0, 4, 6.069483341965606
17, 217.0, 1, 26, 2, 0.0, 3, 5.380678571216298
17, 218.0, 1, 25, 1, 0.0, 2, 4.291914323629558
17, 219.0, 1, 24, 1, 0.0, 2, 3.513034609485092
17, 220.0, 0, 22, 2, 0.0, 1, 3.447645003865257
17, 221.0, 1, 21, 1, 0.0, 1, 2.581803221758214
17, 222.0, 1, 18, 3, 0.0, 1, 2.0022813724932638
17, 223.0, 1, 15, 3, 0.0, 1, 1.206574146179621
17, 224.0, 0, 15, 0, 0.0, 1, 1.097659878533849
17, 225.0, 0, 14, 1, 0.0, 1, 1.3994012529190494
17, 226.0, 1, 13, 1, 0.0, 0, 1.1935351365437619
17, 227.0, 1, 12, 1, 0.0, 0, 1.0056638359784853
17, 228.0, 1, 9, 3, 0.0, 0, 0.6634591717486149
17, 229.0, 0, 9, 0, 0.0, 0, 0.5078592076190644
17, 230.0, 0, 8, 1, 0.0, 0, 0.48334303157324143
17, 231.0, 1, 7, 1, 0.0, 0, 0.47129240221658986
17, 232.0, 0, 7, 0, 0.0, 0, 0.5728907666384657
17, 233.0, 0, 5, 2, 0.0, 0, 0.49159245829370857
17, 234.0, 0, 4, 1, 0.0, 0, 0.24848072435497404
17, 235.0, 0, 2, 2, 0.0, 0, 0.1936643790984851
17, 236.0, 0, 2, 0, 0.0, 0, 0.097031709067398
17, 237.0, 0, 1, 1, 0.0, 0, 0.046176602185859394
17, 238.0, 0, 1, 0, 0.0, 0, 0.027969357265369865
17, 239.0, 0, 1, 0, 0.0, 0, 0.09788451520383212
17, 240.0, 1, 0, 1, 0, 0, 0
18, 1.0, 1, 2, 0, 0.0, 0, 0.0
18, 2.0, 0, 3, 0, 0.0, 0, 1.0814256854756554
18, 3.0, 1, 5, 0, 0.0, 0, 1.2317430816274335
18, 4.0, 0, 7, 0, 0.0, 0, 1.2562929516962287
18, 5.0, 0, 9, 0, 0.0, 0, 1.3267641311373821
18, 6.0, 0, 9, 0, 0.0, 0, 1.2111458088704232
18, 7.0, 0, 10, 0, 0.0, 0, 0.8241869857907528
18, 8.0, 1, 11, 0, 0.0, 0, 1.1261125852745222
18, 9.0, 0, 12, 0, 0.0, 0, 1.687215381166026
18, 10.0, 1, 15, 0, 0.0, 0, 1.9306770704687266
18, 11.0, 1, 16, 0, 0.0, 0, 3.021406472251262
18, 12.0, 1, 18, 0, 0.0, 0, 2.992537568035697
18, 13.0, 0, 18, 0, 0.0, 0, 2.663963305503752
18, 14.0, 0, 20, 0, 0.0, 0, 2.340485130386887
18, 15.0, 1, 22, 0, 0.0, 1, 3.3426038481648317
18, 16.0, 1, 23, 0, 0.0, 1, 4.690839156417378
18, 17.0, 1, 23, 0, 1.0, 1, 5.172302889390618
18, 18.0, 0, 25, 0, 0.0, 1, 4.9877305613563605
18, 19.0, 0, 25, 0, 0.0, 1, 6.1039784064549885
18, 20.0, 0, 27, 0, 1.0, 1, 6.482021746230978
18, 21.0, 0, 27, 0, 1.0, 1, 8.081401955981143
18, 22.0, 1, 28, 0, 0.0, 1, 7.086659247173126
18, 23.0, 0, 30, 0, 0.0, 1, 7.358958758639854
18, 24.0, 1, 31, 0, 1.0, 1, 9.14351131295907
18, 25.0, 1, 33, 0, 4.0, 1, 9.55172292067473
18, 26.0, 1, 36, 0, 2.0, 1, 9.798068748522763
18, 27.0, 0, 38, 0, 0.0, 1, 10.427544951620193
18, 28.0, 1, 40, 0, 0.0, 1, 10.755980586443648
18, 29.0, 0, 41, 0, 0.0, 2, 12.270356578268476
18, 30.0, 1, 41, 0, 0.0, 2, 9.977145337483481
18, 31.0, 0, 45, 1, 0.0, 3, 8.657176265955549
18, 32.0, 1, 46, 1, 0.0, 3, 8.682073211780569
18, 33.0, 0, 45, 1, 0.0, 4, 8.857357881973545
18, 34.0, 0, 46, 0, 1.0, 4, 7.712380460458352
18, 35.0, 0, 46, 1, 2.0, 4, 8.688472261150533
18, 36.0, 0, 47, 0, 3.0, 4, 9.339226704129272
18, 37.0, 0, 47, 1, 5.0, 4, 10.069336804124617
18, 38.0, 1, 47, 1, 0.0, 3, 10.322037490038987
18, 39.0, 1, 48, 1, 0.0, 3, 11.045937262157139
18, 40.0, 1, 50, 2, 1.0, 3, 11.8691005862049
18, 41.0, 1, 49, 1, 2.0, 3, 11.932432242743948
18, 42.0, 1, 50, 1, 4.0, 3, 11.803522687244316
18, 43.0, 1, 53, 0, 7.0, 3, 13.069171762543128
18, 44.0, 0, 51, 3, 5.0, 6, 15.394931550968577
18, 45.0, 1, 51, 1, 3.0, 6, 14.64246901720551
18, 46.0, 1, 51, 1, 6.0, 6, 13.696038398262724
18, 47.0, 0, 51, 3, 10.0, 5, 12.882245828713575
18, 48.0, 1, 52, 0, 8.0, 5, 12.318317202701966
18, 49.0, 0, 52, 0, 4.0, 5, 11.807954247883995
18, 50.0, 0, 54, 0, 0.0, 5, 11.119471544376283
18, 51.0, 0, 53, 4, 0.0, 4, 11.693850673865606
18, 52.0, 0, 54, 0, 1.0, 4, 12.506045252940854
18, 53.0, 1, 53, 2, 0.0, 6, 11.83466361932609
18, 54.0, 1, 54, 1, 0.0, 5, 11.595799083260378
18, 55.0, 0, 51, 3, 0.0, 6, 12.105952454432387
18, 56.0, 0, 53, 0, 2.0, 6, 11.608217749900316
18, 57.0, 1, 53, 1, 2.0, 6, 12.201446641431252
18, 58.0, 0, 52, 1, 7.0, 7, 13.176796215818738
18, 59.0, 0, 52, 1, 13.0, 7, 12.787910065057646
18, 60.0, 1, 49, 4, 9.0, 7, 13.20079533055205
18, 61.0, 1, 49, 2, 14.0, 6, 13.246029605117652
18, 62.0, 1, 50, 2, 19.0, 6, 14.482621881543809
18, 63.0, 1, 51, 0, 25.0, 6, 16.40884586856437
18, 64.0, 1, 51, 2, 33.0, 5, 17.270062418511426
18, 65.0, 1, 51, 0, 42.0, 5, 19.25935958590811
18, 66.0, 1, 51, 2, 52.0, 5, 19.136350942376033
18, 67.0, 0, 48, 3, 29.0, 6, 17.84946442005525
18, 68.0, 1, 48, 1, 33.0, 6, 16.756289488313183
18, 69.0, 0, 44, 4, 32.0, 7, 16.624597658306165
18, 70.0, 1, 44, 0, 35.0, 7, 15.617353232607176
18, 71.0, 0, 44, 1, 42.0, 6, 15.528259603534082
18, 72.0, 0, 44, 1, 49.0, 6, 15.971382244905998
18, 73.0, 0, 46, 1, 58.0, 6, 16.90541916774345
18, 74.0, 1, 46, 0, 50.0, 6, 17.11898052528172
18, 75.0, 1, 48, 2, 56.0, 5, 17.808422788940227
18, 76.0, 1, 49, 1, 58.0, 5, 20.161682261195587
18, 77.0, 1, 50, 0, 57.0, 5, 19.677743584142434
18, 78.0, 1, 50, 0, 65.0, 5, 19.803214444682116
18, 79.0, 1, 49, 2, 74.0, 5, 17.742314350049636
18, 80.0, 0, 49, 1, 70.0, 5, 16.519601763095533
18, 81.0, 1, 50, 0, 79.0, 7, 18.270672695512303
18, 82.0, 1, 53, 0, 88.0, 7, 17.213725171821107
18, 83.0, 1, 53, 1, 89.0, 6, 18.14333940043817
18, 84.0, 0, 52, 1, 93.0, 5, 17.922185898236464
18, 85.0, 0, 54, 1, 101.0, 5, 17.138220961752335
18, 86.0, 1, 53, 1, 109.0, 5, 17.06820203860476
18, 87.0, 1, 50, 3, 117.0, 5, 16.351613287819234
18, 88.0, 0, 49, 3, 109.0, 5, 17.685188290106108
18, 89.0, 0, 49, 0, 106.0, 5, 18.83073687801654
18, 90.0, 1, 50, 1, 115.0, 4, 18.24310338927259
18, 91.0, 1, 51, 1, 83.0, 3, 19.380451600810265
18, 92.0, 0, 51, 1, 91.0, 3, 19.618478025450408
18, 93.0, 1, 52, 0, 95.0, 3, 18.093971354243138
18, 94.0, 0, 52, 2, 98.0, 3, 17.40677234259484
18, 95.0, 0, 50, 2, 91.0, 3, 18.276109565111728
18, 96.0, 0, 50, 1, 99.0, 4, 18.218784377821507
18, 97.0, 0, 50, 1, 100.0, 4, 18.697949921177234
18, 98.0, 0, 50, 2, 75.0, 4, 18.287436715269063
18, 99.0, 1, 54, 0, 66.0, 4, 17.508101104323863
18, 100.0, 1, 53, 2, 62.0, 4, 16.84265126575182
18, 101.0, 0, 51, 3, 68.0, 4, 17.68268495679219
18, 102.0, 1, 50, 1, 75.0, 5, 17.48035245927021
18, 103.0, 0, 55, 0, 82.0, 5, 17.79204959675101
18, 104.0, 1, 53, 2, 78.0, 5, 20.579565802689235
18, 105.0, 1, 54, 1, 88.0, 5, 20.838465711353763
18, 106.0, 1, 55, 0, 96.0, 5, 20.78141004675561
18, 107.0, 1, 55, 0, 97.0, 5, 20.339010300759707
18, 108.0, 1, 56, 0, 101.0, 5, 19.62568313156283
18, 109.0, 1, 52, 4, 108.0, 5, 20.22416111741603
18, 110.0, 1, 52, 2, 111.0, 4, 19.835949529300965
18, 111.0, 0, 51, 1, 111.0, 5, 20.7976515123919
18, 112.0, 1, 49, 2, 117.0, 6, 20.434535083758714
18, 113.0, 0, 51, 0, 103.0, 7, 19.858904843889587
18, 114.0, 0, 52, 0, 112.0, 7, 20.167459638789268
18, 115.0, 0, 51, 2, 121.0, 7, 20.024970270290343
18, 116.0, 1, 51, 4, 116.0, 8, 20.46875536892355
18, 117.0, 1, 52, 0, 124.0, 8, 20.29889534819014
18, 118.0, 0, 54, 0, 98.0, 8, 20.51526136122143
18, 119.0, 0, 54, 1, 107.0, 8, 20.306012469747067
18, 120.0, 1, 55, 1, 111.0, 7, 18.493241637286065
18, 121.0, 0, 58, 0, 111.0, 7, 18.085192483373525
18, 122.0, 0, 61, 0, 108.0, 7, 18.035428592358432
18, 123.0, 1, 63, 1, 115.0, 8, 17.838861928988674
18, 124.0, 0, 63, 1, 103.0, 9, 18.475405809681458
18, 125.0, 1, 62, 2, 87.0, 9, 16.619346905623907
18, 126.0, 0, 60, 2, 89.0, 10, 16.185315633690742
18, 127.0, 0, 61, 0, 92.0, 10, 16.939433846993417
18, 128.0, 1, 60, 2, 95.0, 10, 15.224073035488573
18, 129.0, 0, 61, 1, 100.0, 12, 17.01422147364158
18, 130.0, 1, 60, 3, 106.0, 11, 18.167251429681276
18, 131.0, 0, 57, 4, 113.0, 12, 17.92137024453866
18, 132.0, 0, 57, 1, 122.0, 12, 18.415527380273467
18, 133.0, 0, 57, 0, 132.0, 12, 19.384959709976435
18, 134.0, 0, 57, 2, 144.0, 12, 19.96096180493345
18, 135.0, 0, 57, 3, 151.0, 11, 23.301669661819066
18, 136.0, 0, 58, 0, 161.0, 11, 25.45851324139915
18, 137.0, 1, 57, 1, 158.0, 12, 25.08202854444961
18, 138.0, 0, 57, 2, 165.0, 10, 23.25845800362314
18, 139.0, 0, 56, 1, 173.0, 10, 21.431594693398363
18, 140.0, 1, 56, 2, 171.0, 9, 20.050489236615867
18, 141.0, 0, 58, 1, 180.0, 11, 21.42877972481725
18, 142.0, 1, 58, 1, 178.0, 12, 22.108963611820773
18, 143.0, 1, 56, 3, 181.0, 11, 20.575082412402786
18, 144.0, 0, 54, 2, 187.0, 11, 18.817514458986885
18, 145.0, 1, 55, 0, 197.0, 11, 17.793417109964977
18, 146.0, 0, 56, 0, 208.0, 12, 17.535202742187643
18, 147.0, 0, 56, 1, 219.0, 12, 18.031866234355352
18, 148.0, 1, 56, 0, 164.0, 12, 16.758521058746005
18, 149.0, 1, 56, 1, 172.0, 11, 15.42625703391833
18, 150.0, 1, 57, 0, 180.0, 11, 16.17161402047487
18, 151.0, 0, 59, 1, 188.0, 12, 16.907916997309542
18, 152.0, 1, 56, 3, 145.0, 12, 15.70409567928673
18, 153.0, 0, 54, 3, 34.0, 10, 15.14985808929109
18, 154.0, 1, 51, 4, 37.0, 9, 15.868667030006439
18, 155.0, 0, 52, 1, 43.0, 10, 15.156902183804462
18, 156.0, 1, 51, 3, 46.0, 11, 14.135031071699954
18, 157.0, 1, 49, 2, 53.0, 11, 15.586967720381319
18, 158.0, 1, 50, 1, 61.0, 11, 15.58405121442759
18, 159.0, 1, 49, 3, 40.0, 10, 15.758574137918341
18, 160.0, 0, 50, 0, 43.0, 10, 15.383780395861546
18, 161.0, 1, 49, 1, 44.0, 10, 13.484486517713389
18, 162.0, 1, 48, 2, 52.0, 9, 13.440481775918347
18, 163.0, 1, 47, 2, 54.0, 8, 14.145390318533485
18, 164.0, 1, 49, 0, 61.0, 8, 16.149452270686883
18, 165.0, 1, 47, 2, 55.0, 7, 16.06137509619054
18, 166.0, 1, 49, 1, 30.0, 7, 15.40520193885512
18, 167.0, 1, 48, 1, 24.0, 6, 14.4500089613851
18, 168.0, 1, 49, 2, 15.0, 6, 14.113732741589114
18, 169.0, 1, 48, 2, 21.0, 5, 14.83565935417914
18, 170.0, 1, 47, 2, 27.0, 5, 14.440538055897138
18, 171.0, 1, 49, 1, 34.0, 4, 13.849060545613906
18, 172.0, 1, 48, 2, 41.0, 4, 14.084884513752746
18, 173.0, 1, 50, 1, 48.0, 4, 13.00106731776179
18, 174.0, 0, 53, 0, 4.0, 4, 11.738103229730628
18, 175.0, 0, 55, 2, 5.0, 3, 10.34745996907546
18, 176.0, 1, 54, 1, 6.0, 2, 10.546912861069655
18, 177.0, 1, 55, 0, 7.0, 2, 10.267395699097023
18, 178.0, 1, 57, 0, 9.0, 2, 12.136858455354718
18, 179.0, 0, 54, 3, 10.0, 2, 11.725116418638661
18, 180.0, 0, 54, 0, 2.0, 2, 10.742302937041313
18, 181.0, 1, 53, 2, 4.0, 2, 9.395464222891388
18, 182.0, 1, 53, 1, 6.0, 2, 9.943280020413168
18, 183.0, 0, 51, 2, 8.0, 2, 9.867107098417087
18, 184.0, 1, 50, 1, 10.0, 3, 10.720509669250971
18, 185.0, 0, 50, 2, 13.0, 2, 11.794409639423453
18, 186.0, 0, 52, 2, 11.0, 3, 14.499538237108261
18, 187.0, 1, 52, 1, 3.0, 4, 15.809936406855533
18, 188.0, 0, 50, 5, 4.0, 7, 16.718937387315833
18, 189.0, 1, 49, 2, 2.0, 7, 16.94080997728027
18, 190.0, 0, 50, 1, 5.0, 7, 16.220903285504786
18, 191.0, 0, 51, 1, 8.0, 7, 16.484462412636216
18, 192.0, 1, 52, 1, 9.0, 8, 14.308631612065597
18, 193.0, 1, 53, 2, 13.0, 8, 15.075685225539303
18, 194.0, 0, 51, 2, 17.0, 8, 14.60672378479361
18, 195.0, 1, 53, 0, 21.0, 8, 11.281423962133681
18, 196.0, 1, 53, 1, 25.0, 8, 12.302422970233295
18, 197.0, 1, 52, 1, 20.0, 7, 10.963016254165904
18, 198.0, 1, 52, 2, 23.0, 7, 9.477470349767689
18, 199.0, 0, 53, 0, 15.0, 7, 10.51924023122141
18, 200.0, 1, 51, 3, 9.0, 7, 9.9140885111458
18, 201.0, 1, 50, 1, 11.0, 7, 9.598787804033188
18, 202.0, 1, 48, 2, 15.0, 7, 9.885159386332365
18, 203.0, 0, 45, 3, 2.0, 7, 9.741094018158554
18, 204.0, 0, 45, 0, 0.0, 7, 9.617575107295078
18, 205.0, 0, 43, 2, 2.0, 6, 10.196549445796819
18, 206.0, 1, 42, 1, 0.0, 6, 10.260976277712718
18, 207.0, 1, 40, 2, 1.0, 5, 9.945922843043665
18, 208.0, 1, 39, 1, 3.0, 5, 10.980758547648396
18, 209.0, 1, 38, 1, 6.0, 5, 10.304174516781838
18, 210.0, 0, 36, 2, 4.0, 5, 9.290555686107792
18, 211.0, 0, 34, 2, 0.0, 4, 8.515098337033196
18, 212.0, 0, 34, 0, 0.0, 4, 9.073854698863515
18, 213.0, 1, 30, 4, 0.0, 3, 7.224235260631774
18, 214.0, 0, 29, 1, 0.0, 3, 6.9754730963608065
18, 215.0, 1, 29, 0, 0.0, 3, 5.613953446194456
18, 216.0, 1, 29, 0, 1.0, 3, 4.094552783452036
18, 217.0, 1, 28, 1, 2.0, 2, 4.107029096920992
18, 218.0, 1, 26, 2, 3.0, 2, 3.7621920518346355
18, 219.0, 1, 24, 2, 4.0, 2, 2.8807156345559886
18, 220.0, 1, 21, 3, 0.0, 2, 2.2344761650061686
18, 221.0, 1, 21, 0, 0.0, 2, 1.8871696585486766
18, 222.0, 1, 18, 3, 0.0, 1, 1.447679042022524
18, 223.0, 0, 17, 1, 0.0, 1, 1.447249491282245
18, 224.0, 0, 15, 2, 0.0, 1, 1.0657746637549632
18, 225.0, 0, 14, 1, 0.0, 1, 0.6268265181917445
18, 226.0, 1, 14, 0, 0.0, 1, 0.7552833208956975
18, 227.0, 0, 12, 2, 0.0, 0, 0.7380174065130114
18, 228.0, 0, 10, 2, 0.0, 0, 0.6122861929788463
18, 229.0, 0, 8, 2, 0.0, 0, 0.4381239295982824
18, 230.0, 1, 8, 0, 0.0, 0, 0.5500729168450409
18, 231.0, 1, 6, 2, 0.0, 0, 0.2241153024129674
18, 232.0, 1, 6, 0, 0.0, 0, 0.38152787240710406
18, 233.0, 0, 3, 3, 0.0, 0, 0.19844524858726853
18, 234.0, 1, 2, 1, 0.0, 0, 0.14110191459588606
18, 235.0, 1, 2, 0, 0.0, 0, 0.1463597453678176
18, 236.0, 0, 2, 0, 0.0, 0, 0.049636290150209206
18, 237.0, 0, 2, 0, 0.0, 0, 0.1307613451148235
18, 238.0, 1, 0, 2, 0, 0, 0
19, 1.0, 1, 2, 0, 0.0, 0, 0.0
19, 2.0, 0, 3, 0, 0.0, 0, 1.0814256854756554
19, 3.0, 1, 5, 0, 0.0, 0, 1.2317430816274335
19, 4.0, 0, 7, 0, 0.0, 0, 1.2562929516962287
19, 5.0, 1, 9, 0, 0.0, 0, 1.3267641311373821
19, 6.0, 0, 9, 0, 0.0, 0, 1.2111458088704232
19, 7.0, 0, 10, 0, 0.0, 0, 0.8241869857907528
19, 8.0, 0, 11, 0, 0.0, 0, 1.1261125852745222
19, 9.0, 0, 12, 0, 0.0, 0, 1.687215381166026
19, 10.0, 0, 15, 0, 0.0, 0, 1.9748059927569641
19, 11.0, 0, 16, 0, 0.0, 0, 3.0779940360154896
19, 12.0, 0, 18, 0, 0.0, 0, 2.9856463234264496
19, 13.0, 1, 18, 0, 0.0, 0, 2.7031708397920147
19, 14.0, 0, 20, 0, 0.0, 0, 2.5187649189282757
19, 15.0, 0, 22, 0, 0.0, 0, 3.6203061221832162
19, 16.0, 0, 23, 0, 0.0, 0, 5.051179125323524
19, 17.0, 1, 23, 0, 0.0, 0, 4.13306482382937
19, 18.0, 0, 25, 0, 0.0, 0, 3.8393242823612157
19, 19.0, 0, 25, 0, 0.0, 0, 5.2347025223258825
19, 20.0, 0, 27, 0, 0.0, 0, 6.02250278284104
19, 21.0, 1, 27, 0, 1.0, 1, 6.227244314559028
19, 22.0, 0, 28, 0, 0.0, 1, 5.427381489514178
19, 23.0, 1, 30, 0, 1.0, 2, 6.5057456970615375
19, 24.0, 0, 31, 0, 2.0, 4, 6.6860836054255355
19, 25.0, 1, 33, 0, 3.0, 5, 6.253323897370768
19, 26.0, 0, 36, 0, 0.0, 5, 7.810739220653824
19, 27.0, 1, 38, 0, 0.0, 5, 7.676837103872896
19, 28.0, 0, 40, 0, 1.0, 7, 8.686306882768111
19, 29.0, 1, 41, 0, 0.0, 7, 8.122074005292033
19, 30.0, 0, 41, 0, 0.0, 9, 7.135756040320854
19, 31.0, 1, 46, 0, 0.0, 9, 5.328673033198484
19, 32.0, 0, 48, 0, 0.0, 9, 6.251547818263221
19, 33.0, 0, 45, 3, 0.0, 9, 7.307212503674751
19, 34.0, 1, 45, 1, 1.0, 10, 6.723092923827881
19, 35.0, 0, 46, 0, 0.0, 11, 6.27608007505082
19, 36.0, 0, 44, 3, 0.0, 10, 6.694926596255737
19, 37.0, 0, 43, 2, 2.0, 10, 8.982293222454773
19, 38.0, 1, 44, 0, 0.0, 10, 8.612169052185779
19, 39.0, 0, 45, 1, 1.0, 9, 8.53565797742947
19, 40.0, 0, 49, 0, 4.0, 9, 10.160815955600961
19, 41.0, 1, 48, 1, 0.0, 10, 12.39656864078982
19, 42.0, 0, 48, 2, 0.0, 11, 11.630091466826816
19, 43.0, 0, 50, 1, 1.0, 10, 11.640624310655564
19, 44.0, 0, 51, 1, 4.0, 10, 13.160764533809813
19, 45.0, 1, 49, 2, 4.0, 10, 13.046815111036338
19, 46.0, 1, 47, 3, 5.0, 8, 10.593443484062155
19, 47.0, 0, 51, 0, 4.0, 9, 10.05071903906741
19, 48.0, 1, 51, 0, 5.0, 9, 11.359811448374918
19, 49.0, 0, 51, 0, 7.0, 9, 11.875703406320316
19, 50.0, 1, 52, 1, 9.0, 8, 11.383856104283979
19, 51.0, 0, 54, 1, 5.0, 9, 11.774179452424159
19, 52.0, 0, 52, 3, 9.0, 9, 12.430049305131472
19, 53.0, 1, 51, 2, 8.0, 9, 12.874938632276804
19, 54.0, 0, 51, 2, 7.0, 9, 12.128356115494865
19, 55.0, 1, 49, 2, 10.0, 9, 13.257431810646148
19, 56.0, 0, 50, 1, 12.0, 9, 13.296970598584117
19, 57.0, 1, 49, 2, 17.0, 9, 13.674081293358407
19, 58.0, 0, 49, 0, 21.0, 11, 14.2780757716253
19, 59.0, 0, 49, 1, 28.0, 10, 14.2895333022115
19, 60.0, 1, 50, 0, 31.0, 10, 14.752260311435295
19, 61.0, 1, 50, 2, 24.0, 9, 15.185304210357991
19, 62.0, 1, 49, 4, 24.0, 8, 15.184944484598553
19, 63.0, 1, 49, 1, 20.0, 7, 16.223409769560455
19, 64.0, 1, 50, 1, 26.0, 7, 16.479982045580986
19, 65.0, 0, 50, 0, 19.0, 8, 17.215170275197963
19, 66.0, 0, 51, 1, 24.0, 8, 16.226305328415517
19, 67.0, 1, 49, 2, 28.0, 8, 16.493421113832387
19, 68.0, 0, 49, 1, 20.0, 8, 16.70598632780162
19, 69.0, 0, 47, 2, 19.0, 7, 17.184313911557478
19, 70.0, 0, 47, 0, 6.0, 7, 17.88432152749014
19, 71.0, 1, 48, 0, 7.0, 7, 16.462480768845023
19, 72.0, 0, 49, 1, 11.0, 7, 16.96494579817189
19, 73.0, 0, 50, 1, 17.0, 7, 17.036611305441273
19, 74.0, 0, 48, 2, 24.0, 6, 18.421616757298487
19, 75.0, 1, 51, 0, 27.0, 7, 17.091578842026745
19, 76.0, 1, 51, 3, 23.0, 5, 17.615656765383545
19, 77.0, 0, 51, 1, 28.0, 4, 18.061808723632936
19, 78.0, 1, 49, 2, 33.0, 3, 17.556671147731713
19, 79.0, 0, 47, 3, 39.0, 3, 17.071291326478963
19, 80.0, 1, 46, 2, 49.0, 5, 18.264850516962746
19, 81.0, 1, 46, 1, 57.0, 5, 17.909055258206095
19, 82.0, 0, 49, 0, 51.0, 5, 16.223160386523947
19, 83.0, 1, 50, 0, 59.0, 5, 16.418028137651334
19, 84.0, 1, 49, 1, 67.0, 5, 15.86128875421298
19, 85.0, 1, 52, 0, 75.0, 5, 15.652158662240444
19, 86.0, 0, 51, 1, 75.0, 5, 15.86947822878197
19, 87.0, 0, 50, 1, 83.0, 5, 15.035003531763476
19, 88.0, 0, 52, 0, 91.0, 5, 16.615450634772344
19, 89.0, 1, 50, 2, 99.0, 6, 17.42097453509071
19, 90.0, 0, 50, 2, 109.0, 6, 17.710921361973647
19, 91.0, 1, 51, 1, 95.0, 6, 17.35395055610207
19, 92.0, 0, 50, 2, 104.0, 7, 18.011989805537933
19, 93.0, 1, 49, 2, 98.0, 7, 16.91923900101433
19, 94.0, 0, 51, 0, 82.0, 8, 16.339501347419976
19, 95.0, 1, 50, 1, 73.0, 9, 15.276899734876535
19, 96.0, 0, 50, 1, 64.0, 8, 14.125555896361163
19, 97.0, 1, 48, 3, 60.0, 8, 13.278044780019489
19, 98.0, 1, 49, 1, 25.0, 7, 10.992290478322783
19, 99.0, 1, 51, 1, 27.0, 7, 12.039764486422051
19, 100.0, 0, 53, 0, 27.0, 7, 11.61495991080382
19, 101.0, 1, 52, 2, 28.0, 7, 10.2178143696282
19, 102.0, 1, 52, 1, 29.0, 7, 9.838656457975475
19, 103.0, 1, 56, 0, 30.0, 7, 9.42854657191446
19, 104.0, 1, 56, 1, 31.0, 7, 9.72178368111954
19, 105.0, 0, 55, 2, 32.0, 7, 9.212344832646163
19, 106.0, 1, 56, 0, 33.0, 7, 9.38841197862754
19, 107.0, 1, 53, 3, 35.0, 5, 9.485558676482285
19, 108.0, 0, 52, 2, 35.0, 5, 9.14752447860469
19, 109.0, 0, 49, 3, 36.0, 3, 8.32323233216902
19, 110.0, 0, 48, 3, 37.0, 2, 9.098484877427909
19, 111.0, 0, 47, 1, 38.0, 2, 10.489343521422844
19, 112.0, 1, 45, 2, 39.0, 2, 10.63528110179837
19, 113.0, 0, 44, 3, 40.0, 3, 11.116218127375586
19, 114.0, 1, 43, 2, 41.0, 3, 11.039335921068197
19, 115.0, 1, 42, 2, 42.0, 2, 11.244979994634171
19, 116.0, 0, 45, 1, 43.0, 2, 11.124560864378475
19, 117.0, 1, 45, 1, 44.0, 3, 11.192828314513331
19, 118.0, 0, 42, 5, 45.0, 3, 10.118938694434886
19, 119.0, 0, 42, 1, 1.0, 3, 10.671040708823103
19, 120.0, 0, 42, 2, 3.0, 3, 9.701177449103298
19, 121.0, 0, 45, 0, 5.0, 3, 9.70648865674048
19, 122.0, 1, 47, 1, 3.0, 3, 9.881868984047939
19, 123.0, 1, 50, 0, 0.0, 3, 9.7890299506065
19, 124.0, 0, 51, 0, 1.0, 5, 10.649257895251665
19, 125.0, 1, 51, 1, 2.0, 5, 9.097376545168125
19, 126.0, 0, 50, 1, 3.0, 6, 10.087481236326804
19, 127.0, 1, 49, 2, 5.0, 7, 9.45716106806059
19, 128.0, 1, 47, 3, 3.0, 7, 10.434259325720806
19, 129.0, 0, 47, 3, 5.0, 8, 11.849125795467529
19, 130.0, 1, 48, 0, 9.0, 8, 12.210132449117859
19, 131.0, 1, 47, 2, 14.0, 8, 12.80396754339197
19, 132.0, 0, 46, 2, 17.0, 10, 13.38091498351768
19, 133.0, 1, 46, 0, 20.0, 11, 13.99271673652787
19, 134.0, 0, 48, 0, 25.0, 11, 13.103457912451425
19, 135.0, 0, 51, 0, 11.0, 11, 12.567406863580526
19, 136.0, 1, 51, 1, 10.0, 11, 13.03809667516532
19, 137.0, 1, 49, 2, 12.0, 11, 13.210616948174518
19, 138.0, 0, 49, 2, 14.0, 11, 12.87183101133723
19, 139.0, 1, 49, 0, 16.0, 11, 12.568764586372858
19, 140.0, 0, 49, 2, 19.0, 11, 12.15837448387921
19, 141.0, 1, 51, 1, 22.0, 11, 13.426978623751094
19, 142.0, 1, 52, 0, 21.0, 11, 13.02777824551675
19, 143.0, 0, 52, 1, 18.0, 11, 12.739331953640725
19, 144.0, 1, 50, 2, 21.0, 10, 11.440901747079485
19, 145.0, 1, 50, 1, 24.0, 9, 9.934244942369288
19, 146.0, 1, 50, 1, 24.0, 9, 10.701281806622855
19, 147.0, 1, 50, 1, 27.0, 8, 11.520093440826582
19, 148.0, 1, 48, 2, 30.0, 6, 10.466852219451107
19, 149.0, 0, 48, 1, 30.0, 6, 9.360328390918697
19, 150.0, 1, 46, 3, 32.0, 5, 9.158494236284934
19, 151.0, 0, 47, 2, 34.0, 5, 9.160357885229581
19, 152.0, 1, 47, 0, 36.0, 6, 9.533002262169905
19, 153.0, 1, 46, 2, 39.0, 4, 9.14014337383564
19, 154.0, 1, 43, 4, 42.0, 3, 8.596961239737448
19, 155.0, 0, 43, 2, 42.0, 4, 9.471281905142444
19, 156.0, 1, 43, 2, 45.0, 3, 9.088794176177474
19, 157.0, 1, 41, 2, 18.0, 3, 9.9920948662416
19, 158.0, 0, 41, 2, 3.0, 3, 8.595655755284927
19, 159.0, 1, 42, 1, 4.0, 4, 8.314923081278861
19, 160.0, 1, 41, 2, 7.0, 4, 8.844844553085242
19, 161.0, 1, 40, 1, 10.0, 4, 9.251563675698105
19, 162.0, 0, 38, 3, 6.0, 4, 9.173208356436312
19, 163.0, 0, 38, 1, 7.0, 4, 9.74431910356237
19, 164.0, 1, 39, 1, 2.0, 5, 9.275000551834747
19, 165.0, 1, 39, 0, 4.0, 5, 8.349423196120643
19, 166.0, 0, 41, 1, 3.0, 5, 7.6442892887750205
19, 167.0, 0, 40, 1, 0.0, 5, 7.812691323336229
19, 168.0, 1, 42, 1, 0.0, 5, 7.638403050155923
19, 169.0, 1, 43, 0, 0.0, 5, 7.167244406783441
19, 170.0, 1, 41, 3, 0.0, 4, 6.197784698044818
19, 171.0, 1, 44, 0, 1.0, 4, 5.470761803023512
19, 172.0, 1, 45, 0, 2.0, 4, 6.808366001184372
19, 173.0, 0, 46, 2, 0.0, 4, 6.475357551795843
19, 174.0, 1, 47, 2, 0.0, 4, 6.710654294380441
19, 175.0, 1, 50, 1, 0.0, 3, 6.066525494496762
19, 176.0, 1, 49, 2, 0.0, 3, 6.648865106185646
19, 177.0, 0, 49, 0, 0.0, 3, 5.941829963680493
19, 178.0, 0, 50, 1, 0.0, 3, 5.62440054231811
19, 179.0, 0, 49, 1, 0.0, 3, 6.228622409616617
19, 180.0, 1, 49, 0, 0.0, 4, 7.541914010064668
19, 181.0, 1, 49, 1, 0.0, 3, 7.29071350308047
19, 182.0, 1, 47, 3, 1.0, 2, 7.595768852325345
19, 183.0, 0, 43, 4, 0.0, 2, 6.866914682204795
19, 184.0, 1, 42, 1, 1.0, 2, 6.642145185260354
19, 185.0, 0, 41, 2, 2.0, 3, 7.858404758515347
19, 186.0, 0, 45, 1, 4.0, 3, 10.198487679524776
19, 187.0, 0, 47, 0, 3.0, 3, 14.738371934877355
19, 188.0, 0, 43, 5, 6.0, 2, 17.43478521788799
19, 189.0, 0, 44, 0, 11.0, 2, 18.18352226468957
19, 190.0, 0, 47, 0, 19.0, 2, 17.759758627659856
19, 191.0, 0, 48, 1, 29.0, 2, 19.95021588991356
19, 192.0, 0, 48, 1, 41.0, 2, 21.293124020326484
19, 193.0, 1, 48, 4, 27.0, 3, 20.25158620295437
19, 194.0, 1, 47, 1, 28.0, 3, 20.52822453069035
19, 195.0, 1, 49, 0, 15.0, 3, 18.279811639243302
19, 196.0, 1, 49, 1, 16.0, 3, 16.656384129864218
19, 197.0, 0, 47, 2, 14.0, 3, 15.31154799190396
19, 198.0, 1, 48, 1, 19.0, 3, 14.676180870231939
19, 199.0, 0, 49, 0, 19.0, 4, 15.420932391484357
19, 200.0, 1, 50, 0, 16.0, 4, 15.53752017730621
19, 201.0, 1, 49, 1, 13.0, 4, 15.181071757490795
19, 202.0, 1, 49, 0, 9.0, 4, 14.77932808980915
19, 203.0, 1, 48, 1, 3.0, 4, 12.737492301022186
19, 204.0, 0, 48, 0, 0.0, 4, 11.880279574493068
19, 205.0, 0, 48, 0, 0.0, 4, 12.285830290051543
19, 206.0, 0, 47, 1, 1.0, 4, 12.822995881569353
19, 207.0, 0, 46, 1, 3.0, 3, 11.946177409623644
19, 208.0, 0, 45, 1, 6.0, 3, 12.61662203879933
19, 209.0, 1, 44, 1, 0.0, 4, 13.796133946073681
19, 210.0, 1, 42, 2, 0.0, 3, 14.508679441340195
19, 211.0, 1, 40, 2, 2.0, 3, 15.190032214006338
19, 212.0, 1, 38, 2, 6.0, 3, 15.337744083783408
19, 213.0, 0, 36, 2, 6.0, 2, 14.586434565946186
19, 214.0, 1, 33, 3, 9.0, 1, 13.810149069450521
19, 215.0, 1, 32, 1, 12.0, 1, 11.612667550394317
19, 216.0, 1, 30, 2, 14.0, 1, 11.628858287611848
19, 217.0, 1, 29, 1, 18.0, 1, 9.013912441178217
19, 218.0, 1, 28, 1, 22.0, 1, 7.883475603577303
19, 219.0, 0, 26, 2, 8.0, 1, 7.401867536120561
19, 220.0, 1, 24, 2, 0.0, 1, 6.588275864848257
19, 221.0, 0, 23, 1, 1.0, 1, 5.975326970981567
19, 222.0, 0, 22, 1, 2.0, 1, 5.3233532992280335
19, 223.0, 0, 22, 0, 3.0, 1, 5.067371771746002
19, 224.0, 0, 21, 1, 5.0, 1, 4.598087532192226
19, 225.0, 0, 19, 2, 7.0, 1, 3.820813314117686
19, 226.0, 1, 17, 2, 3.0, 1, 3.0717478104139833
19, 227.0, 0, 16, 1, 1.0, 1, 2.722995903453656
19, 228.0, 0, 16, 0, 3.0, 1, 2.566732978015966
19, 229.0, 0, 15, 1, 5.0, 1, 2.724160898293788
19, 230.0, 0, 12, 3, 7.0, 1, 2.31931175084293
19, 231.0, 0, 11, 1, 9.0, 1, 2.4633911869358363
19, 232.0, 0, 10, 1, 11.0, 1, 2.5690822649476823
19, 233.0, 1, 7, 3, 6.0, 1, 2.0480522480564716
19, 234.0, 1, 7, 0, 0.0, 1, 1.699892580053639
19, 235.0, 1, 7, 0, 0.0, 1, 1.68268271454248
19, 236.0, 1, 7, 0, 0.0, 1, 0.8812646131629709
19, 237.0, 0, 7, 0, 0.0, 1, 0.8642623447008351
19, 238.0, 0, 7, 0, 0.0, 1, 1.0983904982093602
19, 239.0, 1, 7, 0, 0.0, 1, 0.9392205889947594
19, 240.0, 0, 6, 1, 0.0, 1, 0.6622363131150806
19, 241.0, 0, 3, 3, 0.0, 0, 0.23340605923776536
19, 242.0, 0, 3, 0, 0.0, 0, 0.23806633407309263
19, 243.0, 1, 3, 0, 0.0, 0, 0.3318171766853446
19, 244.0, 0, 3, 0, 0.0, 0, 0.4283166281003936
19, 245.0, 1, 3, 0, 0.0, 0, 0.5236233199751119
19, 246.0, 1, 3, 0, 0.0, 0, 0.5637750360529452
19, 247.0, 1, 2, 1, 0.0, 0, 0.3908105600835228
19, 248.0, 1, 1, 1, 0.0, 0, 0.014581359890300405
19, 249.0, 0, 1, 0, 0.0, 0, 0.04527186650588888
19, 250.0, 0, 1, 0, 0.0, 0, 0.05537625879054531
19, 251.0, 0, 1, 0, 0.0, 0, 0.08405007965045286
19, 252.0, 0, 1, 0, 0.0, 0, 0.024184411901828184
19, 253.0, 0, 0, 1, 0, 0, 0
20, 1.0, 1, 2, 0, 0.0, 0, 0.0
20, 2.0, 0, 3, 0, 0.0, 0, 1.0814256854756554
20, 3.0, 0, 5, 0, 0.0, 0, 1.2317430816274335
20, 4.0, 1, 7, 0, 0.0, 0, 1.2562929516962287
20, 5.0, 0, 9, 0, 0.0, 0, 1.3267641311373821
20, 6.0, 0, 9, 0, 0.0, 0, 1.1958048679358226
20, 7.0, 1, 10, 0, 0.0, 0, 0.8231502954305336
20, 8.0, 1, 11, 0, 0.0, 0, 1.0949618552544191
20, 9.0, 1, 12, 0, 0.0, 0, 1.613748799613663
20, 10.0, 1, 15, 0, 0.0, 0, 2.1078477909832056
20, 11.0, 1, 16, 0, 0.0, 0, 2.8385145246453254
20, 12.0, 1, 18, 0, 0.0, 0, 3.0782937096827436
20, 13.0, 0, 18, 0, 0.0, 0, 2.6843001708504266
20, 14.0, 0, 20, 0, 0.0, 0, 2.533655159371663
20, 15.0, 0, 22, 0, 0.0, 0, 3.549453565660905
20, 16.0, 0, 23, 0, 0.0, 0, 4.881876143079214
20, 17.0, 0, 23, 0, 0.0, 0, 4.886410249602769
20, 18.0, 1, 25, 0, 0.0, 0, 4.379840540420778
20, 19.0, 1, 25, 0, 0.0, 0, 5.465991829758836
20, 20.0, 1, 27, 0, 0.0, 0, 5.883549434822756
20, 21.0, 0, 28, 0, 0.0, 0, 7.4059075400358285
20, 22.0, 0, 28, 0, 0.0, 0, 7.269944279808057
20, 23.0, 0, 30, 0, 2.0, 0, 7.730881263279217
20, 24.0, 1, 31, 0, 0.0, 1, 7.900707906025819
20, 25.0, 1, 33, 0, 2.0, 1, 7.2435410019278175
20, 26.0, 0, 36, 0, 2.0, 3, 8.693338543637838
20, 27.0, 1, 38, 0, 3.0, 3, 8.737473282073719
20, 28.0, 1, 40, 0, 5.0, 3, 8.482525810159302
20, 29.0, 1, 41, 0, 2.0, 3, 10.28629344375258
20, 30.0, 0, 41, 0, 4.0, 5, 10.680608227558903
20, 31.0, 1, 46, 0, 0.0, 5, 9.76869778558525
20, 32.0, 1, 48, 0, 2.0, 5, 9.479743933630546
20, 33.0, 0, 45, 3, 4.0, 5, 9.404720103487847
20, 34.0, 0, 45, 1, 4.0, 5, 10.282681462849226
20, 35.0, 0, 46, 0, 3.0, 5, 11.738167527361169
20, 36.0, 0, 46, 1, 5.0, 5, 12.406252998733311
20, 37.0, 0, 45, 2, 7.0, 5, 13.571008182180961
20, 38.0, 1, 46, 0, 9.0, 5, 14.383218124175484
20, 39.0, 1, 48, 0, 8.0, 6, 15.05862313717702
20, 40.0, 0, 52, 0, 10.0, 6, 15.170199172110676
20, 41.0, 0, 50, 2, 8.0, 6, 15.601906378575112
20, 42.0, 1, 51, 1, 9.0, 6, 15.384334899901182
20, 43.0, 0, 52, 2, 11.0, 7, 13.927710980670474
20, 44.0, 1, 52, 2, 12.0, 6, 13.973631156927913
20, 45.0, 1, 50, 2, 14.0, 6, 13.225637032548452
20, 46.0, 0, 48, 3, 16.0, 4, 12.561039197075809
20, 47.0, 1, 52, 0, 18.0, 4, 11.285919001626226
20, 48.0, 1, 52, 0, 20.0, 4, 13.643334769017377
20, 49.0, 1, 51, 1, 17.0, 4, 13.877150553932509
20, 50.0, 0, 53, 0, 2.0, 4, 13.34533150522844
20, 51.0, 1, 55, 0, 1.0, 4, 12.178818697522859
20, 52.0, 0, 56, 1, 0.0, 5, 12.578329898108068
20, 53.0, 1, 56, 1, 1.0, 6, 13.135406697380098
20, 54.0, 0, 58, 0, 1.0, 8, 12.977759092719147
20, 55.0, 1, 55, 3, 1.0, 9, 15.240861114813242
20, 56.0, 0, 56, 1, 2.0, 10, 13.487899919606757
20, 57.0, 0, 55, 2, 5.0, 10, 14.118025161883276
20, 58.0, 1, 53, 2, 6.0, 8, 13.018824068393387
20, 59.0, 1, 53, 1, 9.0, 8, 12.782021330444561
20, 60.0, 1, 50, 4, 11.0, 7, 12.529016399158486
20, 61.0, 1, 50, 2, 14.0, 7, 12.881696587020464
20, 62.0, 1, 53, 0, 17.0, 7, 14.030096771847337
20, 63.0, 0, 52, 2, 5.0, 7, 14.202260555247488
20, 64.0, 0, 52, 2, 7.0, 7, 14.30139267376481
20, 65.0, 1, 51, 1, 4.0, 7, 13.588681855074014
20, 66.0, 0, 51, 2, 7.0, 7, 11.691722963051737
20, 67.0, 0, 50, 1, 7.0, 7, 13.478245140478924
20, 68.0, 1, 49, 2, 0.0, 7, 11.484887208296641
20, 69.0, 1, 46, 3, 0.0, 6, 10.99163768918731
20, 70.0, 1, 46, 0, 0.0, 6, 11.567909105633891
20, 71.0, 1, 45, 2, 1.0, 5, 11.014757029150422
20, 72.0, 0, 46, 1, 3.0, 5, 10.853381476594809
20, 73.0, 1, 47, 1, 7.0, 4, 10.610870561023187
20, 74.0, 0, 47, 0, 11.0, 4, 11.31636028767466
20, 75.0, 1, 48, 2, 15.0, 4, 11.825036124042889
20, 76.0, 1, 49, 2, 15.0, 4, 12.92520624029335
20, 77.0, 1, 49, 1, 10.0, 4, 14.068719785607753
20, 78.0, 1, 48, 1, 11.0, 4, 13.945432952368767
20, 79.0, 1, 49, 0, 16.0, 4, 13.57908255706119
20, 80.0, 1, 47, 3, 13.0, 3, 13.612950650389664
20, 81.0, 0, 47, 1, 9.0, 4, 13.413609418138181
20, 82.0, 0, 47, 3, 12.0, 3, 12.600933243304734
20, 83.0, 1, 46, 2, 16.0, 3, 11.745489256020072
20, 84.0, 1, 46, 0, 20.0, 3, 12.163548918722821
20, 85.0, 0, 46, 3, 25.0, 3, 12.50859742660691
20, 86.0, 0, 44, 2, 32.0, 3, 13.193240116318071
20, 87.0, 1, 42, 2, 38.0, 3, 12.530111547105282
20, 88.0, 0, 44, 0, 46.0, 4, 13.516564608494901
20, 89.0, 1, 44, 0, 49.0, 6, 15.119350945334395
20, 90.0, 0, 44, 2, 56.0, 6, 14.64525993433091
20, 91.0, 1, 46, 0, 65.0, 6, 14.993744062335566
20, 92.0, 1, 47, 0, 72.0, 6, 15.411827638290468
20, 93.0, 0, 46, 2, 81.0, 6, 15.62943673369645
20, 94.0, 0, 45, 3, 91.0, 6, 15.960161044532006
20, 95.0, 0, 45, 0, 102.0, 6, 17.226331082227606
20, 96.0, 0, 45, 1, 114.0, 6, 17.99567712431666
20, 97.0, 1, 46, 0, 101.0, 7, 17.19548101626937
20, 98.0, 1, 46, 2, 89.0, 6, 16.692695423292147
20, 99.0, 0, 48, 1, 80.0, 6, 18.571182331597527
20, 100.0, 0, 48, 2, 40.0, 6, 18.216080823155792
20, 101.0, 0, 49, 0, 28.0, 6, 17.6352593856211
20, 102.0, 0, 48, 2, 18.0, 5, 17.908493701533807
20, 103.0, 0, 51, 1, 9.0, 5, 18.015728573281752
20, 104.0, 0, 52, 0, 15.0, 5, 18.656280518157214
20, 105.0, 1, 52, 0, 6.0, 6, 18.471927718718202
20, 106.0, 1, 53, 1, 2.0, 5, 16.249094533037724
20, 107.0, 1, 52, 1, 4.0, 5, 15.921097998709586
20, 108.0, 1, 52, 1, 3.0, 5, 14.506331961307325
20, 109.0, 1, 51, 1, 6.0, 4, 13.951490662788206
20, 110.0, 1, 51, 2, 7.0, 4, 15.063324826592158
20, 111.0, 0, 51, 0, 4.0, 4, 15.362239722769775
20, 112.0, 1, 50, 1, 6.0, 5, 13.676171565248987
20, 113.0, 1, 51, 1, 10.0, 5, 14.516593318861775
20, 114.0, 0, 49, 3, 6.0, 5, 15.558127372300085
20, 115.0, 0, 49, 1, 4.0, 6, 16.254956582076456
20, 116.0, 0, 52, 1, 6.0, 5, 17.228902636943403
20, 117.0, 0, 51, 2, 6.0, 4, 18.631272904803506
20, 118.0, 1, 52, 1, 6.0, 4, 16.713359589980907
20, 119.0, 1, 53, 0, 8.0, 4, 17.336317091026356
20, 120.0, 0, 52, 3, 1.0, 5, 17.08421263455783
20, 121.0, 0, 54, 1, 2.0, 5, 17.3293893657907
20, 122.0, 0, 53, 4, 5.0, 4, 17.67233738664418
20, 123.0, 0, 55, 1, 11.0, 4, 17.954198120771547
20, 124.0, 1, 55, 1, 9.0, 4, 17.736346794986645
20, 125.0, 1, 56, 0, 11.0, 4, 17.271834979123902
20, 126.0, 0, 55, 1, 17.0, 4, 16.84664365161853
20, 127.0, 1, 56, 0, 24.0, 5, 15.707096947888044
20, 128.0, 1, 55, 2, 15.0, 5, 16.181857045989005
20, 129.0, 1, 56, 2, 16.0, 5, 16.79755214934552
20, 130.0, 0, 54, 3, 19.0, 4, 18.77969854209134
20, 131.0, 1, 55, 0, 23.0, 5, 17.97516472007594
20, 132.0, 1, 55, 1, 29.0, 5, 18.16965572598653
20, 133.0, 0, 54, 1, 23.0, 7, 17.921249509088252
20, 134.0, 0, 55, 1, 4.0, 6, 17.61869085543652
20, 135.0, 0, 55, 3, 6.0, 5, 18.76524593809464
20, 136.0, 0, 56, 0, 7.0, 5, 20.23789030452302
20, 137.0, 0, 55, 1, 11.0, 5, 20.089610317989308
20, 138.0, 1, 55, 1, 0.0, 5, 18.38481839950751
20, 139.0, 1, 54, 2, 1.0, 4, 18.530025640636328
20, 140.0, 1, 54, 2, 5.0, 4, 18.71483921614594
20, 141.0, 1, 57, 0, 11.0, 4, 17.064877881966357
20, 142.0, 1, 57, 1, 17.0, 4, 16.372953778009578
20, 143.0, 1, 57, 1, 20.0, 4, 17.15615241000122
20, 144.0, 0, 56, 1, 8.0, 4, 16.765777533129505
20, 145.0, 0, 56, 1, 11.0, 4, 14.989143800351844
20, 146.0, 0, 56, 1, 15.0, 4, 14.902556444968008
20, 147.0, 1, 55, 2, 7.0, 4, 13.397777062616688
20, 148.0, 0, 52, 3, 0.0, 3, 12.00859635194305
20, 149.0, 0, 52, 1, 0.0, 3, 11.345854777108894
20, 150.0, 0, 52, 1, 0.0, 3, 11.815368071213632
20, 151.0, 0, 54, 1, 1.0, 3, 12.698584395054992
20, 152.0, 1, 51, 3, 1.0, 4, 12.459810881557814
20, 153.0, 0, 47, 5, 1.0, 3, 11.511635095063697
20, 154.0, 1, 46, 2, 2.0, 5, 13.142794703757499
20, 155.0, 0, 47, 1, 4.0, 5, 13.919156546121044
20, 156.0, 1, 48, 1, 5.0, 5, 13.376172037340115
20, 157.0, 0, 47, 1, 8.0, 5, 12.196592502233717
20, 158.0, 0, 49, 0, 13.0, 5, 12.334898069914633
20, 159.0, 0, 48, 3, 18.0, 5, 14.014879272502043
20, 160.0, 1, 49, 0, 17.0, 6, 14.197446351769338
20, 161.0, 1, 47, 2, 21.0, 5, 14.291088872692061
20, 162.0, 0, 44, 4, 22.0, 4, 14.249801273756534
20, 163.0, 1, 40, 5, 15.0, 5, 13.12479827125442
20, 164.0, 1, 42, 0, 11.0, 5, 12.962512536254856
20, 165.0, 0, 41, 1, 5.0, 5, 12.082907973167057
20, 166.0, 1, 43, 1, 8.0, 5, 10.778669535095611
20, 167.0, 1, 43, 0, 11.0, 5, 12.231264905709068
20, 168.0, 0, 46, 0, 8.0, 5, 12.37069139982803
20, 169.0, 1, 46, 1, 10.0, 5, 10.63095767626778
20, 170.0, 1, 45, 2, 5.0, 5, 11.976917158221033
20, 171.0, 1, 47, 0, 7.0, 5, 11.142591055993012
20, 172.0, 1, 48, 1, 8.0, 5, 12.362504851459473
20, 173.0, 1, 50, 1, 3.0, 5, 12.189865210370893
20, 174.0, 0, 52, 1, 2.0, 6, 11.736828556370744
20, 175.0, 0, 54, 2, 4.0, 5, 10.712260251822556
20, 176.0, 1, 55, 0, 0.0, 5, 9.899499853036806
20, 177.0, 1, 54, 1, 0.0, 4, 8.845297492770205
20, 178.0, 0, 55, 1, 0.0, 4, 8.378104412339257
20, 179.0, 1, 55, 0, 0.0, 5, 8.793708343714643
20, 180.0, 1, 52, 3, 1.0, 4, 8.91963971250394
20, 181.0, 0, 51, 2, 0.0, 4, 8.511533663123295
20, 182.0, 1, 51, 1, 2.0, 5, 8.358690215453533
20, 183.0, 0, 48, 3, 0.0, 5, 9.72268256181066
20, 184.0, 0, 46, 2, 0.0, 5, 9.862875321294112
20, 185.0, 0, 47, 1, 1.0, 5, 10.594727764260812
20, 186.0, 0, 50, 1, 2.0, 5, 12.35857490357612
20, 187.0, 0, 51, 1, 6.0, 5, 16.4552589509222
20, 188.0, 1, 51, 1, 6.0, 6, 17.938682160059837
20, 189.0, 1, 48, 5, 9.0, 6, 18.256455875657377
20, 190.0, 1, 48, 2, 16.0, 5, 20.547598697717554
20, 191.0, 1, 49, 1, 26.0, 5, 20.182752274727015
20, 192.0, 0, 48, 3, 30.0, 5, 19.270495728674184
20, 193.0, 1, 51, 0, 28.0, 5, 17.072025588700914
20, 194.0, 0, 50, 1, 35.0, 4, 18.058009110606676
20, 195.0, 1, 50, 2, 44.0, 4, 17.542991716743003
20, 196.0, 0, 51, 0, 38.0, 4, 16.362925312625485
20, 197.0, 1, 50, 1, 45.0, 3, 14.704434733271741
20, 198.0, 0, 52, 0, 52.0, 6, 16.524827632144767
20, 199.0, 0, 51, 2, 56.0, 5, 16.991507062626134
20, 200.0, 1, 51, 1, 60.0, 6, 16.15083542958623
20, 201.0, 1, 50, 1, 67.0, 6, 15.000762561139842
20, 202.0, 1, 48, 2, 63.0, 6, 15.42798444138463
20, 203.0, 1, 48, 0, 70.0, 6, 14.84253897715195
20, 204.0, 0, 47, 1, 73.0, 6, 14.396668472337998
20, 205.0, 0, 47, 0, 48.0, 6, 15.761839938419484
20, 206.0, 1, 46, 1, 40.0, 7, 15.56183575376812
20, 207.0, 0, 45, 1, 44.0, 7, 15.761387729112622
20, 208.0, 1, 43, 2, 47.0, 6, 14.700465280663938
20, 209.0, 0, 42, 1, 52.0, 7, 14.769119607337885
20, 210.0, 1, 41, 1, 53.0, 7, 14.345077604746491
20, 211.0, 1, 39, 2, 57.0, 7, 13.948263568769486
20, 212.0, 0, 37, 2, 39.0, 7, 15.037542537849065
20, 213.0, 1, 37, 0, 44.0, 7, 14.669969416197983
20, 214.0, 1, 36, 1, 49.0, 6, 14.485279151435575
20, 215.0, 0, 34, 2, 56.0, 5, 14.762291387003506
20, 216.0, 0, 33, 1, 64.0, 5, 14.70910076124046
20, 217.0, 0, 33, 0, 75.0, 5, 13.972644528361542
20, 218.0, 1, 33, 0, 84.0, 5, 13.653724587810206
20, 219.0, 0, 30, 3, 86.0, 4, 12.786717774562096
20, 220.0, 0, 26, 4, 43.0, 3, 11.975670880156684
20, 221.0, 0, 26, 0, 38.0, 3, 11.093931034126639
20, 222.0, 0, 24, 2, 32.0, 3, 10.079599491815276
20, 223.0, 0, 23, 1, 27.0, 3, 9.017737875906331
20, 224.0, 0, 21, 2, 30.0, 3, 7.658978030774657
20, 225.0, 1, 20, 1, 33.0, 3, 6.541317851438109
20, 226.0, 0, 18, 2, 36.0, 3, 5.731211010356789
20, 227.0, 0, 17, 1, 39.0, 3, 4.908026386683305
20, 228.0, 1, 16, 1, 42.0, 3, 4.2321963790793635
20, 229.0, 1, 14, 2, 45.0, 3, 4.087296233533712
20, 230.0, 0, 14, 0, 48.0, 3, 3.9155150825331617
20, 231.0, 1, 13, 1, 16.0, 3, 3.447544572390857
20, 232.0, 0, 13, 0, 0.0, 3, 2.702431576376137
20, 233.0, 0, 12, 1, 0.0, 3, 1.987771213282464
20, 234.0, 1, 12, 0, 0.0, 3, 1.9813285116207169
20, 235.0, 1, 11, 1, 0.0, 2, 1.219642865304193
20, 236.0, 1, 11, 0, 0.0, 2, 1.1512219605370628
20, 237.0, 0, 9, 2, 0.0, 1, 0.6342629526023611
20, 238.0, 0, 8, 1, 0.0, 1, 0.5447391607767198
20, 239.0, 0, 8, 0, 0.0, 1, 0.3348629270873804
20, 240.0, 0, 7, 1, 0.0, 1, 0.3096414869669193
20, 241.0, 0, 7, 0, 0.0, 1, 0.35561403445379547
20, 242.0, 0, 6, 1, 0.0, 1, 0.14311434620669772
20, 243.0, 0, 6, 0, 0.0, 1, 0.35065085568737153
20, 244.0, 0, 4, 2, 0.0, 1, 0.20768214959865716
20, 245.0, 0, 3, 1, 0.0, 1, 0.1958904231988683
20, 246.0, 0, 2, 1, 0.0, 0, 0.03476317259376316
20, 247.0, 0, 1, 1, 0.0, 0, 0.020083676401604578
20, 248.0, 0, 1, 0, 0.0, 0, 0.1054944150810293
20, 249.0, 1, 1, 0, 0.0, 0, 0.0641255392115383
20, 250.0, 0, 1, 0, 0.0, 0, 0.049310522365598075
20, 251.0, 1, 0, 1, 0, 0, 0
21, 1.0, 1, 2, 0, 0.0, 0, 0.0
21, 2.0, 1, 3, 0, 0.0, 0, 1.0814256854756554
21, 3.0, 0, 5, 0, 0.0, 0, 1.2317430816274335
21, 4.0, 0, 7, 0, 0.0, 0, 1.2562929516962287
21, 5.0, 1, 9, 0, 0.0, 0, 1.3267641311373821
21, 6.0, 1, 9, 0, 0.0, 0, 1.2111458088704232
21, 7.0, 0, 10, 0, 0.0, 0, 0.8241869857907528
21, 8.0, 1, 11, 0, 0.0, 0, 1.1261125852745222
21, 9.0, 1, 12, 0, 0.0, 0, 1.687215381166026
21, 10.0, 0, 15, 0, 0.0, 0, 1.9070519360886862
21, 11.0, 0, 16, 0, 0.0, 0, 3.0477319902337747
21, 12.0, 1, 18, 0, 0.0, 0, 2.9473972121987333
21, 13.0, 1, 18, 0, 0.0, 0, 2.7241826391814556
21, 14.0, 0, 20, 0, 0.0, 0, 2.5068451533713274
21, 15.0, 0, 22, 0, 0.0, 0, 3.6378707153628613
21, 16.0, 0, 23, 0, 0.0, 0, 5.10913676141302
21, 17.0, 1, 23, 0, 0.0, 0, 4.100977483498483
21, 18.0, 0, 25, 0, 0.0, 0, 3.686373170050338
21, 19.0, 0, 25, 0, 0.0, 0, 5.103423426784302
21, 20.0, 0, 27, 0, 0.0, 0, 5.936405732090874
21, 21.0, 1, 27, 0, 1.0, 1, 6.339599334157587
21, 22.0, 0, 28, 0, 0.0, 1, 5.833318685975075
21, 23.0, 1, 30, 0, 1.0, 2, 6.54714760309531
21, 24.0, 1, 31, 0, 2.0, 2, 7.377412480925372
21, 25.0, 0, 33, 0, 3.0, 2, 7.015068433495166
21, 26.0, 0, 36, 0, 1.0, 2, 8.848146518734453
21, 27.0, 1, 38, 0, 2.0, 2, 9.60533550936481
21, 28.0, 0, 40, 0, 5.0, 4, 11.018441900544342
21, 29.0, 0, 41, 0, 9.0, 4, 12.118576707748508
21, 30.0, 1, 41, 0, 0.0, 4, 9.80363101268549
21, 31.0, 0, 46, 0, 0.0, 5, 8.446401949991575
21, 32.0, 1, 48, 0, 0.0, 5, 8.802397184896604
21, 33.0, 0, 45, 3, 1.0, 5, 8.67935877224715
21, 34.0, 1, 45, 1, 3.0, 6, 8.067610685126985
21, 35.0, 0, 46, 0, 0.0, 7, 7.762110782455645
21, 36.0, 0, 45, 2, 1.0, 7, 7.303237543468754
21, 37.0, 0, 44, 2, 3.0, 7, 8.954075902241788
21, 38.0, 1, 45, 0, 0.0, 7, 8.704416961569356
21, 39.0, 0, 47, 0, 1.0, 8, 9.131708207395143
21, 40.0, 1, 51, 0, 0.0, 9, 10.466704108892412
21, 41.0, 0, 50, 1, 1.0, 10, 11.685472886853963
21, 42.0, 1, 51, 1, 2.0, 10, 10.34693206547196
21, 43.0, 0, 54, 0, 5.0, 13, 11.900495141309944
21, 44.0, 0, 53, 3, 3.0, 13, 12.03287090287663
21, 45.0, 1, 52, 1, 0.0, 13, 11.440213961641717
21, 46.0, 1, 51, 2, 0.0, 11, 9.610363604475625
21, 47.0, 1, 52, 3, 0.0, 9, 9.71961585676705
21, 48.0, 1, 51, 1, 0.0, 8, 11.699042620048889
21, 49.0, 1, 51, 0, 3.0, 8, 11.985207526667645
21, 50.0, 1, 52, 1, 7.0, 8, 11.865183439819557
21, 51.0, 1, 54, 1, 12.0, 8, 12.487043015654132
21, 52.0, 0, 53, 2, 5.0, 9, 12.27504660159607
21, 53.0, 1, 51, 3, 5.0, 8, 12.105411458794869
21, 54.0, 0, 51, 2, 0.0, 8, 11.101778165074808
21, 55.0, 0, 49, 2, 0.0, 8, 13.01379723471206
21, 56.0, 0, 50, 1, 3.0, 8, 12.834928018753624
21, 57.0, 0, 49, 2, 7.0, 8, 12.672161398573058
21, 58.0, 1, 47, 2, 4.0, 7, 10.950591378209804
21, 59.0, 0, 48, 0, 8.0, 7, 9.811576546352612
21, 60.0, 0, 47, 2, 9.0, 6, 9.51937824507003
21, 61.0, 1, 49, 0, 0.0, 7, 11.44277540149456
21, 62.0, 0, 49, 3, 0.0, 6, 11.072789312043302
21, 63.0, 0, 48, 2, 0.0, 5, 12.461755739689371
21, 64.0, 1, 50, 0, 1.0, 5, 12.580436901065978
21, 65.0, 1, 50, 0, 3.0, 5, 12.62863321144619
21, 66.0, 1, 52, 0, 5.0, 5, 11.519265158611667
21, 67.0, 1, 50, 2, 7.0, 5, 10.74552515554077
21, 68.0, 1, 49, 2, 11.0, 4, 10.086946562677362
21, 69.0, 0, 46, 3, 6.0, 6, 11.826846105021286
21, 70.0, 1, 46, 0, 9.0, 6, 11.207120244298645
21, 71.0, 0, 46, 1, 10.0, 6, 11.609448062371522
21, 72.0, 1, 46, 2, 12.0, 5, 11.155231291504295
21, 73.0, 1, 47, 1, 16.0, 5, 11.820120275249831
21, 74.0, 1, 45, 2, 22.0, 5, 13.046518914106883
21, 75.0, 0, 46, 2, 18.0, 7, 14.647156757442167
21, 76.0, 0, 48, 1, 25.0, 7, 14.915816447045382
21, 77.0, 1, 45, 4, 22.0, 6, 14.435977107857218
21, 78.0, 1, 44, 1, 27.0, 6, 14.46187500915271
21, 79.0, 1, 44, 1, 35.0, 6, 14.091882101950908
21, 80.0, 0, 45, 0, 34.0, 8, 14.027704565938862
21, 81.0, 1, 44, 2, 42.0, 9, 13.039810457482746
21, 82.0, 1, 46, 1, 51.0, 8, 12.478386983542816
21, 83.0, 1, 44, 3, 60.0, 8, 12.998402734098832
21, 84.0, 1, 43, 1, 69.0, 8, 13.804300888210479
21, 85.0, 0, 46, 0, 59.0, 9, 14.496140300224237
21, 86.0, 0, 46, 0, 52.0, 9, 14.666546296803928
21, 87.0, 1, 45, 1, 58.0, 9, 15.016744942556743
21, 88.0, 0, 46, 1, 45.0, 9, 14.451691737423538
21, 89.0, 1, 45, 1, 33.0, 10, 14.68877708274782
21, 90.0, 0, 45, 2, 24.0, 10, 13.740707634482515
21, 91.0, 1, 47, 0, 26.0, 10, 13.555870546985954
21, 92.0, 1, 47, 1, 28.0, 10, 12.421534130960149
21, 93.0, 1, 48, 0, 31.0, 10, 12.247683360957137
21, 94.0, 0, 48, 2, 34.0, 10, 11.61864316189013
21, 95.0, 0, 46, 2, 37.0, 9, 11.637408774924149
21, 96.0, 0, 46, 1, 12.0, 9, 11.515408803304243
21, 97.0, 1, 47, 0, 12.0, 9, 10.360431670091746
21, 98.0, 1, 49, 0, 13.0, 9, 9.465102853542069
21, 99.0, 0, 52, 0, 0.0, 9, 10.813592725926041
21, 100.0, 1, 51, 3, 1.0, 8, 9.63734637124089
21, 101.0, 1, 51, 1, 2.0, 8, 9.233028355672216
21, 102.0, 1, 50, 2, 3.0, 7, 10.556637401612756
21, 103.0, 0, 53, 1, 5.0, 6, 10.439041786237299
21, 104.0, 0, 51, 3, 6.0, 6, 11.345991805328408
21, 105.0, 1, 49, 2, 8.0, 5, 11.29811977356565
21, 106.0, 0, 49, 2, 3.0, 4, 11.040258985319268
21, 107.0, 0, 47, 2, 5.0, 3, 10.961276772007917
21, 108.0, 1, 47, 1, 4.0, 2, 9.54625362667569
21, 109.0, 0, 45, 2, 0.0, 2, 10.011521833366979
21, 110.0, 0, 45, 2, 0.0, 2, 10.392946240855421
21, 111.0, 1, 42, 3, 3.0, 3, 10.998249744929689
21, 112.0, 0, 42, 0, 4.0, 4, 11.645358096473847
21, 113.0, 0, 43, 1, 7.0, 4, 12.45340383287125
21, 114.0, 1, 41, 3, 11.0, 3, 13.634260888643047
21, 115.0, 1, 41, 1, 16.0, 3, 14.082744382999158
21, 116.0, 0, 43, 2, 16.0, 4, 14.064097066420997
21, 117.0, 1, 43, 1, 21.0, 5, 14.658610791369426
21, 118.0, 1, 42, 3, 27.0, 5, 14.922881170970173
21, 119.0, 1, 42, 1, 33.0, 5, 14.967723912399789
21, 120.0, 0, 44, 0, 27.0, 5, 14.618206914706683
21, 121.0, 1, 47, 0, 28.0, 5, 15.380751356792251
21, 122.0, 0, 49, 1, 33.0, 5, 16.296178011673213
21, 123.0, 1, 52, 0, 42.0, 6, 17.44412232394495
21, 124.0, 1, 52, 1, 51.0, 6, 18.464722979091533
21, 125.0, 1, 52, 1, 61.0, 6, 18.828729189397144
21, 126.0, 0, 51, 1, 71.0, 7, 18.869336869465002
21, 127.0, 1, 51, 1, 81.0, 7, 17.869389968927432
21, 128.0, 0, 52, 0, 73.0, 8, 19.220645624700232
21, 129.0, 1, 53, 2, 78.0, 8, 20.501944344202613
21, 130.0, 0, 52, 2, 85.0, 8, 22.67242105877618
21, 131.0, 0, 53, 0, 95.0, 8, 22.4342844419952
21, 132.0, 0, 53, 1, 107.0, 8, 23.95463663497143
21, 133.0, 1, 53, 0, 117.0, 8, 24.482080576515482
21, 134.0, 0, 53, 2, 128.0, 9, 24.38952350604024
21, 135.0, 1, 56, 0, 138.0, 13, 27.68571101098117
21, 136.0, 0, 57, 0, 146.0, 14, 29.019476368872425
21, 137.0, 1, 56, 1, 159.0, 14, 28.2300665125569
21, 138.0, 1, 56, 1, 176.0, 14, 27.102499421764215
21, 139.0, 1, 57, 0, 193.0, 14, 27.697870181637
21, 140.0, 1, 58, 1, 211.0, 14, 26.31040045609402
21, 141.0, 0, 61, 0, 168.0, 14, 25.894085164851433
21, 142.0, 0, 61, 1, 147.0, 14, 26.598803913785158
21, 143.0, 0, 61, 1, 159.0, 14, 27.5371319259669
21, 144.0, 0, 60, 1, 171.0, 13, 27.205240468050764
21, 145.0, 0, 60, 1, 131.0, 13, 26.265199728598635
21, 146.0, 1, 60, 1, 89.0, 12, 24.15943582343591
21, 147.0, 0, 60, 1, 94.0, 14, 23.4774645513524
21, 148.0, 0, 59, 1, 92.0, 14, 23.833558854441932
21, 149.0, 0, 59, 1, 65.0, 13, 23.30011908861211
21, 150.0, 1, 60, 0, 67.0, 13, 21.28719993085992
21, 151.0, 0, 61, 2, 50.0, 13, 19.099156172637883
21, 152.0, 0, 61, 0, 58.0, 13, 18.81150009641971
21, 153.0, 0, 61, 1, 67.0, 12, 18.564395579836233
21, 154.0, 0, 59, 3, 74.0, 12, 18.822948546006536
21, 155.0, 1, 61, 0, 67.0, 12, 17.993142489368708
21, 156.0, 1, 61, 2, 72.0, 11, 17.637072104946128
21, 157.0, 1, 58, 3, 82.0, 11, 18.122903957058288
21, 158.0, 1, 59, 1, 58.0, 11, 16.20676217333691
21, 159.0, 0, 59, 2, 55.0, 9, 16.140999602249806
21, 160.0, 1, 58, 2, 59.0, 9, 15.440701302273734
21, 161.0, 1, 56, 2, 38.0, 9, 14.189612151879873
21, 162.0, 0, 54, 3, 15.0, 8, 11.92754212407839
21, 163.0, 0, 53, 2, 11.0, 8, 11.441230466556588
21, 164.0, 1, 53, 2, 12.0, 7, 10.056940148323188
21, 165.0, 0, 50, 3, 13.0, 6, 10.25994513516121
21, 166.0, 0, 50, 3, 14.0, 5, 8.335663193620377
21, 167.0, 0, 50, 0, 16.0, 5, 9.34914499002347
21, 168.0, 1, 51, 2, 18.0, 5, 9.153847159016935
21, 169.0, 1, 52, 0, 20.0, 5, 8.69016284532052
21, 170.0, 1, 50, 3, 22.0, 3, 9.761546324175944
21, 171.0, 1, 52, 0, 25.0, 3, 8.990520965409717
21, 172.0, 1, 52, 2, 2.0, 3, 8.930807500334204
21, 173.0, 1, 53, 2, 3.0, 3, 10.494205931305379
21, 174.0, 0, 53, 3, 0.0, 3, 9.898497248230854
21, 175.0, 1, 53, 4, 0.0, 2, 8.907713263812514
21, 176.0, 0, 53, 1, 0.0, 4, 9.376794325118038
21, 177.0, 1, 53, 0, 0.0, 4, 8.24153884856056
21, 178.0, 1, 52, 3, 0.0, 3, 7.657030200379439
21, 179.0, 1, 50, 2, 1.0, 3, 7.157375548203002
21, 180.0, 1, 46, 4, 2.0, 2, 8.180450391945284
21, 181.0, 1, 46, 1, 3.0, 2, 8.04470309460695
21, 182.0, 1, 46, 1, 5.0, 2, 10.142901050686772
21, 183.0, 0, 45, 1, 5.0, 2, 10.320925126946282
21, 184.0, 1, 43, 2, 2.0, 2, 10.306759146047746
21, 185.0, 0, 45, 0, 0.0, 2, 11.879707719172862
21, 186.0, 1, 45, 4, 1.0, 3, 12.706007489220902
21, 187.0, 0, 47, 0, 1.0, 4, 14.50820811354864
21, 188.0, 1, 47, 1, 3.0, 4, 15.111328785014283
21, 189.0, 1, 45, 4, 5.0, 4, 13.701136723071409
21, 190.0, 0, 45, 2, 7.0, 4, 14.567954855306251
21, 191.0, 1, 47, 0, 7.0, 6, 15.348361242625314
21, 192.0, 1, 49, 0, 7.0, 6, 14.596033601796174
21, 193.0, 0, 52, 0, 8.0, 6, 13.769116360547976
21, 194.0, 0, 51, 1, 9.0, 6, 12.929453063583356
21, 195.0, 1, 51, 2, 12.0, 6, 10.735093783045382
21, 196.0, 1, 52, 0, 15.0, 6, 10.021569379845237
21, 197.0, 1, 50, 2, 18.0, 6, 10.511634484474406
21, 198.0, 1, 51, 1, 14.0, 5, 8.819321205607443
21, 199.0, 0, 52, 0, 16.0, 5, 9.414440409057187
21, 200.0, 1, 51, 2, 8.0, 6, 9.34058689369923
21, 201.0, 1, 50, 1, 10.0, 6, 9.187357299438899
21, 202.0, 1, 48, 2, 2.0, 5, 8.878594088881217
21, 203.0, 1, 46, 2, 3.0, 5, 8.220253234136871
21, 204.0, 1, 46, 0, 4.0, 5, 7.874380161282581
21, 205.0, 0, 43, 3, 0.0, 5, 8.458951817464314
21, 206.0, 1, 43, 0, 1.0, 6, 8.839165438219585
21, 207.0, 1, 39, 4, 3.0, 5, 8.480128612768183
21, 208.0, 1, 37, 2, 4.0, 4, 9.16182091140092
21, 209.0, 0, 37, 0, 0.0, 5, 9.336906567200446
21, 210.0, 0, 34, 3, 1.0, 4, 10.054959316127656
21, 211.0, 1, 33, 1, 1.0, 5, 10.457818096140327
21, 212.0, 0, 31, 2, 1.0, 4, 9.557819133470643
21, 213.0, 1, 29, 2, 1.0, 4, 9.659111214632462
21, 214.0, 0, 28, 1, 2.0, 4, 9.719190058511023
21, 215.0, 0, 26, 2, 4.0, 4, 9.881477088571746
21, 216.0, 1, 26, 0, 4.0, 4, 9.387588179082615
21, 217.0, 1, 26, 0, 7.0, 4, 8.571621872162297
21, 218.0, 1, 25, 1, 10.0, 4, 8.260555228396537
21, 219.0, 1, 23, 2, 3.0, 4, 6.470838883641286
21, 220.0, 0, 21, 2, 4.0, 4, 5.202989135920237
21, 221.0, 1, 18, 3, 5.0, 4, 4.973191250013726
21, 222.0, 1, 15, 3, 6.0, 3, 3.4450817370879516
21, 223.0, 1, 15, 0, 7.0, 3, 2.778956654030127
21, 224.0, 0, 15, 0, 8.0, 3, 2.315288280960731
21, 225.0, 0, 15, 0, 9.0, 3, 1.7462255888473486
21, 226.0, 0, 15, 0, 10.0, 3, 1.8378976735536927
21, 227.0, 1, 13, 2, 0.0, 3, 1.473975880597286
21, 228.0, 0, 12, 1, 0.0, 2, 1.1854901049565871
21, 229.0, 0, 10, 2, 0.0, 1, 0.7129266136281389
21, 230.0, 0, 9, 1, 0.0, 1, 0.8849316471944304
21, 231.0, 0, 9, 0, 0.0, 1, 0.7233482776618683
21, 232.0, 1, 8, 1, 0.0, 1, 0.4858101760504798
21, 233.0, 1, 8, 0, 0.0, 1, 0.2645737494873899
21, 234.0, 0, 8, 0, 0.0, 1, 0.4141781737213943
21, 235.0, 0, 6, 2, 0.0, 1, 0.2906915092680915
21, 236.0, 0, 6, 0, 0.0, 1, 0.3753458429426697
21, 237.0, 0, 5, 1, 0.0, 1, 0.21078327592584145
21, 238.0, 0, 4, 1, 0.0, 1, 0.23236258955184574
21, 239.0, 0, 2, 2, 0.0, 0, 0.12692835805911784
21, 240.0, 0, 2, 0, 0.0, 0, 0.0296502944466166
21, 241.0, 0, 2, 0, 0.0, 0, 0.1385936944111581
21, 242.0, 0, 2, 0, 0.0, 0, 0.07823543732446225
21, 243.0, 1, 0, 2, 0, 0, 0
22, 1.0, 1, 2, 0, 0.0, 0, 0.0
22, 2.0, 0, 3, 0, 0.0, 0, 1.0814256854756554
22, 3.0, 0, 5, 0, 0.0, 0, 1.2317430816274335
22, 4.0, 1, 7, 0, 0.0, 0, 1.2562929516962287
22, 5.0, 0, 9, 0, 0.0, 0, 1.3267641311373821
22, 6.0, 0, 9, 0, 0.0, 0, 1.1958048679358226
22, 7.0, 1, 10, 0, 0.0, 0, 0.8231502954305336
22, 8.0, 0, 11, 0, 0.0, 0, 1.0949618552544191
22, 9.0, 0, 12, 0, 0.0, 0, 1.613748799613663
22, 10.0, 0, 15, 0, 0.0, 0, 2.175601847651483
22, 11.0, 1, 16, 0, 0.0, 0, 2.8687765704270403
22, 12.0, 0, 18, 0, 0.0, 0, 3.1083536929101183
22, 13.0, 0, 18, 0, 0.0, 0, 2.6159818975381106
22, 14.0, 0, 20, 0, 0.0, 0, 2.537553971869176
22, 15.0, 0, 22, 0, 0.0, 0, 3.573317235925034
22, 16.0, 1, 23, 0, 0.0, 2, 4.391405767965641
22, 17.0, 0, 23, 0, 0.0, 2, 4.105873658706452
22, 18.0, 0, 25, 0, 0.0, 2, 5.175791501753695
22, 19.0, 0, 25, 0, 1.0, 2, 6.4935792130373144
22, 20.0, 0, 27, 0, 3.0, 2, 7.096058545568068
22, 21.0, 1, 27, 0, 3.0, 3, 7.513773233439856
22, 22.0, 0, 28, 0, 5.0, 3, 7.658692643985714
22, 23.0, 0, 30, 0, 8.0, 3, 8.970351784954577
22, 24.0, 1, 31, 0, 9.0, 4, 9.678725437367069
22, 25.0, 1, 33, 0, 12.0, 4, 9.673338897815096
22, 26.0, 0, 36, 0, 13.0, 4, 11.083257797427803
22, 27.0, 1, 38, 0, 10.0, 4, 11.693031655213987
22, 28.0, 1, 40, 0, 4.0, 4, 11.483869017856943
22, 29.0, 0, 41, 0, 5.0, 5, 13.845538126643666
22, 30.0, 1, 41, 0, 3.0, 5, 12.446226047358325
22, 31.0, 1, 46, 0, 6.0, 5, 11.570377908197123
22, 32.0, 1, 47, 1, 9.0, 5, 11.875026121662858
22, 33.0, 1, 45, 2, 10.0, 5, 12.219905067635757
22, 34.0, 0, 46, 0, 13.0, 6, 11.050855704276323
22, 35.0, 1, 46, 1, 17.0, 5, 10.09820878694562
22, 36.0, 1, 46, 1, 12.0, 5, 10.71554972544177
22, 37.0, 1, 45, 2, 16.0, 4, 11.00521502082019
22, 38.0, 1, 46, 0, 16.0, 4, 13.18221955190252
22, 39.0, 0, 48, 0, 21.0, 6, 14.923755318387034
22, 40.0, 0, 51, 1, 26.0, 6, 16.175128166480004
22, 41.0, 0, 51, 0, 32.0, 6, 17.9704988181863
22, 42.0, 1, 53, 0, 31.0, 6, 17.624906788491714
22, 43.0, 1, 56, 0, 36.0, 6, 17.094403675143283
22, 44.0, 0, 55, 2, 14.0, 5, 16.589099258661417
22, 45.0, 1, 53, 3, 17.0, 6, 16.102316596988853
22, 46.0, 1, 52, 2, 19.0, 6, 14.350780740735976
22, 47.0, 1, 53, 2, 25.0, 5, 15.078968445855704
22, 48.0, 0, 54, 0, 26.0, 5, 14.867010229888402
22, 49.0, 1, 54, 0, 30.0, 6, 13.828190767633156
22, 50.0, 0, 54, 2, 29.0, 6, 12.80492976114384
22, 51.0, 1, 57, 0, 33.0, 7, 12.430970800092997
22, 52.0, 0, 57, 1, 4.0, 9, 14.243475683234434
22, 53.0, 1, 58, 0, 5.0, 10, 14.760486345011868
22, 54.0, 1, 60, 0, 7.0, 10, 16.146133680762794
22, 55.0, 0, 57, 3, 6.0, 11, 16.058392570868502
22, 56.0, 0, 58, 1, 9.0, 11, 15.581256882476065
22, 57.0, 1, 57, 2, 13.0, 11, 16.243221165683423
22, 58.0, 0, 53, 4, 17.0, 10, 17.039622267287722
22, 59.0, 1, 51, 3, 23.0, 10, 15.513381394347645
22, 60.0, 1, 51, 1, 30.0, 10, 15.710089411044788
22, 61.0, 0, 51, 2, 36.0, 12, 17.438697004798453
22, 62.0, 1, 52, 2, 43.0, 11, 17.817326902461385
22, 63.0, 0, 52, 1, 45.0, 11, 19.2802821846051
22, 64.0, 1, 53, 1, 52.0, 11, 19.25934794341628
22, 65.0, 0, 52, 1, 58.0, 11, 20.06187036119466
22, 66.0, 1, 54, 0, 66.0, 11, 19.468947233326656
22, 67.0, 1, 52, 2, 56.0, 10, 18.59738013438912
22, 68.0, 0, 50, 3, 48.0, 8, 17.383345677971413
22, 69.0, 0, 50, 0, 54.0, 8, 17.973733457309123
22, 70.0, 1, 46, 4, 49.0, 7, 16.199355454994286
22, 71.0, 0, 46, 1, 44.0, 7, 15.085196450369438
22, 72.0, 1, 47, 0, 49.0, 7, 15.647255661273707
22, 73.0, 1, 49, 1, 56.0, 7, 14.501071583781734
22, 74.0, 0, 48, 1, 62.0, 8, 15.133945011705846
22, 75.0, 0, 52, 0, 56.0, 8, 14.84294001316833
22, 76.0, 0, 54, 0, 54.0, 8, 16.953484522782187
22, 77.0, 1, 53, 2, 54.0, 7, 15.562369776365154
22, 78.0, 1, 53, 0, 30.0, 7, 13.213173122206118
22, 79.0, 1, 54, 0, 10.0, 7, 12.575314078681899
22, 80.0, 0, 54, 1, 11.0, 7, 10.931745384148654
22, 81.0, 0, 53, 2, 12.0, 7, 10.53901093918482
22, 82.0, 1, 53, 3, 13.0, 6, 9.885501525341382
22, 83.0, 1, 53, 1, 14.0, 6, 10.0687836136005
22, 84.0, 0, 50, 3, 2.0, 4, 10.877276814701435
22, 85.0, 1, 50, 3, 2.0, 4, 10.945130710814924
22, 86.0, 1, 49, 1, 6.0, 3, 12.273383130540694
22, 87.0, 1, 48, 1, 12.0, 2, 13.089477995000216
22, 88.0, 0, 49, 1, 16.0, 2, 13.512157743535893
22, 89.0, 0, 47, 2, 19.0, 2, 14.668017353449706
22, 90.0, 0, 48, 1, 27.0, 2, 15.874425052965954
22, 91.0, 1, 48, 2, 36.0, 2, 16.250889342465676
22, 92.0, 1, 46, 3, 38.0, 2, 16.105695295820162
22, 93.0, 1, 45, 2, 41.0, 2, 15.886765575157366
22, 94.0, 1, 45, 2, 48.0, 1, 17.196521334154756
22, 95.0, 0, 44, 1, 39.0, 2, 18.81992042339484
22, 96.0, 0, 43, 2, 47.0, 2, 18.68338758330643
22, 97.0, 1, 44, 0, 38.0, 2, 18.23205054706856
22, 98.0, 1, 46, 0, 29.0, 2, 17.18326846878847
22, 99.0, 1, 49, 1, 22.0, 2, 17.353110959454522
22, 100.0, 1, 48, 2, 18.0, 2, 15.934861423478146
22, 101.0, 0, 49, 0, 20.0, 3, 14.948627605655169
22, 102.0, 0, 48, 1, 22.0, 2, 13.731530056052007
22, 103.0, 1, 52, 1, 23.0, 3, 12.638653410079073
22, 104.0, 1, 51, 2, 25.0, 3, 15.584323197513918
22, 105.0, 0, 52, 0, 27.0, 3, 14.496352752224247
22, 106.0, 1, 53, 0, 12.0, 3, 11.936673348359005
22, 107.0, 0, 52, 1, 14.0, 3, 11.649526511825126
22, 108.0, 0, 53, 0, 16.0, 3, 11.001742782448416
22, 109.0, 1, 53, 0, 19.0, 4, 11.63917365868056
22, 110.0, 0, 53, 2, 22.0, 4, 11.404949806536813
22, 111.0, 1, 52, 1, 25.0, 4, 11.617912830540202
22, 112.0, 1, 49, 3, 29.0, 4, 10.833899413736981
22, 113.0, 1, 50, 1, 26.0, 4, 11.775574980934074
22, 114.0, 1, 47, 3, 30.0, 3, 12.92962556161524
22, 115.0, 1, 47, 2, 35.0, 3, 13.638315013250592
22, 116.0, 0, 49, 2, 33.0, 3, 14.528807053538557
22, 117.0, 1, 48, 2, 37.0, 4, 15.79938925907566
22, 118.0, 1, 49, 1, 39.0, 4, 15.671787740914054
22, 119.0, 0, 49, 1, 38.0, 5, 14.746850453850628
22, 120.0, 1, 47, 4, 40.0, 4, 11.677313122837164
22, 121.0, 1, 48, 2, 43.0, 3, 12.497218864840718
22, 122.0, 0, 50, 1, 48.0, 3, 11.78088271919178
22, 123.0, 1, 51, 2, 53.0, 4, 12.62294839158389
22, 124.0, 0, 51, 1, 58.0, 6, 12.91114940503151
22, 125.0, 1, 52, 0, 46.0, 6, 11.896066813649576
22, 126.0, 1, 51, 1, 50.0, 6, 12.818735859750614
22, 127.0, 1, 51, 1, 46.0, 6, 12.741568529039085
22, 128.0, 0, 51, 1, 45.0, 6, 12.605082619762069
22, 129.0, 0, 52, 2, 48.0, 6, 13.133308570881836
22, 130.0, 0, 51, 2, 52.0, 6, 15.228473416858796
22, 131.0, 0, 51, 1, 53.0, 6, 15.75083858888664
22, 132.0, 0, 52, 0, 48.0, 6, 17.320666982215037
22, 133.0, 1, 52, 0, 53.0, 7, 18.565414505822115
22, 134.0, 0, 50, 4, 48.0, 5, 17.516258603850652
22, 135.0, 0, 50, 3, 52.0, 5, 17.27430162387421
22, 136.0, 1, 50, 0, 57.0, 6, 18.77202982326766
22, 137.0, 1, 50, 1, 64.0, 6, 19.27608844569337
22, 138.0, 1, 52, 0, 73.0, 6, 19.604991760501232
22, 139.0, 1, 51, 1, 86.0, 6, 18.366521308911917
22, 140.0, 0, 52, 1, 90.0, 7, 17.68265977610767
22, 141.0, 1, 52, 3, 97.0, 6, 16.894876503100388
22, 142.0, 1, 53, 0, 106.0, 6, 18.96650536803808
22, 143.0, 1, 53, 1, 81.0, 6, 18.752872624499798
22, 144.0, 1, 53, 0, 68.0, 6, 18.439718356161283
22, 145.0, 0, 53, 1, 64.0, 7, 18.078151337962108
22, 146.0, 1, 54, 0, 68.0, 7, 16.46385423928269
22, 147.0, 1, 55, 0, 69.0, 7, 15.490282649542127
22, 148.0, 0, 54, 1, 68.0, 8, 15.75774882026906
22, 149.0, 1, 53, 2, 70.0, 7, 15.029987827361381
22, 150.0, 0, 54, 0, 70.0, 7, 15.100378535053293
22, 151.0, 0, 52, 5, 16.0, 7, 14.615907484985964
22, 152.0, 1, 50, 2, 19.0, 8, 14.442170343312704
22, 153.0, 0, 48, 3, 17.0, 7, 13.112933979970624
22, 154.0, 1, 48, 1, 18.0, 7, 12.298065050700506
22, 155.0, 1, 49, 1, 1.0, 7, 11.477346461299549
22, 156.0, 0, 49, 2, 2.0, 7, 11.022832157605121
22, 157.0, 1, 46, 3, 3.0, 8, 12.353358750840826
22, 158.0, 0, 48, 0, 5.0, 8, 12.421507208425085
22, 159.0, 0, 49, 1, 5.0, 7, 12.301345572486511
22, 160.0, 0, 49, 1, 7.0, 7, 12.174862086740768
22, 161.0, 0, 46, 3, 10.0, 7, 12.360704431843395
22, 162.0, 1, 46, 1, 12.0, 7, 11.661993370831627
22, 163.0, 1, 45, 2, 13.0, 7, 11.238003470560686
22, 164.0, 1, 46, 1, 1.0, 7, 12.081020348829892
22, 165.0, 1, 43, 3, 2.0, 6, 13.091389969952697
22, 166.0, 0, 44, 2, 0.0, 6, 10.987566534857109
22, 167.0, 1, 44, 0, 0.0, 7, 10.641891744905555
22, 168.0, 0, 46, 1, 0.0, 8, 9.841106400996606
22, 169.0, 1, 46, 1, 0.0, 8, 9.169287639613874
22, 170.0, 0, 44, 3, 0.0, 8, 10.15405143987119
22, 171.0, 1, 45, 1, 0.0, 8, 10.17001765077233
22, 172.0, 1, 46, 1, 0.0, 8, 8.904897243972373
22, 173.0, 1, 48, 1, 0.0, 7, 8.09287011397126
22, 174.0, 1, 51, 0, 0.0, 7, 7.713448349963291
22, 175.0, 1, 55, 0, 1.0, 7, 7.078089681988938
22, 176.0, 1, 54, 2, 2.0, 6, 8.211275443848631
22, 177.0, 1, 53, 1, 3.0, 6, 7.668200654491449
22, 178.0, 0, 54, 1, 4.0, 6, 6.7958231479279325
22, 179.0, 0, 54, 0, 0.0, 6, 7.8272393613827
22, 180.0, 1, 53, 1, 0.0, 6, 7.165258338185797
22, 181.0, 1, 51, 3, 0.0, 6, 6.355443265703264
22, 182.0, 1, 49, 3, 0.0, 5, 7.3194569908689395
22, 183.0, 1, 47, 2, 0.0, 3, 9.030368694528072
22, 184.0, 1, 44, 3, 2.0, 3, 9.971042473194565
22, 185.0, 0, 44, 2, 2.0, 2, 9.746340238649527
22, 186.0, 0, 48, 0, 3.0, 2, 13.026333682787207
22, 187.0, 1, 46, 3, 4.0, 3, 15.854228450820782
22, 188.0, 0, 47, 2, 1.0, 4, 16.227007801616395
22, 189.0, 1, 46, 2, 2.0, 4, 17.00346195831213
22, 190.0, 1, 47, 1, 4.0, 4, 15.125062665351157
22, 191.0, 0, 47, 2, 6.0, 4, 15.29479929323424
22, 192.0, 1, 48, 1, 7.0, 4, 13.045857926846658
22, 193.0, 0, 50, 1, 9.0, 5, 11.66433356859381
22, 194.0, 1, 50, 0, 11.0, 5, 12.890446944948028
22, 195.0, 0, 50, 2, 14.0, 5, 12.248679948317168
22, 196.0, 1, 51, 0, 17.0, 5, 11.306427112653504
22, 197.0, 0, 49, 2, 20.0, 4, 9.393854884651242
22, 198.0, 1, 50, 1, 0.0, 4, 8.860859451737197
22, 199.0, 1, 50, 1, 0.0, 4, 8.468328833631507
22, 200.0, 1, 49, 2, 0.0, 4, 8.522346499593136
22, 201.0, 1, 48, 1, 0.0, 4, 7.805615636101615
22, 202.0, 0, 47, 1, 1.0, 6, 8.091099889940777
22, 203.0, 1, 45, 2, 0.0, 7, 6.879375590834142
22, 204.0, 1, 44, 1, 1.0, 8, 7.3705405284660115
22, 205.0, 0, 43, 1, 1.0, 8, 8.253849793481596
22, 206.0, 0, 42, 1, 0.0, 8, 9.223034286061885
22, 207.0, 1, 41, 1, 0.0, 7, 9.002792795893837
22, 208.0, 0, 37, 4, 2.0, 6, 10.169937098318478
22, 209.0, 1, 37, 0, 3.0, 6, 9.695213055642629
22, 210.0, 1, 37, 0, 5.0, 6, 10.075505685782474
22, 211.0, 1, 35, 2, 7.0, 6, 10.406603693541628
22, 212.0, 1, 31, 4, 8.0, 5, 9.736834297478048
22, 213.0, 0, 31, 0, 11.0, 6, 10.470664288616806
22, 214.0, 0, 27, 4, 14.0, 6, 9.95070726189542
22, 215.0, 1, 26, 1, 9.0, 6, 8.429254935468238
22, 216.0, 0, 25, 1, 12.0, 6, 8.223439765367276
22, 217.0, 1, 24, 1, 13.0, 6, 7.4942847191624224
22, 218.0, 1, 23, 1, 15.0, 5, 6.327852725508762
22, 219.0, 0, 23, 0, 17.0, 5, 6.0214290292230785
22, 220.0, 1, 21, 2, 9.0, 4, 4.867253699061663
22, 221.0, 1, 21, 0, 10.0, 4, 4.179698180280914
22, 222.0, 1, 18, 3, 11.0, 3, 3.306047203924343
22, 223.0, 1, 17, 1, 12.0, 3, 2.3105533573692507
22, 224.0, 0, 14, 3, 13.0, 2, 1.7884991766772407
22, 225.0, 0, 13, 1, 14.0, 1, 1.95604054183337
22, 226.0, 0, 12, 1, 15.0, 1, 1.634949556807272
22, 227.0, 1, 12, 0, 0.0, 1, 1.5126525426057817
22, 228.0, 0, 11, 1, 0.0, 1, 1.24956468103312
22, 229.0, 0, 11, 0, 0.0, 1, 1.082107289776368
22, 230.0, 1, 8, 3, 0.0, 0, 0.9688434749944586
22, 231.0, 1, 7, 1, 0.0, 0, 0.8194082722459672
22, 232.0, 1, 7, 0, 0.0, 0, 0.4233062063544484
22, 233.0, 1, 6, 1, 0.0, 0, 0.3888289438202559
22, 234.0, 1, 6, 0, 0.0, 0, 0.31014824926301365
22, 235.0, 1, 5, 1, 0.0, 0, 0.13074973720671146
22, 236.0, 1, 5, 0, 0.0, 0, 0.2637946752850908
22, 237.0, 0, 5, 0, 0.0, 0, 0.361232234232963
22, 238.0, 0, 4, 1, 0.0, 0, 0.31306842109779964
22, 239.0, 1, 2, 2, 0.0, 0, 0.09621736560131389
22, 240.0, 1, 2, 0, 0.0, 0, 0.156956382168417
22, 241.0, 0, 2, 0, 0.0, 0, 0.08864772030928414
22, 242.0, 0, 2, 0, 0.0, 0, 0.12552890954642315
22, 243.0, 0, 2, 0, 0.0, 0, 0.0693051258205255
22, 244.0, 0, 0, 2, 0, 0, 0
23, 1.0, 1, 2, 0, 0.0, 0, 0.0
23, 2.0, 0, 3, 0, 0.0, 0, 1.0814256854756554
23, 3.0, 1, 5, 0, 0.0, 0, 1.2317430816274335
23, 4.0, 0, 7, 0, 0.0, 0, 1.2562929516962287
23, 5.0, 1, 9, 0, 0.0, 0, 1.3267641311373821
23, 6.0, 1, 9, 0, 0.0, 0, 1.2111458088704232
23, 7.0, 0, 10, 0, 0.0, 0, 0.8241869857907528
23, 8.0, 0, 11, 0, 0.0, 0, 1.1261125852745222
23, 9.0, 0, 12, 0, 0.0, 0, 1.687215381166026
23, 10.0, 1, 15, 0, 0.0, 0, 1.9748059927569641
23, 11.0, 0, 16, 0, 0.0, 0, 3.0779940360154896
23, 12.0, 1, 18, 0, 0.0, 0, 3.0314466091444587
23, 13.0, 1, 18, 0, 0.0, 0, 2.6906454910165367
23, 14.0, 0, 20, 0, 0.0, 0, 2.4388643822554625
23, 15.0, 0, 22, 0, 0.0, 0, 3.669111253026928
23, 16.0, 1, 23, 0, 0.0, 2, 4.469761712607188
23, 17.0, 1, 23, 0, 0.0, 2, 4.9584251591074535
23, 18.0, 1, 25, 0, 2.0, 2, 5.123434113205786
23, 19.0, 0, 25, 0, 0.0, 2, 6.343695294807889
23, 20.0, 1, 27, 0, 1.0, 3, 6.306099335316109
23, 21.0, 0, 28, 0, 0.0, 3, 7.5537883892018955
23, 22.0, 0, 28, 0, 1.0, 3, 8.3974820130174
23, 23.0, 1, 30, 0, 3.0, 3, 8.214629993800276
23, 24.0, 1, 31, 0, 6.0, 3, 8.548913288850358
23, 25.0, 0, 33, 0, 9.0, 3, 8.974110244014872
23, 26.0, 1, 36, 0, 13.0, 4, 9.978606465907236
23, 27.0, 0, 38, 0, 17.0, 6, 12.054664250379044
23, 28.0, 1, 40, 0, 10.0, 6, 11.16501307246057
23, 29.0, 1, 41, 0, 14.0, 6, 11.468057242819164
23, 30.0, 1, 41, 0, 18.0, 6, 10.881057660927942
23, 31.0, 0, 45, 1, 5.0, 7, 10.923628959801054
23, 32.0, 1, 46, 1, 5.0, 7, 9.979030982849446
23, 33.0, 0, 45, 1, 0.0, 7, 9.115768118554813
23, 34.0, 0, 46, 0, 0.0, 7, 8.623466407227244
23, 35.0, 1, 46, 1, 0.0, 7, 7.859433944772235
23, 36.0, 1, 47, 0, 0.0, 7, 7.450073561316906
23, 37.0, 0, 47, 1, 1.0, 7, 8.366242915898358
23, 38.0, 1, 48, 0, 2.0, 8, 8.818116333531792
23, 39.0, 0, 48, 2, 1.0, 6, 9.214727929016732
23, 40.0, 0, 51, 1, 2.0, 6, 10.259220117205
23, 41.0, 1, 50, 1, 1.0, 6, 10.583477163144932
23, 42.0, 0, 52, 0, 0.0, 8, 10.383977046765553
23, 43.0, 1, 54, 1, 1.0, 8, 10.402650531201026
23, 44.0, 1, 53, 3, 3.0, 8, 10.929663709893179
23, 45.0, 1, 53, 0, 5.0, 8, 11.279935724326329
23, 46.0, 1, 51, 3, 7.0, 8, 9.194290258188813
23, 47.0, 1, 52, 2, 11.0, 8, 9.452995782517414
23, 48.0, 1, 52, 1, 15.0, 7, 11.609044358660576
23, 49.0, 1, 50, 2, 19.0, 7, 11.863898535253336
23, 50.0, 1, 51, 1, 15.0, 6, 11.492372536520177
23, 51.0, 1, 54, 0, 19.0, 6, 12.476945292819108
23, 52.0, 1, 54, 1, 25.0, 6, 13.746361707222947
23, 53.0, 0, 53, 2, 2.0, 6, 13.36788692485317
23, 54.0, 1, 52, 3, 6.0, 5, 12.67047565344729
23, 55.0, 1, 50, 2, 11.0, 5, 15.258650129260312
23, 56.0, 1, 50, 2, 19.0, 4, 14.981168228875884
23, 57.0, 0, 49, 2, 15.0, 3, 15.24302533317526
23, 58.0, 0, 47, 2, 13.0, 3, 13.355268414453663
23, 59.0, 1, 47, 1, 16.0, 3, 12.474644654584367
23, 60.0, 1, 47, 1, 14.0, 3, 13.18204339812642
23, 61.0, 1, 47, 2, 16.0, 3, 13.529982419661325
23, 62.0, 0, 48, 2, 18.0, 3, 12.896722317530049
23, 63.0, 1, 48, 1, 20.0, 3, 12.807372538543708
23, 64.0, 1, 50, 0, 22.0, 3, 14.222465186186275
23, 65.0, 1, 50, 0, 25.0, 3, 14.614936368248873
23, 66.0, 1, 52, 0, 29.0, 3, 13.732936943775528
23, 67.0, 0, 50, 2, 16.0, 3, 14.552250244649452
23, 68.0, 0, 50, 1, 18.0, 2, 13.607432036669739
23, 69.0, 0, 49, 1, 21.0, 2, 14.382074408620113
23, 70.0, 0, 49, 0, 6.0, 2, 13.833901942797977
23, 71.0, 1, 46, 4, 3.0, 2, 12.19067203616919
23, 72.0, 1, 46, 2, 4.0, 1, 12.554091367029404
23, 73.0, 1, 47, 1, 0.0, 1, 12.184998188831376
23, 74.0, 1, 47, 0, 1.0, 1, 12.596558004084388
23, 75.0, 1, 48, 2, 2.0, 1, 13.15575822424652
23, 76.0, 1, 50, 1, 4.0, 1, 11.89591702266995
23, 77.0, 1, 48, 3, 4.0, 1, 12.533436195636368
23, 78.0, 0, 48, 0, 5.0, 1, 12.250593760925835
23, 79.0, 0, 46, 3, 0.0, 1, 10.521530364211719
23, 80.0, 1, 45, 2, 0.0, 2, 9.850982720218711
23, 81.0, 0, 45, 1, 0.0, 3, 9.208510557755519
23, 82.0, 1, 47, 1, 0.0, 3, 8.915004045434637
23, 83.0, 0, 47, 1, 0.0, 3, 10.8470472624422
23, 84.0, 1, 44, 3, 3.0, 2, 10.988372784395137
23, 85.0, 1, 46, 1, 4.0, 2, 10.43660104782463
23, 86.0, 1, 44, 2, 7.0, 2, 11.72556494729421
23, 87.0, 1, 44, 0, 6.0, 2, 10.698206502018534
23, 88.0, 0, 44, 2, 9.0, 3, 10.907547641687131
23, 89.0, 1, 43, 1, 12.0, 5, 13.084561408147053
23, 90.0, 1, 43, 2, 15.0, 5, 12.246200846993874
23, 91.0, 1, 42, 3, 13.0, 5, 12.971994799343893
23, 92.0, 1, 43, 0, 14.0, 5, 12.183048069113378
23, 93.0, 0, 43, 1, 11.0, 5, 12.160073117464801
23, 94.0, 1, 44, 1, 13.0, 5, 10.44263863164773
23, 95.0, 1, 42, 2, 17.0, 4, 11.886502453262004
23, 96.0, 1, 41, 2, 22.0, 3, 11.292669475429957
23, 97.0, 1, 42, 0, 15.0, 3, 10.907908816382688
23, 98.0, 0, 42, 2, 16.0, 3, 11.428359167162114
23, 99.0, 1, 45, 0, 14.0, 3, 11.392164175327544
23, 100.0, 1, 45, 2, 1.0, 3, 11.253958398541396
23, 101.0, 1, 46, 0, 0.0, 3, 10.773870607162841
23, 102.0, 1, 46, 1, 1.0, 3, 10.426671331473866
23, 103.0, 1, 49, 1, 2.0, 3, 10.238054450827127
23, 104.0, 0, 50, 0, 1.0, 3, 10.408195488509232
23, 105.0, 1, 50, 0, 3.0, 6, 10.460523614744568
23, 106.0, 0, 50, 2, 4.0, 6, 10.158531606347356
23, 107.0, 1, 49, 1, 0.0, 6, 9.750954385021913
23, 108.0, 1, 47, 3, 1.0, 6, 8.963354300873819
23, 109.0, 0, 45, 2, 2.0, 5, 9.705943047445503
23, 110.0, 0, 47, 0, 3.0, 5, 9.402643648611289
23, 111.0, 1, 47, 0, 4.0, 5, 9.850785463138486
23, 112.0, 0, 44, 3, 6.0, 5, 10.022383542408036
23, 113.0, 1, 44, 2, 9.0, 6, 10.77805335216474
23, 114.0, 0, 44, 1, 11.0, 7, 12.310891470535056
23, 115.0, 1, 43, 2, 14.0, 8, 12.760400300263154
23, 116.0, 0, 45, 2, 18.0, 6, 12.659576446869638
23, 117.0, 0, 44, 2, 22.0, 6, 14.842934772723632
23, 118.0, 1, 43, 3, 23.0, 6, 12.438119427656696
23, 119.0, 1, 42, 2, 21.0, 6, 12.646704223142569
23, 120.0, 1, 43, 1, 25.0, 6, 12.29206067090568
23, 121.0, 0, 46, 0, 28.0, 6, 11.905190265421407
23, 122.0, 0, 48, 1, 33.0, 6, 12.757497946323914
23, 123.0, 1, 51, 0, 39.0, 7, 13.137814480220737
23, 124.0, 1, 52, 0, 38.0, 7, 13.323286899594127
23, 125.0, 0, 52, 1, 42.0, 7, 13.16319495474791
23, 126.0, 1, 49, 3, 45.0, 6, 12.879397644128291
23, 127.0, 1, 49, 1, 52.0, 6, 13.653829469137403
23, 128.0, 1, 49, 1, 42.0, 6, 15.13784313178002
23, 129.0, 1, 52, 0, 27.0, 6, 16.400074893238067
23, 130.0, 1, 50, 3, 27.0, 5, 18.296694099264553
23, 131.0, 0, 50, 1, 33.0, 5, 16.891257884766137
23, 132.0, 0, 48, 3, 38.0, 3, 18.421603142474837
23, 133.0, 0, 47, 1, 46.0, 3, 18.847891777065943
23, 134.0, 0, 48, 1, 43.0, 3, 18.755529737978442
23, 135.0, 0, 51, 0, 27.0, 3, 20.44114081560729
23, 136.0, 1, 51, 1, 32.0, 4, 21.783704309374695
23, 137.0, 0, 51, 0, 25.0, 5, 20.902352103399842
23, 138.0, 1, 52, 0, 27.0, 5, 19.72269417845513
23, 139.0, 1, 53, 0, 29.0, 5, 19.30857542953409
23, 140.0, 0, 55, 0, 33.0, 5, 17.274441995695675
23, 141.0, 0, 56, 2, 38.0, 5, 18.516861607805094
23, 142.0, 1, 56, 1, 43.0, 5, 17.88367062800974
23, 143.0, 1, 56, 1, 48.0, 5, 17.84231495692878
23, 144.0, 0, 56, 0, 46.0, 5, 17.073388125458187
23, 145.0, 0, 57, 0, 50.0, 5, 16.940516010642106
23, 146.0, 0, 54, 4, 55.0, 5, 17.025719195058
23, 147.0, 1, 54, 1, 51.0, 4, 16.53289672714499
23, 148.0, 0, 54, 0, 33.0, 4, 16.01763096722699
23, 149.0, 0, 54, 1, 37.0, 4, 15.630540122813757
23, 150.0, 1, 50, 5, 40.0, 4, 14.204277105104174
23, 151.0, 1, 52, 1, 45.0, 4, 14.445217172919145
23, 152.0, 0, 51, 1, 50.0, 4, 13.541016681912424
23, 153.0, 1, 50, 2, 47.0, 4, 11.991457879185896
23, 154.0, 1, 50, 1, 38.0, 5, 13.7850423680001
23, 155.0, 0, 50, 2, 43.0, 6, 15.477618581854117
23, 156.0, 0, 49, 3, 50.0, 6, 13.55441988623798
23, 157.0, 1, 49, 0, 46.0, 6, 12.950566599718796
23, 158.0, 0, 50, 1, 37.0, 6, 11.213503207975116
23, 159.0, 1, 50, 2, 33.0, 7, 11.574130092784282
23, 160.0, 1, 50, 1, 35.0, 6, 10.519468888435169
23, 161.0, 0, 49, 1, 36.0, 7, 9.229687215371307
23, 162.0, 1, 47, 3, 36.0, 7, 8.718784849851053
23, 163.0, 1, 45, 3, 37.0, 7, 8.273046209329575
23, 164.0, 1, 47, 0, 1.0, 7, 8.347854019827809
23, 165.0, 1, 47, 0, 2.0, 7, 9.287855440793237
23, 166.0, 1, 49, 1, 4.0, 7, 8.969077819330234
23, 167.0, 1, 47, 2, 7.0, 7, 10.554755668617593
23, 168.0, 1, 48, 2, 10.0, 6, 10.502543160066953
23, 169.0, 1, 46, 3, 14.0, 5, 9.924071868093273
23, 170.0, 1, 45, 2, 19.0, 4, 9.490644843867704
23, 171.0, 1, 45, 2, 24.0, 4, 10.067141903822199
23, 172.0, 1, 46, 1, 29.0, 4, 11.165268799069135
23, 173.0, 1, 47, 2, 35.0, 4, 11.631569732230917
23, 174.0, 1, 49, 1, 41.0, 3, 12.165077141147599
23, 175.0, 1, 49, 4, 47.0, 2, 11.040171295202375
23, 176.0, 1, 50, 0, 53.0, 2, 11.357523344030083
23, 177.0, 1, 49, 1, 60.0, 2, 12.31285972228994
23, 178.0, 1, 50, 1, 67.0, 2, 12.091662827165694
23, 179.0, 1, 49, 1, 67.0, 2, 12.146722547181152
23, 180.0, 0, 46, 3, 17.0, 1, 12.578645607333701
23, 181.0, 1, 47, 0, 18.0, 1, 12.572702456020226
23, 182.0, 0, 47, 1, 2.0, 2, 14.238495862038478
23, 183.0, 0, 45, 2, 6.0, 1, 14.885411417262212
23, 184.0, 1, 44, 1, 6.0, 1, 13.72770136967147
23, 185.0, 0, 44, 2, 10.0, 1, 14.344322406178813
23, 186.0, 0, 48, 0, 9.0, 1, 15.896794854435903
23, 187.0, 0, 50, 0, 8.0, 1, 19.01981382910592
23, 188.0, 0, 49, 2, 6.0, 1, 19.06302765521324
23, 189.0, 1, 49, 2, 4.0, 1, 17.73206980402414
23, 190.0, 1, 51, 0, 3.0, 1, 17.028447433771948
23, 191.0, 1, 53, 0, 1.0, 1, 16.869045417234055
23, 192.0, 1, 54, 1, 0.0, 1, 15.059774274896855
23, 193.0, 1, 55, 2, 0.0, 1, 13.305208846232459
23, 194.0, 0, 55, 0, 0.0, 1, 13.491268570970385
23, 195.0, 1, 56, 1, 0.0, 1, 10.361871064671782
23, 196.0, 1, 56, 1, 0.0, 1, 9.2984852633729
23, 197.0, 1, 56, 0, 0.0, 1, 9.821623103284004
23, 198.0, 1, 55, 2, 0.0, 1, 8.5303780173685
23, 199.0, 1, 57, 0, 0.0, 1, 9.678214577088493
23, 200.0, 1, 57, 1, 1.0, 1, 10.355103835376495
23, 201.0, 1, 55, 2, 2.0, 1, 11.063217587621553
23, 202.0, 1, 50, 5, 3.0, 1, 11.876821100178365
23, 203.0, 0, 50, 0, 7.0, 1, 11.279452104182635
23, 204.0, 0, 45, 5, 9.0, 1, 11.387168429905138
23, 205.0, 0, 42, 3, 13.0, 1, 12.13714897305243
23, 206.0, 1, 41, 1, 14.0, 2, 12.213199227807259
23, 207.0, 0, 40, 1, 15.0, 3, 12.38944039917513
23, 208.0, 1, 38, 2, 15.0, 3, 12.499915549660479
23, 209.0, 1, 38, 0, 17.0, 3, 13.780129950444904
23, 210.0, 1, 36, 2, 19.0, 3, 13.967824338725608
23, 211.0, 0, 35, 1, 22.0, 3, 14.97703925360905
23, 212.0, 0, 33, 2, 24.0, 2, 14.739326938755829
23, 213.0, 0, 32, 1, 16.0, 2, 14.210662926552589
23, 214.0, 0, 30, 2, 17.0, 2, 13.42884182618663
23, 215.0, 1, 27, 3, 16.0, 2, 12.450669521270148
23, 216.0, 1, 27, 0, 17.0, 2, 11.19170863886248
23, 217.0, 1, 27, 0, 18.0, 2, 10.734548231467679
23, 218.0, 1, 27, 0, 0.0, 2, 8.732538322774705
23, 219.0, 1, 25, 2, 0.0, 2, 7.482439145444487
23, 220.0, 1, 23, 2, 0.0, 2, 6.019404383134317
23, 221.0, 1, 22, 1, 0.0, 2, 4.673240792282274
23, 222.0, 1, 22, 0, 0.0, 2, 4.643337354116187
23, 223.0, 1, 22, 0, 0.0, 2, 3.3756008634240504
23, 224.0, 0, 21, 1, 0.0, 2, 2.855817479617896
23, 225.0, 1, 19, 2, 0.0, 2, 2.8595330156793364
23, 226.0, 0, 16, 3, 1.0, 1, 2.6652847263570827
23, 227.0, 0, 16, 0, 2.0, 1, 2.838896000174099
23, 228.0, 0, 15, 1, 4.0, 1, 2.993249693965118
23, 229.0, 0, 15, 0, 6.0, 1, 2.7163214744333724
23, 230.0, 1, 13, 2, 3.0, 0, 2.4456970130460043
23, 231.0, 1, 11, 2, 0.0, 0, 2.084844831684997
23, 232.0, 1, 10, 1, 0.0, 0, 1.7399073789922515
23, 233.0, 0, 10, 0, 0.0, 0, 1.7381366392661874
23, 234.0, 1, 8, 2, 0.0, 0, 1.030138055007587
23, 235.0, 0, 6, 2, 0.0, 0, 0.7128380211700378
23, 236.0, 1, 6, 0, 0.0, 0, 1.1070147429977446
23, 237.0, 0, 6, 0, 0.0, 0, 0.7985527168295956
23, 238.0, 1, 5, 1, 0.0, 0, 0.5125707708421743
23, 239.0, 1, 4, 1, 0.0, 0, 0.184588609807248
23, 240.0, 1, 3, 1, 0.0, 0, 0.1433703419922896
23, 241.0, 1, 3, 0, 0.0, 0, 0.09494548406252434
23, 242.0, 0, 3, 0, 0.0, 0, 0.1734269937355304
23, 243.0, 0, 2, 1, 0.0, 0, 0.08261968338922898
23, 244.0, 0, 1, 1, 0.0, 0, 0.0947008484462657
23, 245.0, 0, 1, 0, 0.0, 0, 0.09497868226139516
23, 246.0, 0, 1, 0, 0.0, 0, 0.06334771684678842
23, 247.0, 0, 1, 0, 0.0, 0, 0.08626486189105265
23, 248.0, 0, 1, 0, 0.0, 0, 0.0944110401037932
23, 249.0, 0, 1, 0, 0.0, 0, 0.05630122089245759
23, 250.0, 1, 1, 0, 0.0, 0, 0.03905971626470972
23, 251.0, 1, 0, 1, 0, 0, 0
24, 1.0, 1, 2, 0, 0.0, 0, 0.0
24, 2.0, 1, 3, 0, 0.0, 0, 1.0814256854756554
24, 3.0, 0, 5, 0, 0.0, 0, 1.2317430816274335
24, 4.0, 1, 7, 0, 0.0, 0, 1.2562929516962287
24, 5.0, 0, 9, 0, 0.0, 0, 1.3267641311373821
24, 6.0, 0, 9, 0, 0.0, 0, 1.1958048679358226
24, 7.0, 1, 10, 0, 0.0, 0, 0.8231502954305336
24, 8.0, 0, 11, 0, 0.0, 0, 1.0949618552544191
24, 9.0, 0, 12, 0, 0.0, 0, 1.613748799613663
24, 10.0, 1, 15, 0, 0.0, 0, 2.175601847651483
24, 11.0, 0, 16, 0, 0.0, 0, 2.8687765704270403
24, 12.0, 1, 18, 0, 0.0, 0, 3.1541539786281274
24, 13.0, 0, 18, 0, 0.0, 0, 2.603456548762632
24, 14.0, 0, 20, 0, 0.0, 0, 2.481953329883644
24, 15.0, 0, 22, 0, 0.0, 0, 3.5251807252039016
24, 16.0, 1, 23, 0, 0.0, 2, 4.368054245855981
24, 17.0, 0, 23, 0, 0.0, 2, 3.9112333523665654
24, 18.0, 1, 25, 0, 0.0, 2, 5.205831221335654
24, 19.0, 0, 25, 0, 1.0, 2, 6.489262655001205
24, 20.0, 0, 27, 0, 3.0, 2, 7.058213573803018
24, 21.0, 1, 27, 0, 3.0, 3, 7.415009616187294
24, 22.0, 1, 28, 0, 5.0, 3, 7.853736451813958
24, 23.0, 1, 30, 0, 8.0, 3, 9.649477314744418
24, 24.0, 0, 31, 0, 9.0, 3, 9.263852055471904
24, 25.0, 1, 33, 0, 12.0, 4, 9.685127648488141
24, 26.0, 1, 36, 0, 9.0, 4, 10.440260794574424
24, 27.0, 0, 38, 0, 9.0, 6, 11.247421493380864
24, 28.0, 0, 40, 0, 0.0, 6, 12.712710321060705
24, 29.0, 1, 41, 0, 2.0, 6, 11.845664732653047
24, 30.0, 1, 41, 0, 5.0, 6, 11.24536313322697
24, 31.0, 0, 46, 0, 8.0, 7, 12.893986577745835
24, 32.0, 0, 47, 1, 14.0, 7, 13.500571775422694
24, 33.0, 0, 45, 2, 20.0, 7, 13.357289826786499
24, 34.0, 1, 46, 0, 22.0, 7, 12.024598925921739
24, 35.0, 1, 47, 0, 27.0, 7, 11.558194744747526
24, 36.0, 0, 47, 1, 16.0, 9, 12.4058889276571
24, 37.0, 1, 47, 1, 12.0, 8, 11.65748203589038
24, 38.0, 1, 46, 2, 7.0, 7, 11.684015384046958
24, 39.0, 0, 47, 1, 8.0, 7, 13.0661004606145
24, 40.0, 0, 50, 1, 2.0, 7, 13.91287160454755
24, 41.0, 1, 50, 0, 1.0, 7, 14.395450969413774
24, 42.0, 1, 52, 0, 2.0, 7, 13.207265433052369
24, 43.0, 1, 55, 0, 3.0, 7, 12.890003945618604
24, 44.0, 0, 55, 1, 0.0, 8, 13.45524816454387
24, 45.0, 1, 55, 1, 0.0, 8, 12.342118968043783
24, 46.0, 1, 53, 3, 2.0, 8, 11.46809502503133
24, 47.0, 1, 55, 1, 4.0, 7, 11.6034183196781
24, 48.0, 1, 56, 0, 6.0, 7, 12.114806143148249
24, 49.0, 1, 56, 0, 8.0, 7, 12.786158238463452
24, 50.0, 1, 57, 1, 13.0, 6, 12.93248131904437
24, 51.0, 0, 59, 1, 9.0, 7, 13.6389510047298
24, 52.0, 1, 58, 2, 10.0, 8, 14.67901429840076
24, 53.0, 0, 58, 1, 11.0, 7, 14.142156987742108
24, 54.0, 0, 55, 5, 13.0, 5, 15.20596250220405
24, 55.0, 1, 54, 1, 17.0, 5, 14.391686158642884
24, 56.0, 1, 53, 3, 21.0, 4, 14.273357730700376
24, 57.0, 1, 52, 2, 26.0, 4, 14.291048497169047
24, 58.0, 0, 48, 4, 26.0, 5, 14.414242182042914
24, 59.0, 1, 49, 0, 31.0, 6, 13.372834137591305
24, 60.0, 1, 50, 0, 35.0, 6, 14.449316567891538
24, 61.0, 0, 50, 2, 7.0, 7, 13.9258092184451
24, 62.0, 1, 52, 1, 10.0, 7, 13.85969388207848
24, 63.0, 0, 50, 3, 12.0, 7, 15.329335672949156
24, 64.0, 1, 51, 1, 15.0, 6, 14.81327321183652
24, 65.0, 1, 50, 1, 20.0, 6, 15.588596683129433
24, 66.0, 1, 52, 0, 26.0, 6, 14.820980450501656
24, 67.0, 1, 52, 0, 28.0, 6, 14.152146968297254
24, 68.0, 1, 51, 2, 14.0, 5, 13.420248236135816
24, 69.0, 0, 50, 1, 14.0, 6, 13.345086275255744
24, 70.0, 1, 48, 2, 18.0, 7, 11.775779572061372
24, 71.0, 1, 47, 2, 22.0, 6, 11.7089151860777
24, 72.0, 0, 49, 0, 24.0, 6, 12.172218832739306
24, 73.0, 1, 47, 4, 29.0, 5, 11.558350634796565
24, 74.0, 1, 46, 1, 34.0, 4, 11.56177153410365
24, 75.0, 0, 49, 1, 28.0, 4, 11.476649859279844
24, 76.0, 1, 50, 1, 32.0, 4, 12.973151222505557
24, 77.0, 1, 51, 0, 32.0, 4, 13.816313534764461
24, 78.0, 1, 49, 2, 37.0, 4, 12.680468618749535
24, 79.0, 0, 48, 2, 41.0, 5, 12.976663225987304
24, 80.0, 0, 46, 3, 47.0, 5, 12.960034564340486
24, 81.0, 0, 46, 1, 54.0, 5, 12.732468592425052
24, 82.0, 0, 48, 1, 55.0, 5, 12.447867795773748
24, 83.0, 1, 49, 0, 42.0, 5, 12.099524056871013
24, 84.0, 1, 46, 3, 47.0, 5, 12.192916950894
24, 85.0, 0, 47, 2, 43.0, 5, 11.893568494753431
24, 86.0, 1, 46, 1, 22.0, 6, 12.353330563758547
24, 87.0, 1, 44, 2, 17.0, 6, 11.493466141612318
24, 88.0, 1, 44, 2, 20.0, 5, 11.588038520349292
24, 89.0, 0, 43, 1, 20.0, 5, 12.331571045260874
24, 90.0, 0, 44, 1, 24.0, 5, 12.079420434030993
24, 91.0, 1, 45, 1, 23.0, 6, 12.780184828836848
24, 92.0, 1, 46, 0, 24.0, 6, 11.913738081523585
24, 93.0, 1, 46, 1, 27.0, 6, 11.312544128165092
24, 94.0, 0, 46, 2, 27.0, 7, 11.17944535307963
24, 95.0, 1, 45, 1, 29.0, 7, 11.958222678385324
24, 96.0, 0, 44, 2, 7.0, 9, 11.880662487304589
24, 97.0, 1, 45, 0, 10.0, 9, 11.21105570896739
24, 98.0, 1, 47, 0, 3.0, 9, 11.867277696483807
24, 99.0, 0, 48, 3, 5.0, 9, 11.985419869730652
24, 100.0, 1, 47, 2, 5.0, 10, 11.901200098955046
24, 101.0, 0, 47, 1, 0.0, 11, 10.843095634291618
24, 102.0, 0, 48, 0, 2.0, 11, 10.787007461148603
24, 103.0, 0, 51, 1, 2.0, 10, 9.264434100374144
24, 104.0, 0, 51, 1, 3.0, 10, 10.883213864368217
24, 105.0, 0, 48, 3, 4.0, 9, 11.16721268408987
24, 106.0, 0, 49, 1, 6.0, 9, 10.599639994760004
24, 107.0, 0, 49, 0, 10.0, 9, 11.579534399298712
24, 108.0, 0, 48, 2, 15.0, 8, 11.926148067413491
24, 109.0, 0, 47, 1, 21.0, 8, 13.267178290255208
24, 110.0, 1, 45, 4, 9.0, 8, 13.48002316711359
24, 111.0, 1, 44, 1, 8.0, 8, 15.092989849434215
24, 112.0, 0, 43, 1, 13.0, 8, 15.160563761027328
24, 113.0, 0, 44, 1, 16.0, 7, 15.020637075392006
24, 114.0, 1, 44, 1, 17.0, 6, 15.665115282419848
24, 115.0, 1, 42, 3, 19.0, 4, 16.070946079516318
24, 116.0, 0, 43, 3, 22.0, 3, 16.225679755782256
24, 117.0, 0, 44, 0, 20.0, 3, 17.688794313036865
24, 118.0, 0, 45, 1, 25.0, 3, 17.9806535424198
24, 119.0, 0, 46, 0, 33.0, 3, 16.793209928719527
24, 120.0, 1, 46, 2, 38.0, 2, 14.919420425167896
24, 121.0, 1, 49, 0, 38.0, 2, 15.855856694070638
24, 122.0, 0, 51, 1, 40.0, 2, 16.528888687033987
24, 123.0, 1, 54, 0, 15.0, 3, 17.152503972293943
24, 124.0, 1, 54, 1, 21.0, 3, 16.2530913594817
24, 125.0, 0, 55, 0, 13.0, 3, 15.428196672947216
24, 126.0, 1, 54, 1, 18.0, 2, 14.000117666074585
24, 127.0, 0, 54, 1, 24.0, 3, 13.997343402757432
24, 128.0, 1, 55, 0, 28.0, 3, 14.342136511284215
24, 129.0, 1, 57, 1, 33.0, 3, 15.472595297266677
24, 130.0, 0, 54, 4, 31.0, 5, 17.0101156082526
24, 131.0, 1, 55, 0, 36.0, 5, 16.83857690908123
24, 132.0, 1, 54, 2, 45.0, 5, 17.863363809702243
24, 133.0, 1, 54, 0, 52.0, 5, 18.577213310450265
24, 134.0, 1, 54, 2, 63.0, 5, 19.474607915624876
24, 135.0, 0, 56, 1, 71.0, 6, 20.538632656510146
24, 136.0, 0, 55, 2, 80.0, 6, 22.764631596717635
24, 137.0, 0, 54, 1, 93.0, 6, 24.243873693916242
24, 138.0, 0, 54, 1, 107.0, 6, 23.80987999115223
24, 139.0, 1, 55, 0, 121.0, 6, 23.72215582419085
24, 140.0, 1, 55, 2, 137.0, 6, 22.572273055468443
24, 141.0, 1, 56, 2, 140.0, 6, 23.896993920822222
24, 142.0, 1, 55, 2, 155.0, 5, 24.062502224029217
24, 143.0, 1, 54, 2, 161.0, 5, 25.326288295210116
24, 144.0, 0, 53, 1, 97.0, 5, 25.5079875108413
24, 145.0, 0, 54, 0, 94.0, 5, 25.224655260548904
24, 146.0, 1, 55, 0, 105.0, 5, 23.657888402395564
24, 147.0, 1, 55, 1, 105.0, 4, 23.045737530755403
24, 148.0, 0, 54, 1, 116.0, 4, 23.81626112060832
24, 149.0, 0, 53, 2, 127.0, 4, 22.770875414791075
24, 150.0, 0, 53, 1, 133.0, 4, 21.603843787924003
24, 151.0, 1, 56, 0, 121.0, 5, 20.612301124679842
24, 152.0, 1, 55, 1, 132.0, 6, 20.60780463795464
24, 153.0, 0, 56, 0, 133.0, 6, 20.964124078155706
24, 154.0, 0, 56, 1, 142.0, 6, 21.54172465949986
24, 155.0, 1, 56, 2, 153.0, 6, 21.818418968162984
24, 156.0, 0, 56, 2, 165.0, 6, 20.61354892277275
24, 157.0, 1, 55, 1, 123.0, 6, 19.68234867018552
24, 158.0, 1, 56, 1, 106.0, 6, 18.89995208006821
24, 159.0, 0, 57, 1, 115.0, 6, 19.556504594391
24, 160.0, 1, 57, 1, 103.0, 7, 19.714382657478225
24, 161.0, 1, 55, 2, 98.0, 7, 18.600455183767064
24, 162.0, 1, 55, 1, 109.0, 7, 18.682389250492804
24, 163.0, 1, 50, 6, 112.0, 7, 18.746797513947286
24, 164.0, 1, 52, 0, 96.0, 7, 19.133486498686914
24, 165.0, 0, 52, 0, 85.0, 7, 18.961039020691576
24, 166.0, 1, 54, 1, 88.0, 7, 17.950175633760207
24, 167.0, 1, 52, 2, 95.0, 6, 19.30637702296381
24, 168.0, 0, 55, 0, 99.0, 6, 17.691763533968608
24, 169.0, 1, 56, 0, 104.0, 6, 16.356827038347635
24, 170.0, 1, 56, 1, 103.0, 5, 16.923363180896057
24, 171.0, 0, 54, 4, 108.0, 5, 17.72271581993451
24, 172.0, 0, 53, 3, 113.0, 4, 19.033410560853508
24, 173.0, 1, 55, 1, 119.0, 4, 18.236104533067767
24, 174.0, 1, 56, 1, 125.0, 4, 18.144238312518453
24, 175.0, 0, 59, 2, 122.0, 5, 18.144677941242858
24, 176.0, 1, 57, 2, 126.0, 4, 17.062064454370727
24, 177.0, 1, 57, 1, 131.0, 4, 14.985055427317597
24, 178.0, 0, 59, 0, 73.0, 4, 15.567740891047285
24, 179.0, 1, 58, 1, 77.0, 4, 16.14661002185145
24, 180.0, 1, 57, 1, 79.0, 4, 16.44153949637332
24, 181.0, 0, 56, 2, 25.0, 5, 17.154354243255835
24, 182.0, 0, 56, 1, 27.0, 5, 15.510215498291585
24, 183.0, 1, 53, 3, 28.0, 4, 14.84917264517086
24, 184.0, 1, 51, 2, 33.0, 4, 14.243560289856322
24, 185.0, 0, 52, 1, 37.0, 5, 14.379977088485777
24, 186.0, 0, 55, 1, 43.0, 5, 16.490504211898696
24, 187.0, 0, 54, 2, 49.0, 5, 20.07236651134386
24, 188.0, 0, 56, 1, 51.0, 5, 20.933026323787495
24, 189.0, 0, 56, 1, 60.0, 5, 23.015253538480806
24, 190.0, 1, 57, 1, 59.0, 6, 23.932080929717714
24, 191.0, 1, 58, 1, 68.0, 6, 23.066199904293775
24, 192.0, 1, 60, 0, 74.0, 6, 23.341888711739912
24, 193.0, 0, 62, 1, 83.0, 7, 24.240992844351403
24, 194.0, 1, 60, 2, 82.0, 6, 22.727453137883113
24, 195.0, 0, 58, 4, 66.0, 6, 20.469455761612597
24, 196.0, 0, 58, 1, 72.0, 6, 20.857573922524878
24, 197.0, 0, 54, 4, 81.0, 4, 20.655595473197007
24, 198.0, 0, 55, 1, 90.0, 4, 19.11953648495546
24, 199.0, 1, 55, 1, 84.0, 4, 18.304807778210623
24, 200.0, 0, 54, 2, 90.0, 4, 16.786245873570174
24, 201.0, 1, 54, 0, 99.0, 5, 18.913874252572114
24, 202.0, 1, 54, 0, 82.0, 5, 18.722806997030137
24, 203.0, 1, 53, 1, 91.0, 5, 17.966796867304673
24, 204.0, 1, 51, 2, 91.0, 4, 17.921886578812927
24, 205.0, 0, 50, 1, 83.0, 4, 17.769555481498475
24, 206.0, 0, 49, 1, 89.0, 4, 18.429695898525473
24, 207.0, 1, 49, 0, 77.0, 4, 16.887290781736752
24, 208.0, 1, 48, 1, 67.0, 4, 16.917653137554968
24, 209.0, 1, 47, 1, 71.0, 4, 17.08670659317306
24, 210.0, 0, 46, 1, 76.0, 4, 16.286401719575835
24, 211.0, 0, 44, 2, 83.0, 3, 15.39427611543958
24, 212.0, 1, 44, 0, 89.0, 3, 14.68689567698491
24, 213.0, 1, 43, 1, 85.0, 3, 14.182269883096557
24, 214.0, 1, 39, 4, 90.0, 2, 14.172638145381818
24, 215.0, 0, 36, 3, 90.0, 2, 14.203324428571579
24, 216.0, 0, 36, 0, 96.0, 2, 13.212162065221705
24, 217.0, 0, 34, 2, 104.0, 2, 12.660374571527868
24, 218.0, 1, 34, 0, 108.0, 2, 11.713931471819077
24, 219.0, 0, 31, 3, 112.0, 2, 10.745173737211744
24, 220.0, 0, 30, 1, 114.0, 2, 9.73137436894991
24, 221.0, 1, 26, 4, 119.0, 2, 8.80661733985648
24, 222.0, 1, 24, 2, 124.0, 2, 7.727958969442232
24, 223.0, 1, 23, 1, 129.0, 2, 7.0229503806462965
24, 224.0, 1, 21, 2, 134.0, 2, 6.577286264110614
24, 225.0, 0, 18, 3, 120.0, 2, 6.245999171409175
24, 226.0, 0, 18, 0, 124.0, 2, 6.026483259885268
24, 227.0, 0, 18, 0, 128.0, 2, 6.3212103481683
24, 228.0, 0, 15, 3, 132.0, 1, 6.340477009009058
24, 229.0, 1, 15, 0, 136.0, 1, 6.251436595914294
24, 230.0, 0, 14, 1, 140.0, 1, 5.868407471565124
24, 231.0, 0, 12, 2, 144.0, 1, 5.55720484025354
24, 232.0, 0, 11, 1, 148.0, 1, 5.127327691176323
24, 233.0, 0, 11, 0, 20.0, 1, 4.576797304152711
24, 234.0, 0, 11, 0, 21.0, 1, 3.735030362319508
24, 235.0, 1, 11, 0, 0.0, 1, 2.9967298744136865
24, 236.0, 0, 11, 0, 0.0, 1, 2.0876911640099074
24, 237.0, 1, 9, 2, 0.0, 1, 1.3400871831504073
24, 238.0, 1, 9, 0, 0.0, 1, 1.0870025623176485
24, 239.0, 1, 9, 0, 0.0, 1, 0.7524843967449932
24, 240.0, 0, 8, 1, 0.0, 1, 0.4710170846367756
24, 241.0, 0, 7, 1, 0.0, 1, 0.383390283403255
24, 242.0, 1, 7, 0, 0.0, 1, 0.39723854673934156
24, 243.0, 0, 7, 0, 0.0, 1, 0.32432559009773243
24, 244.0, 0, 6, 1, 0.0, 1, 0.16106602459638708
24, 245.0, 0, 6, 0, 0.0, 1, 0.2508046452853847
24, 246.0, 0, 5, 1, 0.0, 1, 0.31288467790497876
24, 247.0, 1, 4, 1, 0.0, 1, 0.1100903501312338
24, 248.0, 0, 4, 0, 0.0, 1, 0.2088899375988369
24, 249.0, 0, 4, 0, 0.0, 1, 0.14688417693335865
24, 250.0, 0, 4, 0, 0.0, 1, 0.15722660081057427
24, 251.0, 1, 3, 1, 0.0, 0, 0.13354610529524535
24, 252.0, 1, 1, 2, 0.0, 0, 0.03961628878185408
24, 253.0, 0, 0, 1, 0, 0, 0
25, 1.0, 1, 2, 0, 0.0, 0, 0.0
25, 2.0, 0, 3, 0, 0.0, 0, 1.0814256854756554
25, 3.0, 0, 5, 0, 0.0, 0, 1.2317430816274335
25, 4.0, 0, 7, 0, 0.0, 0, 1.2562929516962287
25, 5.0, 0, 9, 0, 0.0, 0, 1.3267641311373821
25, 6.0, 0, 9, 0, 0.0, 0, 1.2111458088704232
25, 7.0, 1, 10, 0, 0.0, 0, 0.8241869857907528
25, 8.0, 1, 11, 0, 0.0, 0, 1.1261125852745222
25, 9.0, 0, 12, 0, 0.0, 0, 1.687215381166026
25, 10.0, 1, 15, 0, 0.0, 0, 1.9306770704687266
25, 11.0, 1, 16, 0, 0.0, 0, 3.021406472251262
25, 12.0, 0, 18, 0, 0.0, 0, 2.992537568035697
25, 13.0, 0, 18, 0, 0.0, 0, 2.663963305503752
25, 14.0, 0, 20, 0, 0.0, 0, 2.340485130386887
25, 15.0, 1, 22, 0, 0.0, 1, 3.3426038481648317
25, 16.0, 0, 23, 0, 0.0, 1, 4.261270411261478
25, 17.0, 0, 23, 0, 1.0, 1, 4.6280539702656345
25, 18.0, 0, 25, 0, 2.0, 1, 4.091709761611152
25, 19.0, 1, 25, 0, 0.0, 2, 5.264584261342487
25, 20.0, 0, 27, 0, 0.0, 4, 6.479471607215003
25, 21.0, 1, 27, 0, 0.0, 5, 7.468952948379296
25, 22.0, 1, 28, 0, 1.0, 5, 6.366710309339754
25, 23.0, 0, 30, 0, 1.0, 6, 8.457893642780572
25, 24.0, 1, 31, 0, 2.0, 6, 9.087347898158532
25, 25.0, 1, 33, 0, 4.0, 6, 8.747622324977048
25, 26.0, 1, 36, 0, 6.0, 6, 9.554744287194968
25, 27.0, 1, 38, 0, 10.0, 6, 10.334824840027832
25, 28.0, 1, 40, 0, 8.0, 6, 9.845224391775078
25, 29.0, 0, 41, 0, 8.0, 8, 11.43423209452911
25, 30.0, 1, 41, 0, 11.0, 8, 9.680400465294385
25, 31.0, 1, 45, 1, 14.0, 8, 7.757270984555987
25, 32.0, 0, 46, 1, 0.0, 8, 8.428973696151965
25, 33.0, 0, 45, 1, 0.0, 8, 8.105953412263041
25, 34.0, 0, 46, 0, 0.0, 8, 6.990398933003548
25, 35.0, 1, 46, 1, 0.0, 7, 6.132982984335784
25, 36.0, 1, 45, 2, 0.0, 6, 5.576833943452646
25, 37.0, 0, 46, 0, 0.0, 6, 6.111740804651643
25, 38.0, 0, 46, 1, 1.0, 6, 7.339374410908814
25, 39.0, 1, 48, 0, 0.0, 7, 9.05237790096199
25, 40.0, 0, 51, 1, 0.0, 7, 9.348212537424132
25, 41.0, 1, 51, 0, 1.0, 7, 11.028743645718707
25, 42.0, 1, 52, 1, 1.0, 7, 10.417181122619514
25, 43.0, 1, 54, 1, 2.0, 7, 9.784457093859837
25, 44.0, 1, 53, 2, 4.0, 7, 11.200783354662532
25, 45.0, 1, 50, 4, 6.0, 6, 10.407119925190559
25, 46.0, 1, 50, 1, 6.0, 5, 10.745722109945227
25, 47.0, 1, 50, 3, 9.0, 4, 10.284234702133919
25, 48.0, 1, 49, 2, 12.0, 2, 10.762454621388507
25, 49.0, 0, 49, 0, 0.0, 2, 10.446182261748984
25, 50.0, 0, 50, 1, 0.0, 2, 10.430359581104785
25, 51.0, 0, 52, 1, 1.0, 2, 12.225960919857503
25, 52.0, 0, 53, 0, 4.0, 2, 13.035999676897536
25, 53.0, 1, 51, 3, 4.0, 3, 12.733918366382143
25, 54.0, 1, 51, 2, 7.0, 3, 14.248594151435938
25, 55.0, 0, 48, 3, 3.0, 4, 13.956942982784295
25, 56.0, 1, 49, 1, 1.0, 3, 13.441987817431317
25, 57.0, 1, 49, 1, 4.0, 2, 14.662899154834601
25, 58.0, 0, 48, 1, 9.0, 3, 15.729309997386501
25, 59.0, 1, 48, 1, 11.0, 3, 14.448986525189138
25, 60.0, 1, 47, 2, 15.0, 3, 13.574694491482441
25, 61.0, 1, 46, 3, 19.0, 3, 13.720699197970886
25, 62.0, 0, 49, 0, 17.0, 4, 14.853127978527738
25, 63.0, 1, 48, 2, 20.0, 6, 15.614627999031491
25, 64.0, 0, 50, 0, 23.0, 7, 15.604703821994772
25, 65.0, 1, 50, 0, 28.0, 9, 18.432354162491478
25, 66.0, 1, 51, 1, 35.0, 9, 17.606023891303757
25, 67.0, 1, 51, 0, 42.0, 9, 17.049310684542768
25, 68.0, 1, 50, 2, 50.0, 9, 18.10395793859275
25, 69.0, 0, 48, 2, 36.0, 9, 17.608206390656942
25, 70.0, 1, 45, 3, 42.0, 9, 16.090972498918823
25, 71.0, 0, 45, 1, 48.0, 9, 16.670782381965996
25, 72.0, 1, 46, 0, 56.0, 9, 16.986046264558198
25, 73.0, 0, 48, 1, 58.0, 10, 17.99500804520235
25, 74.0, 1, 46, 2, 65.0, 9, 17.796719082656644
25, 75.0, 1, 49, 1, 72.0, 9, 17.138923150587242
25, 76.0, 1, 51, 0, 75.0, 9, 20.110535337906626
25, 77.0, 0, 51, 1, 73.0, 10, 19.60545185835082
25, 78.0, 0, 50, 1, 66.0, 10, 18.82944524455538
25, 79.0, 0, 49, 2, 59.0, 9, 18.46445127284158
25, 80.0, 1, 50, 0, 61.0, 10, 18.541772761997255
25, 81.0, 0, 49, 2, 64.0, 10, 17.639653896774092
25, 82.0, 1, 51, 1, 68.0, 9, 17.28233974762057
25, 83.0, 1, 51, 1, 72.0, 8, 17.358751913312478
25, 84.0, 0, 50, 1, 79.0, 8, 18.143457962614566
25, 85.0, 1, 51, 2, 82.0, 8, 17.773547152864978
25, 86.0, 1, 48, 3, 88.0, 7, 19.597621399584064
25, 87.0, 0, 48, 0, 97.0, 7, 21.177386005517505
25, 88.0, 1, 49, 1, 108.0, 7, 22.16077296630149
25, 89.0, 0, 47, 2, 106.0, 6, 23.31019157780579
25, 90.0, 1, 49, 0, 118.0, 6, 24.173501048298913
25, 91.0, 1, 49, 2, 131.0, 6, 25.386396780162652
25, 92.0, 0, 50, 0, 148.0, 6, 26.99695018420897
25, 93.0, 0, 51, 0, 168.0, 6, 26.671948136166446
25, 94.0, 0, 53, 0, 185.0, 6, 27.739711401962783
25, 95.0, 0, 49, 4, 196.0, 5, 28.986204750145436
25, 96.0, 1, 49, 1, 190.0, 4, 28.65167642205429
25, 97.0, 1, 50, 0, 189.0, 4, 29.347086527389916
25, 98.0, 1, 52, 0, 157.0, 4, 30.67991435882928
25, 99.0, 0, 56, 0, 162.0, 4, 30.619947352005397
25, 100.0, 0, 57, 0, 179.0, 4, 30.978063147602075
25, 101.0, 1, 57, 1, 178.0, 4, 30.167346255539552
25, 102.0, 1, 56, 1, 179.0, 3, 29.63003573676319
25, 103.0, 0, 61, 0, 191.0, 3, 28.419013515206917
25, 104.0, 0, 60, 1, 205.0, 3, 29.30222630829763
25, 105.0, 1, 62, 0, 201.0, 3, 26.877847639883694
25, 106.0, 1, 63, 0, 196.0, 3, 27.492508023266858
25, 107.0, 1, 63, 0, 170.0, 3, 25.929992969098468
25, 108.0, 0, 64, 0, 166.0, 3, 25.346520189708272
25, 109.0, 0, 63, 1, 145.0, 3, 25.03022591361314
25, 110.0, 0, 65, 0, 145.0, 3, 25.011155857773954
25, 111.0, 1, 63, 2, 139.0, 3, 25.719539501425942
25, 112.0, 1, 62, 1, 149.0, 3, 25.591992284731933
25, 113.0, 1, 63, 1, 159.0, 3, 26.54689456687361
25, 114.0, 0, 61, 3, 171.0, 3, 27.07987096055517
25, 115.0, 1, 61, 1, 174.0, 3, 26.339090068690638
25, 116.0, 0, 64, 1, 183.0, 3, 26.630788520283023
25, 117.0, 0, 63, 2, 195.0, 2, 27.071808258707662
25, 118.0, 0, 65, 0, 207.0, 2, 27.598404526255948
25, 119.0, 0, 63, 3, 209.0, 2, 28.216276236551145
25, 120.0, 1, 64, 1, 216.0, 2, 26.133475766489315
25, 121.0, 0, 65, 2, 231.0, 3, 26.05705766345333
25, 122.0, 0, 66, 2, 240.0, 2, 26.19863868245534
25, 123.0, 0, 68, 1, 242.0, 2, 25.983504145237113
25, 124.0, 0, 66, 3, 250.0, 2, 27.747698759342995
25, 125.0, 0, 67, 0, 264.0, 2, 28.289561127137873
25, 126.0, 1, 65, 2, 259.0, 2, 26.876994012698965
25, 127.0, 1, 65, 1, 257.0, 2, 26.560462262292585
25, 128.0, 0, 64, 2, 249.0, 2, 28.085927749999918
25, 129.0, 1, 66, 1, 259.0, 2, 27.35596256905767
25, 130.0, 1, 66, 1, 270.0, 2, 28.908875733663532
25, 131.0, 0, 65, 2, 285.0, 3, 29.72683208616459
25, 132.0, 1, 64, 2, 296.0, 3, 29.53577123984752
25, 133.0, 0, 64, 0, 308.0, 4, 30.59189378979315
25, 134.0, 0, 66, 0, 321.0, 4, 29.83179605414345
25, 135.0, 1, 67, 2, 332.0, 5, 29.802016283465008
25, 136.0, 1, 65, 2, 336.0, 5, 32.75633333733458
25, 137.0, 1, 65, 1, 336.0, 5, 31.57061970780284
25, 138.0, 1, 65, 2, 347.0, 5, 31.329842651194543
25, 139.0, 1, 65, 0, 363.0, 5, 30.596758178520492
25, 140.0, 1, 65, 2, 372.0, 5, 28.199405558644724
25, 141.0, 1, 68, 0, 236.0, 5, 28.712891629871038
25, 142.0, 1, 68, 1, 173.0, 5, 29.35937150084373
25, 143.0, 0, 69, 0, 105.0, 5, 28.343406051208365
25, 144.0, 0, 67, 2, 89.0, 5, 27.139207576061704
25, 145.0, 1, 66, 2, 83.0, 5, 24.475258499208913
25, 146.0, 1, 66, 1, 88.0, 5, 23.60352148399165
25, 147.0, 1, 67, 0, 93.0, 5, 23.796507916977305
25, 148.0, 1, 65, 2, 98.0, 5, 23.666664678494175
25, 149.0, 0, 63, 3, 107.0, 4, 22.894617506135724
25, 150.0, 1, 63, 1, 119.0, 4, 23.178339439021492
25, 151.0, 0, 65, 1, 128.0, 5, 25.204907659618197
25, 152.0, 1, 63, 2, 132.0, 4, 25.042937285760345
25, 153.0, 0, 62, 2, 141.0, 4, 23.136842346118275
25, 154.0, 0, 56, 7, 151.0, 2, 22.51407586311355
25, 155.0, 0, 58, 0, 159.0, 2, 22.973123087872974
25, 156.0, 0, 58, 2, 172.0, 2, 23.41813988617035
25, 157.0, 0, 58, 0, 173.0, 2, 25.20415090906328
25, 158.0, 0, 60, 0, 101.0, 2, 23.870035090027855
25, 159.0, 0, 60, 2, 99.0, 2, 24.285415319739517
25, 160.0, 0, 58, 3, 35.0, 2, 23.675732972299194
25, 161.0, 1, 57, 1, 36.0, 2, 21.830098571246115
25, 162.0, 0, 55, 3, 36.0, 2, 19.471045897665935
25, 163.0, 1, 55, 1, 36.0, 3, 19.344941055856356
25, 164.0, 1, 54, 3, 38.0, 2, 18.402438353172908
25, 165.0, 1, 53, 1, 44.0, 2, 18.089593703079533
25, 166.0, 0, 54, 2, 42.0, 2, 18.222596315401404
25, 167.0, 1, 53, 1, 14.0, 2, 15.94514004105287
25, 168.0, 1, 54, 2, 7.0, 2, 14.904262469721886
25, 169.0, 1, 54, 1, 10.0, 2, 15.271360782077455
25, 170.0, 1, 55, 0, 14.0, 2, 16.078138290088578
25, 171.0, 0, 57, 1, 5.0, 3, 16.76344957460929
25, 172.0, 1, 57, 1, 6.0, 3, 15.400840461735145
25, 173.0, 0, 59, 1, 10.0, 3, 15.24870989658243
25, 174.0, 1, 62, 0, 12.0, 3, 14.678443149736458
25, 175.0, 0, 64, 2, 7.0, 6, 14.525897509143123
25, 176.0, 1, 63, 1, 10.0, 7, 14.869257541958158
25, 177.0, 0, 62, 2, 14.0, 7, 12.748241844782996
25, 178.0, 0, 61, 3, 16.0, 7, 11.86019820085753
25, 179.0, 0, 58, 3, 19.0, 7, 12.930324731182488
25, 180.0, 1, 56, 2, 23.0, 7, 12.270298246637307
25, 181.0, 0, 54, 3, 22.0, 7, 12.11869755634122
25, 182.0, 1, 53, 2, 25.0, 7, 12.375445334958894
25, 183.0, 0, 52, 1, 25.0, 7, 13.53591604187169
25, 184.0, 0, 51, 1, 30.0, 7, 15.073688354969182
25, 185.0, 1, 52, 1, 35.0, 7, 15.250650200449456
25, 186.0, 0, 53, 3, 8.0, 7, 17.582620282267108
25, 187.0, 1, 50, 4, 14.0, 9, 20.636484457680908
25, 188.0, 1, 53, 0, 18.0, 9, 18.58904913914112
25, 189.0, 1, 53, 1, 27.0, 9, 19.154471114134584
25, 190.0, 1, 53, 2, 36.0, 9, 20.344142573703945
25, 191.0, 1, 55, 0, 42.0, 9, 19.56114056829831
25, 192.0, 1, 56, 1, 53.0, 9, 18.96266846789164
25, 193.0, 1, 58, 1, 64.0, 9, 19.28661716772688
25, 194.0, 0, 55, 3, 54.0, 8, 18.712257495990944
25, 195.0, 1, 56, 1, 58.0, 7, 15.886057898016535
25, 196.0, 0, 57, 0, 53.0, 7, 16.7975336160816
25, 197.0, 0, 55, 2, 53.0, 6, 15.201469909640819
25, 198.0, 1, 56, 1, 52.0, 6, 13.882500676073159
25, 199.0, 0, 54, 3, 57.0, 6, 13.685986613921742
25, 200.0, 1, 53, 2, 47.0, 5, 13.182212325217202
25, 201.0, 0, 51, 2, 36.0, 6, 12.914436430861732
25, 202.0, 0, 51, 0, 25.0, 6, 12.757270976167062
25, 203.0, 1, 50, 1, 26.0, 6, 10.728526535659244
25, 204.0, 1, 49, 1, 30.0, 6, 10.451252623340366
25, 205.0, 1, 48, 1, 32.0, 6, 11.228849568147679
25, 206.0, 0, 46, 2, 32.0, 7, 13.047843782369235
25, 207.0, 0, 44, 2, 22.0, 7, 14.900129605470253
25, 208.0, 1, 44, 0, 23.0, 7, 14.239915755868315
25, 209.0, 1, 40, 4, 26.0, 5, 14.410947930647332
25, 210.0, 1, 39, 1, 28.0, 4, 15.347862881606396
25, 211.0, 0, 39, 0, 27.0, 4, 15.976593703846712
25, 212.0, 0, 36, 3, 31.0, 3, 16.745824904456352
25, 213.0, 1, 34, 2, 35.0, 2, 16.413670409187837
25, 214.0, 0, 34, 0, 40.0, 2, 15.291560045052663
25, 215.0, 1, 31, 3, 45.0, 2, 15.594642621943146
25, 216.0, 0, 30, 1, 53.0, 2, 15.257972627478953
25, 217.0, 1, 29, 1, 56.0, 2, 14.40185912720115
25, 218.0, 1, 28, 1, 65.0, 1, 13.162240597406424
25, 219.0, 1, 26, 2, 74.0, 1, 13.216576799394574
25, 220.0, 1, 25, 1, 83.0, 1, 11.609626570325272
25, 221.0, 0, 23, 2, 92.0, 1, 11.407255441353282
25, 222.0, 0, 23, 0, 101.0, 1, 11.324498844428494
25, 223.0, 1, 21, 2, 93.0, 1, 10.342581320746486
25, 224.0, 0, 20, 1, 91.0, 1, 9.372484080037038
25, 225.0, 0, 19, 1, 58.0, 1, 8.520910674109782
25, 226.0, 0, 18, 1, 63.0, 1, 7.3719208906980285
25, 227.0, 0, 18, 0, 68.0, 1, 7.193662774170591
25, 228.0, 0, 18, 0, 60.0, 1, 6.059738660660833
25, 229.0, 0, 16, 2, 45.0, 1, 5.154726730083784
25, 230.0, 1, 14, 2, 19.0, 1, 4.611994874416052
25, 231.0, 1, 14, 0, 20.0, 1, 3.9549304507327587
25, 232.0, 1, 13, 1, 0.0, 1, 3.1252053212875843
25, 233.0, 1, 12, 1, 0.0, 1, 2.4624762215444544
25, 234.0, 1, 12, 0, 0.0, 1, 1.7714551262642217
25, 235.0, 0, 12, 0, 0.0, 1, 1.3706811453964889
25, 236.0, 0, 11, 1, 0.0, 1, 1.0471412775264088
25, 237.0, 0, 10, 1, 0.0, 1, 0.8165844239654589
25, 238.0, 0, 10, 0, 0.0, 1, 0.7705366529541706
25, 239.0, 0, 10, 0, 0.0, 1, 0.4788803996380544
25, 240.0, 0, 9, 1, 0.0, 1, 0.42445971312088027
25, 241.0, 0, 9, 0, 0.0, 1, 0.3861185761992587
25, 242.0, 1, 8, 1, 0.0, 1, 0.3717808762036565
25, 243.0, 0, 6, 2, 0.0, 1, 0.3270786826258494
25, 244.0, 1, 6, 0, 0.0, 1, 0.39378963791603994
25, 245.0, 0, 6, 0, 0.0, 1, 0.2397643375051537
25, 246.0, 0, 6, 0, 0.0, 1, 0.21226023279884743
25, 247.0, 1, 4, 2, 0.0, 0, 0.23418698010164363
25, 248.0, 0, 2, 2, 0.0, 0, 0.10773931839383621
25, 249.0, 1, 1, 1, 0.0, 0, 0.10088096521057821
25, 250.0, 1, 1, 0, 0.0, 0, 0.08252224625028504
25, 251.0, 0, 1, 0, 0.0, 0, 0.07071974568295403
25, 252.0, 0, 1, 0, 0.0, 0, 0.08083757320616414
25, 253.0, 1, 1, 0, 0.0, 0, 0.1054745358134852
25, 254.0, 1, 1, 0, 0.0, 0, 0.006518268528470372
25, 255.0, 1, 1, 0, 0.0, 0, 0.12247303343623628
25, 256.0, 1, 0, 1, 0, 0, 0
