episode, step, phase, active_vehicles, throughput, gross_waiting_time, severe_brakes, gross_time_loss
0, 1.0, 1, 2, 0, 0.0, 0, 0.0
0, 2.0, 0, 3, 0, 0.0, 0, 1.0814256854756554
0, 3.0, 0, 5, 0, 0.0, 0, 1.2317430816274335
0, 4.0, 1, 7, 0, 0.0, 0, 1.2562929516962287
0, 5.0, 0, 9, 0, 0.0, 0, 1.3267641311373821
0, 6.0, 0, 9, 0, 0.0, 0, 1.1958048679358226
0, 7.0, 0, 10, 0, 0.0, 0, 0.8231502954305336
0, 8.0, 1, 11, 0, 0.0, 0, 1.0949618552544191
0, 9.0, 0, 12, 0, 0.0, 0, 1.613748799613663
0, 10.0, 1, 15, 0, 0.0, 0, 2.1078477909832056
0, 11.0, 0, 16, 0, 0.0, 0, 2.8385145246453254
0, 12.0, 1, 18, 0, 0.0, 0, 3.052335076434537
0, 13.0, 0, 18, 0, 0.0, 0, 2.590280751168728
0, 14.0, 1, 20, 0, 0.0, 0, 2.2718704927976545
0, 15.0, 0, 22, 0, 0.0, 2, 3.8682111643028088
0, 16.0, 0, 23, 0, 1.0, 2, 5.0133747661345085
0, 17.0, 0, 23, 0, 3.0, 2, 4.903679993964327
0, 18.0, 0, 25, 0, 6.0, 2, 5.0756894900354705
0, 19.0, 0, 25, 0, 9.0, 2, 6.79888231182937
0, 20.0, 0, 27, 0, 12.0, 2, 7.271143338829123
0, 21.0, 0, 27, 0, 15.0, 2, 9.386964543098882
0, 22.0, 1, 28, 0, 1.0, 2, 7.890216876892267
0, 23.0, 1, 30, 0, 0.0, 2, 7.600336912524498
0, 24.0, 0, 31, 0, 0.0, 3, 8.348073084066638
0, 25.0, 0, 33, 0, 0.0, 3, 8.522158327907668
0, 26.0, 1, 36, 0, 0.0, 4, 8.445903030894115
0, 27.0, 1, 38, 0, 1.0, 4, 8.12099215039555
0, 28.0, 1, 40, 0, 2.0, 4, 8.112334844620138
0, 29.0, 1, 41, 0, 3.0, 4, 8.019674700890974
0, 30.0, 1, 41, 0, 4.0, 4, 7.097298650744711
0, 31.0, 1, 46, 0, 5.0, 4, 7.199955612087128
0, 32.0, 0, 48, 0, 1.0, 5, 7.582196001075012
0, 33.0, 0, 45, 3, 2.0, 5, 7.841847220465737
0, 34.0, 1, 46, 0, 1.0, 6, 6.814695755559004
0, 35.0, 0, 46, 1, 0.0, 6, 5.979847649626223
0, 36.0, 1, 46, 1, 0.0, 6, 5.8833480075833515
0, 37.0, 1, 47, 0, 0.0, 6, 6.060702860200389
0, 38.0, 1, 47, 1, 0.0, 5, 7.542447167722124
0, 39.0, 1, 46, 3, 0.0, 5, 8.131526145306754
0, 40.0, 0, 50, 0, 1.0, 5, 8.657214573291846
0, 41.0, 1, 49, 1, 2.0, 4, 9.724847964574707
0, 42.0, 1, 50, 1, 4.0, 4, 10.81514678284163
0, 43.0, 1, 52, 1, 7.0, 4, 10.419392771650115
0, 44.0, 0, 50, 3, 2.0, 4, 11.564046677119197
0, 45.0, 1, 50, 1, 0.0, 5, 10.466144519613493
0, 46.0, 0, 48, 3, 1.0, 5, 9.608546299088552
0, 47.0, 0, 50, 1, 2.0, 5, 10.21617677966648
0, 48.0, 1, 49, 2, 0.0, 4, 10.569788268464345
0, 49.0, 0, 49, 0, 1.0, 4, 10.50361116639489
0, 50.0, 0, 49, 2, 3.0, 4, 10.095927580028834
0, 51.0, 0, 51, 1, 7.0, 4, 10.962599474325948
0, 52.0, 1, 52, 0, 5.0, 5, 13.435916744722975
0, 53.0, 0, 49, 4, 6.0, 3, 14.156487564171952
0, 54.0, 1, 51, 0, 9.0, 3, 15.01146982419996
0, 55.0, 0, 48, 3, 14.0, 4, 16.238798763356286
0, 56.0, 1, 49, 1, 20.0, 5, 15.80822756346162
0, 57.0, 1, 49, 1, 21.0, 5, 15.940503503211211
0, 58.0, 0, 48, 1, 26.0, 5, 15.869646980690137
0, 59.0, 1, 45, 4, 33.0, 5, 14.595489746588608
0, 60.0, 1, 46, 0, 40.0, 5, 15.16651271503388
0, 61.0, 0, 47, 1, 48.0, 7, 15.487976860711356
0, 62.0, 0, 49, 1, 57.0, 6, 16.161822907954917
0, 63.0, 0, 49, 1, 67.0, 6, 18.065959392227782
0, 64.0, 0, 51, 0, 78.0, 6, 19.074832720789992
0, 65.0, 0, 51, 0, 80.0, 6, 21.529913194875558
0, 66.0, 0, 53, 0, 92.0, 6, 21.376008078296067
0, 67.0, 0, 51, 2, 92.0, 6, 21.908636623454136
0, 68.0, 0, 51, 1, 87.0, 6, 22.23450691291046
0, 69.0, 1, 50, 1, 55.0, 6, 21.390052674143387
0, 70.0, 1, 47, 3, 61.0, 5, 20.082130014000416
0, 71.0, 1, 46, 2, 70.0, 5, 20.581593711048257
0, 72.0, 1, 48, 0, 56.0, 5, 19.633291175557336
0, 73.0, 0, 50, 0, 47.0, 5, 19.017491987808615
0, 74.0, 1, 48, 2, 43.0, 5, 16.847086801370935
0, 75.0, 0, 51, 1, 48.0, 7, 17.47499639676253
0, 76.0, 1, 53, 0, 52.0, 7, 17.81461416922598
0, 77.0, 0, 53, 1, 58.0, 7, 18.024888716435903
0, 78.0, 0, 53, 0, 65.0, 7, 17.32478833954431
0, 79.0, 1, 54, 0, 49.0, 7, 15.329147633346384
0, 80.0, 1, 53, 2, 12.0, 7, 14.330516844276113
0, 81.0, 1, 54, 0, 3.0, 7, 12.712518028353928
0, 82.0, 0, 57, 0, 1.0, 7, 11.942991809761896
0, 83.0, 0, 57, 1, 2.0, 7, 11.817092191158892
0, 84.0, 1, 53, 4, 3.0, 7, 9.775084501647184
0, 85.0, 1, 53, 3, 4.0, 5, 9.119363403156528
0, 86.0, 1, 52, 1, 6.0, 5, 10.150539694228133
0, 87.0, 0, 50, 2, 8.0, 5, 10.045389620048239
0, 88.0, 0, 51, 1, 5.0, 5, 11.292404986689933
0, 89.0, 0, 49, 2, 8.0, 5, 12.239277393129953
0, 90.0, 1, 50, 1, 3.0, 5, 12.18958647471435
0, 91.0, 1, 51, 1, 5.0, 5, 13.211624347144161
0, 92.0, 0, 50, 2, 8.0, 5, 13.588900308324563
0, 93.0, 1, 47, 4, 10.0, 4, 12.862458309621768
0, 94.0, 0, 49, 0, 15.0, 6, 13.456968151730246
0, 95.0, 0, 48, 1, 19.0, 6, 14.707957104293373
0, 96.0, 1, 47, 2, 17.0, 6, 13.974182990626963
0, 97.0, 1, 44, 4, 17.0, 5, 12.899400858708269
0, 98.0, 1, 44, 2, 21.0, 4, 13.38933965258801
0, 99.0, 0, 46, 2, 22.0, 4, 13.74061946917504
0, 100.0, 0, 47, 0, 26.0, 4, 14.476875827951512
0, 101.0, 1, 47, 1, 28.0, 3, 13.835510776891471
0, 102.0, 0, 47, 1, 31.0, 3, 13.000278468448284
0, 103.0, 1, 49, 2, 27.0, 4, 13.605471464991107
0, 104.0, 1, 50, 0, 32.0, 4, 13.843843143665207
0, 105.0, 0, 48, 3, 33.0, 5, 13.459738306494206
0, 106.0, 1, 49, 0, 35.0, 5, 12.221755381120987
0, 107.0, 0, 48, 1, 35.0, 5, 13.10055342688882
0, 108.0, 0, 48, 1, 38.0, 5, 12.848434805082633
0, 109.0, 0, 48, 0, 41.0, 5, 12.943880739518297
0, 110.0, 0, 49, 1, 46.0, 5, 12.750967314366898
0, 111.0, 0, 46, 3, 53.0, 5, 14.163429370114317
0, 112.0, 0, 44, 2, 54.0, 4, 13.985813975609762
0, 113.0, 0, 45, 1, 57.0, 4, 14.48786079173819
0, 114.0, 0, 44, 2, 65.0, 3, 16.87544921499382
0, 115.0, 1, 45, 0, 58.0, 4, 17.257248088928336
0, 116.0, 1, 48, 1, 63.0, 4, 16.856190516438016
0, 117.0, 1, 47, 2, 64.0, 4, 17.722020735753055
0, 118.0, 1, 48, 1, 69.0, 4, 15.944776335302379
0, 119.0, 1, 48, 1, 75.0, 4, 15.959413630249353
0, 120.0, 0, 47, 3, 74.0, 3, 15.375404688707324
0, 121.0, 0, 50, 0, 45.0, 3, 15.929151721741588
0, 122.0, 1, 53, 0, 49.0, 3, 15.768652683114373
0, 123.0, 0, 55, 1, 49.0, 4, 15.799308209033292
0, 124.0, 0, 54, 2, 7.0, 4, 15.961586701841473
0, 125.0, 0, 54, 1, 9.0, 4, 16.61892818908185
0, 126.0, 0, 54, 0, 13.0, 4, 15.995125937381026
0, 127.0, 0, 53, 2, 18.0, 4, 15.52088009622506
0, 128.0, 1, 52, 2, 13.0, 3, 15.255348046548553
0, 129.0, 1, 55, 0, 16.0, 3, 16.653529257719967
0, 130.0, 1, 53, 3, 21.0, 3, 19.083758400415526
0, 131.0, 0, 53, 1, 28.0, 4, 20.229097249958635
0, 132.0, 1, 53, 1, 35.0, 4, 19.848953667637968
0, 133.0, 1, 52, 1, 36.0, 4, 20.82683021610963
0, 134.0, 0, 54, 0, 40.0, 4, 20.16928479121689
0, 135.0, 0, 56, 1, 31.0, 4, 21.4933593347714
0, 136.0, 0, 55, 2, 40.0, 3, 22.251096809548866
0, 137.0, 1, 54, 1, 48.0, 2, 22.287784439257653
0, 138.0, 1, 54, 2, 57.0, 2, 21.732172328323372
0, 139.0, 1, 54, 0, 67.0, 2, 23.177814542521748
0, 140.0, 0, 55, 1, 75.0, 2, 22.558961882777393
0, 141.0, 0, 57, 1, 89.0, 2, 23.38214199451192
0, 142.0, 1, 57, 1, 65.0, 2, 23.3065254271454
0, 143.0, 0, 56, 2, 77.0, 3, 23.821325320258207
0, 144.0, 0, 56, 0, 82.0, 4, 24.38817033828778
0, 145.0, 0, 57, 0, 96.0, 4, 23.607797645707908
0, 146.0, 0, 55, 3, 104.0, 4, 23.600609711630423
0, 147.0, 1, 55, 1, 102.0, 5, 22.314269738494538
0, 148.0, 0, 54, 1, 109.0, 5, 20.726132701994853
0, 149.0, 0, 54, 1, 111.0, 5, 21.229104293949053
0, 150.0, 1, 55, 0, 122.0, 5, 19.96919349539304
0, 151.0, 0, 55, 3, 120.0, 5, 19.067374800603012
0, 152.0, 0, 53, 2, 99.0, 5, 19.07728099481111
0, 153.0, 0, 54, 0, 92.0, 5, 18.303064536269886
0, 154.0, 1, 54, 1, 98.0, 5, 18.109209143409004
0, 155.0, 1, 54, 2, 107.0, 5, 17.486654348454582
0, 156.0, 1, 55, 1, 114.0, 5, 17.302337264727427
0, 157.0, 1, 54, 1, 122.0, 5, 17.4993271447488
0, 158.0, 1, 55, 1, 132.0, 5, 17.051739205536933
0, 159.0, 0, 57, 0, 135.0, 6, 16.61814340550583
0, 160.0, 1, 57, 1, 143.0, 6, 15.899269295773744
0, 161.0, 1, 56, 1, 120.0, 6, 16.061297622028196
0, 162.0, 1, 53, 4, 125.0, 4, 15.05822131564486
0, 163.0, 0, 50, 4, 133.0, 5, 15.489922477933513
0, 164.0, 1, 52, 0, 140.0, 6, 15.620830625268171
0, 165.0, 1, 50, 2, 148.0, 6, 15.0752607873281
0, 166.0, 1, 53, 0, 157.0, 6, 14.613910971041788
0, 167.0, 0, 51, 2, 36.0, 6, 13.97304665256794
0, 168.0, 1, 52, 2, 14.0, 6, 11.879364459253827
0, 169.0, 0, 52, 1, 2.0, 7, 12.74209945883199
0, 170.0, 0, 51, 2, 5.0, 7, 12.400999464064926
0, 171.0, 0, 50, 4, 8.0, 7, 11.973078629709498
0, 172.0, 0, 51, 0, 12.0, 7, 14.00012021533904
0, 173.0, 0, 53, 1, 18.0, 7, 13.666885286139758
0, 174.0, 0, 55, 1, 25.0, 6, 15.089113939439528
0, 175.0, 1, 56, 3, 6.0, 5, 13.834439752693326
0, 176.0, 1, 56, 1, 0.0, 5, 12.107535144878241
0, 177.0, 1, 56, 0, 0.0, 5, 11.426231384150563
0, 178.0, 1, 55, 3, 0.0, 4, 10.01763791751351
0, 179.0, 0, 54, 1, 1.0, 4, 10.35132306582439
0, 180.0, 0, 53, 1, 2.0, 4, 11.131048282233088
0, 181.0, 0, 54, 0, 4.0, 4, 11.33138735835469
0, 182.0, 1, 51, 4, 0.0, 1, 9.479289140795615
0, 183.0, 1, 48, 3, 0.0, 1, 8.542844478431382
0, 184.0, 1, 47, 1, 1.0, 1, 8.975172962354199
0, 185.0, 1, 46, 2, 3.0, 1, 9.252154564758456
0, 186.0, 1, 51, 0, 0.0, 1, 10.766014945052387
0, 187.0, 0, 51, 2, 0.0, 1, 13.305853499118339
0, 188.0, 1, 51, 1, 0.0, 2, 15.052008258962752
0, 189.0, 1, 53, 0, 3.0, 2, 14.200984913300397
0, 190.0, 1, 55, 0, 7.0, 2, 15.23570966154756
0, 191.0, 1, 54, 3, 12.0, 1, 14.841495695970096
0, 192.0, 1, 56, 0, 17.0, 1, 14.09992079231148
0, 193.0, 1, 56, 3, 14.0, 1, 14.155413548728719
0, 194.0, 0, 53, 3, 5.0, 2, 13.856944431366271
0, 195.0, 1, 54, 1, 6.0, 2, 10.740683795571055
0, 196.0, 1, 55, 0, 0.0, 2, 9.919631151973789
0, 197.0, 1, 53, 2, 0.0, 2, 9.868080293271138
0, 198.0, 0, 51, 4, 1.0, 2, 9.845413436830704
0, 199.0, 1, 49, 3, 1.0, 3, 9.93739608542976
0, 200.0, 1, 50, 0, 3.0, 3, 10.880466823325111
0, 201.0, 0, 49, 1, 5.0, 3, 11.090048843522373
0, 202.0, 0, 45, 4, 7.0, 3, 10.663003325335522
0, 203.0, 1, 44, 1, 5.0, 3, 9.737819777023592
0, 204.0, 1, 41, 3, 6.0, 3, 9.977510620255591
0, 205.0, 1, 40, 1, 8.0, 3, 10.53124628023425
0, 206.0, 1, 40, 0, 10.0, 3, 10.997577237880215
0, 207.0, 0, 39, 1, 13.0, 3, 11.008050664720022
0, 208.0, 1, 39, 0, 19.0, 3, 13.87889833090646
0, 209.0, 0, 37, 2, 26.0, 4, 15.528620054574823
0, 210.0, 0, 34, 3, 23.0, 4, 16.19783243319334
0, 211.0, 1, 32, 2, 25.0, 4, 15.902545785696478
0, 212.0, 0, 32, 0, 32.0, 4, 15.913882600609059
0, 213.0, 1, 30, 2, 39.0, 3, 15.683013050350802
0, 214.0, 1, 30, 0, 48.0, 3, 14.391831752676692
0, 215.0, 0, 29, 1, 54.0, 3, 13.044709366531038
0, 216.0, 1, 27, 2, 57.0, 3, 12.119297088639462
0, 217.0, 1, 26, 1, 64.0, 2, 10.645444845442594
0, 218.0, 0, 26, 0, 59.0, 2, 10.236417816766142
0, 219.0, 0, 26, 0, 65.0, 2, 8.834441195412328
0, 220.0, 1, 24, 2, 71.0, 2, 7.673160678579532
0, 221.0, 1, 23, 1, 77.0, 2, 7.255455958168322
0, 222.0, 0, 22, 1, 83.0, 2, 6.969427835384487
0, 223.0, 0, 22, 0, 89.0, 2, 7.041564662715172
0, 224.0, 1, 22, 0, 75.0, 2, 6.807710999916465
0, 225.0, 1, 22, 0, 62.0, 2, 6.335964371486029
0, 226.0, 1, 20, 2, 47.0, 2, 6.353793684491313
0, 227.0, 0, 19, 1, 31.0, 1, 6.065013980662369
0, 228.0, 0, 16, 3, 16.0, 0, 5.969461544707572
0, 229.0, 0, 16, 0, 3.0, 0, 5.805473896493124
0, 230.0, 1, 13, 3, 2.0, 0, 5.201475012143094
0, 231.0, 1, 12, 1, 1.0, 0, 4.908069051864956
0, 232.0, 0, 11, 1, 0.0, 0, 4.649495338339994
0, 233.0, 1, 10, 1, 0.0, 0, 3.866777606444595
0, 234.0, 1, 10, 0, 0.0, 0, 3.2123534953699027
0, 235.0, 0, 8, 2, 0.0, 0, 3.379586746765203
0, 236.0, 0, 7, 1, 0.0, 0, 3.0924789826581733
0, 237.0, 0, 6, 1, 1.0, 0, 3.0448058930473394
0, 238.0, 0, 6, 0, 2.0, 0, 3.077599844116703
0, 239.0, 0, 6, 0, 3.0, 0, 3.0296964082572657
0, 240.0, 1, 6, 0, 1.0, 0, 2.8221367163735476
0, 241.0, 1, 6, 0, 0.0, 0, 2.4006857273898223
0, 242.0, 0, 6, 0, 0.0, 0, 2.367897860891773
0, 243.0, 0, 6, 0, 0.0, 0, 2.1917599049256804
0, 244.0, 1, 5, 1, 0.0, 0, 1.7872776449085492
0, 245.0, 0, 5, 0, 0.0, 0, 1.260624530364975
0, 246.0, 0, 4, 1, 0.0, 0, 1.326281390173719
0, 247.0, 1, 4, 0, 0.0, 0, 0.6690609858985113
0, 248.0, 1, 4, 0, 0.0, 0, 1.0589406709251463
0, 249.0, 0, 4, 0, 0.0, 0, 0.6991071993822544
0, 250.0, 0, 3, 1, 0.0, 0, 0.44143930535587117
0, 251.0, 0, 3, 0, 0.0, 0, 0.2832986847464909
0, 252.0, 0, 3, 0, 0.0, 0, 0.11578266510606028
0, 253.0, 0, 3, 0, 0.0, 0, 0.2531111285982277
0, 254.0, 1, 3, 0, 0.0, 0, 0.33824079665835427
0, 255.0, 0, 3, 0, 0.0, 0, 0.3006832492185225
0, 256.0, 0, 2, 1, 0.0, 0, 0.30133255530994774
0, 257.0, 0, 2, 0, 0.0, 0, 0.19317669520219738
0, 258.0, 1, 1, 1, 0.0, 0, 0.018032178173449154
0, 259.0, 0, 1, 0, 0.0, 0, 0.04861594150961679
0, 260.0, 0, 1, 0, 0.0, 0, 0.022122935283618972
0, 261.0, 0, 0, 1, 0, 0, 0
1, 1.0, 0, 2, 0, 0.0, 0, 0.0
1, 2.0, 1, 3, 0, 0.0, 0, 1.0814256854756554
1, 3.0, 0, 5, 0, 0.0, 0, 1.2559462905827157
1, 4.0, 0, 7, 0, 0.0, 0, 1.2603760180273869
1, 5.0, 0, 9, 0, 0.0, 0, 1.356365191048412
1, 6.0, 1, 9, 0, 0.0, 0, 1.287337457469642
1, 7.0, 0, 10, 0, 0.0, 0, 0.9556235514719723
1, 8.0, 0, 11, 0, 0.0, 0, 1.168230593310705
1, 9.0, 0, 12, 0, 0.0, 0, 1.3211245838572987
1, 10.0, 1, 15, 0, 0.0, 0, 1.87574121140802
1, 11.0, 1, 16, 0, 0.0, 0, 2.915579636707669
1, 12.0, 1, 18, 0, 0.0, 0, 2.9505393647644302
1, 13.0, 1, 18, 0, 0.0, 0, 2.6894756007560017
1, 14.0, 1, 20, 0, 0.0, 0, 2.286221992104405
1, 15.0, 0, 22, 0, 0.0, 3, 3.920326265778731
1, 16.0, 0, 23, 0, 1.0, 3, 5.162195847141981
1, 17.0, 0, 23, 0, 4.0, 3, 5.1268391802708475
1, 18.0, 0, 25, 0, 7.0, 3, 4.948831584314266
1, 19.0, 0, 25, 0, 10.0, 3, 6.479893270096145
1, 20.0, 0, 27, 0, 13.0, 3, 7.095399801109599
1, 21.0, 1, 27, 0, 0.0, 4, 7.296155996712216
1, 22.0, 0, 28, 0, 0.0, 4, 7.517876613925975
1, 23.0, 0, 30, 0, 2.0, 4, 9.683946054672093
1, 24.0, 1, 31, 0, 4.0, 4, 10.172134719079406
1, 25.0, 1, 33, 0, 6.0, 4, 8.788148980841072
1, 26.0, 1, 36, 0, 9.0, 4, 9.171533838196963
1, 27.0, 0, 38, 0, 12.0, 5, 10.298640367473809
1, 28.0, 1, 40, 0, 15.0, 5, 9.843962134803578
1, 29.0, 0, 41, 0, 11.0, 6, 10.34749547436588
1, 30.0, 1, 41, 0, 13.0, 6, 9.342044327142592
1, 31.0, 1, 46, 0, 15.0, 6, 8.389675118673548
1, 32.0, 1, 48, 0, 17.0, 6, 9.18016290508521
1, 33.0, 0, 45, 3, 0.0, 6, 9.63304515756891
1, 34.0, 1, 46, 0, 1.0, 6, 7.36919189281806
1, 35.0, 0, 46, 1, 0.0, 6, 8.749653390466953
1, 36.0, 1, 47, 0, 0.0, 6, 8.096746573258734
1, 37.0, 0, 48, 0, 0.0, 7, 8.481841227044082
1, 38.0, 0, 48, 1, 2.0, 8, 9.548904496911637
1, 39.0, 0, 50, 0, 4.0, 9, 10.95630718931563
1, 40.0, 1, 52, 2, 3.0, 9, 12.040539720300789
1, 41.0, 1, 49, 3, 4.0, 8, 12.802026292639212
1, 42.0, 1, 51, 0, 4.0, 8, 13.695417373181275
1, 43.0, 0, 51, 3, 2.0, 7, 13.785441183215
1, 44.0, 1, 52, 1, 2.0, 9, 13.4539055594646
1, 45.0, 0, 51, 1, 5.0, 10, 14.278169278773731
1, 46.0, 0, 51, 1, 9.0, 10, 13.86833702308146
1, 47.0, 1, 51, 4, 3.0, 8, 11.983665142633603
1, 48.0, 1, 50, 1, 5.0, 8, 13.94217241893683
1, 49.0, 1, 50, 0, 7.0, 8, 12.647763789948211
1, 50.0, 0, 50, 2, 3.0, 9, 12.243509342059381
1, 51.0, 1, 53, 0, 4.0, 10, 11.830657515263876
1, 52.0, 1, 54, 0, 5.0, 11, 11.433778352264921
1, 53.0, 0, 53, 2, 8.0, 10, 11.95806379632102
1, 54.0, 1, 54, 1, 8.0, 11, 13.004274261159399
1, 55.0, 1, 52, 2, 3.0, 11, 15.269076175614178
1, 56.0, 0, 53, 1, 5.0, 11, 14.23583566209191
1, 57.0, 0, 54, 0, 9.0, 11, 14.41770704915182
1, 58.0, 0, 53, 1, 13.0, 11, 15.349759661718625
1, 59.0, 0, 51, 3, 17.0, 11, 15.463390543351998
1, 60.0, 1, 49, 3, 22.0, 9, 15.889937731698593
1, 61.0, 0, 49, 2, 28.0, 9, 15.28436152398901
1, 62.0, 1, 52, 0, 35.0, 9, 15.227002238300916
1, 63.0, 1, 49, 4, 34.0, 8, 16.38967171467593
1, 64.0, 1, 51, 0, 31.0, 8, 16.060620061444713
1, 65.0, 1, 51, 0, 22.0, 8, 16.253391556959055
1, 66.0, 0, 51, 2, 23.0, 6, 15.581316502875971
1, 67.0, 0, 50, 1, 26.0, 6, 16.633830637277573
1, 68.0, 1, 49, 2, 30.0, 5, 16.686503813638687
1, 69.0, 0, 48, 1, 34.0, 6, 16.146105538159556
1, 70.0, 0, 48, 0, 35.0, 6, 17.163962116836863
1, 71.0, 0, 47, 2, 39.0, 5, 16.560549176601537
1, 72.0, 0, 48, 1, 16.0, 4, 17.568170930333952
1, 73.0, 1, 49, 1, 15.0, 3, 17.265832216727244
1, 74.0, 0, 49, 0, 17.0, 5, 17.571795778117263
1, 75.0, 1, 51, 1, 17.0, 6, 16.02363876914333
1, 76.0, 1, 49, 5, 20.0, 4, 15.361258585804807
1, 77.0, 0, 49, 1, 23.0, 4, 16.32064041242456
1, 78.0, 0, 48, 1, 28.0, 4, 15.624587189917483
1, 79.0, 0, 49, 0, 34.0, 4, 14.129732427427232
1, 80.0, 0, 47, 3, 42.0, 4, 14.26292535979548
1, 81.0, 1, 48, 0, 51.0, 4, 14.140065392516963
1, 82.0, 1, 49, 2, 61.0, 4, 13.14057828142204
1, 83.0, 0, 48, 2, 59.0, 4, 13.96983194269557
1, 84.0, 0, 48, 0, 40.0, 4, 14.747427047663075
1, 85.0, 0, 50, 1, 46.0, 4, 15.519347526130653
1, 86.0, 0, 50, 0, 52.0, 4, 16.245841498078857
1, 87.0, 1, 50, 0, 59.0, 5, 15.222492338600157
1, 88.0, 0, 52, 0, 56.0, 6, 14.110157963323333
1, 89.0, 0, 51, 1, 64.0, 6, 14.434168017095145
1, 90.0, 0, 50, 3, 73.0, 4, 14.259149768392287
1, 91.0, 1, 51, 1, 64.0, 4, 14.266817390311708
1, 92.0, 1, 48, 4, 54.0, 4, 14.190824517728265
1, 93.0, 1, 47, 2, 45.0, 4, 14.458980607731537
1, 94.0, 0, 48, 1, 36.0, 4, 13.396870063214942
1, 95.0, 1, 46, 2, 26.0, 5, 12.906900050198637
1, 96.0, 1, 46, 1, 17.0, 5, 12.237992702104393
1, 97.0, 1, 47, 0, 11.0, 5, 12.345072480834876
1, 98.0, 0, 48, 1, 0.0, 5, 11.775313215987154
1, 99.0, 0, 50, 1, 0.0, 4, 13.448896319459044
1, 100.0, 0, 50, 2, 2.0, 3, 13.819084355044414
1, 101.0, 0, 50, 1, 6.0, 3, 13.508202165998341
1, 102.0, 0, 50, 1, 11.0, 3, 14.243021325644035
1, 103.0, 0, 52, 2, 13.0, 2, 14.751432077378892
1, 104.0, 1, 52, 1, 4.0, 3, 16.529492752973795
1, 105.0, 0, 51, 1, 4.0, 3, 15.71381835560142
1, 106.0, 1, 52, 1, 1.0, 3, 14.542332164520296
1, 107.0, 1, 50, 2, 2.0, 3, 13.31431215651058
1, 108.0, 1, 48, 3, 0.0, 3, 13.054225126743368
1, 109.0, 1, 46, 2, 2.0, 3, 12.383969961930728
1, 110.0, 0, 46, 2, 3.0, 3, 11.857156497324288
1, 111.0, 1, 46, 0, 4.0, 5, 11.988812063513913
1, 112.0, 1, 45, 1, 6.0, 4, 12.747496387050232
1, 113.0, 1, 46, 1, 9.0, 4, 12.941335797871108
1, 114.0, 1, 46, 1, 14.0, 4, 13.609149920071848
1, 115.0, 0, 45, 2, 6.0, 4, 12.797448242832083
1, 116.0, 1, 48, 1, 7.0, 4, 12.145526323722255
1, 117.0, 0, 49, 0, 0.0, 5, 13.621227449844671
1, 118.0, 0, 50, 1, 3.0, 5, 13.194234828517477
1, 119.0, 0, 49, 2, 7.0, 5, 12.481247124857434
1, 120.0, 1, 49, 2, 3.0, 4, 11.344573147236028
1, 121.0, 0, 50, 2, 3.0, 4, 10.50212514193271
1, 122.0, 1, 51, 2, 1.0, 3, 12.044927070392655
1, 123.0, 0, 54, 0, 3.0, 4, 13.278737857459152
1, 124.0, 0, 52, 3, 5.0, 4, 14.733949294049147
1, 125.0, 1, 51, 1, 7.0, 4, 14.457472148670139
1, 126.0, 0, 51, 1, 11.0, 4, 13.152340115020479
1, 127.0, 0, 51, 1, 16.0, 4, 14.573780334464525
1, 128.0, 0, 51, 1, 20.0, 4, 15.666678120818844
1, 129.0, 1, 53, 1, 19.0, 4, 14.769381075493804
1, 130.0, 1, 51, 2, 15.0, 4, 15.832519484423177
1, 131.0, 1, 51, 2, 19.0, 4, 16.5847264877937
1, 132.0, 1, 52, 0, 24.0, 4, 17.210731477478905
1, 133.0, 0, 50, 2, 30.0, 4, 18.122108075642544
1, 134.0, 0, 48, 4, 39.0, 3, 16.773240216181115
1, 135.0, 1, 51, 0, 45.0, 6, 17.99331633694831
1, 136.0, 0, 50, 1, 46.0, 6, 19.277744723216177
1, 137.0, 1, 50, 1, 53.0, 7, 21.272961287923074
1, 138.0, 1, 52, 0, 65.0, 7, 20.93376027229856
1, 139.0, 1, 52, 0, 67.0, 7, 22.130760102043894
1, 140.0, 1, 53, 1, 78.0, 7, 21.599443826186388
1, 141.0, 1, 54, 2, 76.0, 7, 23.096930613708466
1, 142.0, 0, 55, 0, 35.0, 9, 24.749345298301844
1, 143.0, 0, 55, 1, 28.0, 9, 23.059989903260433
1, 144.0, 0, 54, 1, 36.0, 9, 22.58303864354125
1, 145.0, 1, 53, 2, 37.0, 9, 19.909469371052353
1, 146.0, 1, 53, 1, 44.0, 9, 18.813720134406857
1, 147.0, 1, 53, 1, 48.0, 8, 17.74501302015163
1, 148.0, 1, 53, 0, 43.0, 8, 17.371456304572337
1, 149.0, 0, 52, 2, 37.0, 7, 16.48723507748258
1, 150.0, 1, 53, 0, 34.0, 8, 15.961186694847544
1, 151.0, 0, 53, 3, 18.0, 8, 15.976010006565463
1, 152.0, 1, 52, 1, 17.0, 9, 16.588766267269573
1, 153.0, 0, 52, 1, 20.0, 9, 14.762791337114875
1, 154.0, 0, 53, 0, 25.0, 9, 15.410297079614867
1, 155.0, 1, 54, 1, 15.0, 10, 14.454956503814486
1, 156.0, 0, 55, 1, 19.0, 10, 13.770540576335689
1, 157.0, 1, 55, 0, 13.0, 10, 14.032031030881944
1, 158.0, 0, 56, 1, 15.0, 10, 12.465190314976551
1, 159.0, 0, 55, 3, 17.0, 10, 13.841094329072138
1, 160.0, 0, 55, 1, 21.0, 10, 13.082153557498572
1, 161.0, 0, 50, 5, 23.0, 8, 11.525079132098565
1, 162.0, 0, 49, 2, 27.0, 8, 11.761604932606605
1, 163.0, 1, 49, 1, 15.0, 9, 11.051775668778014
1, 164.0, 1, 49, 2, 16.0, 8, 11.091575390155933
1, 165.0, 0, 46, 3, 0.0, 7, 10.518217766099855
1, 166.0, 1, 48, 1, 0.0, 7, 10.002289444608829
1, 167.0, 0, 47, 1, 0.0, 6, 9.068113957675283
1, 168.0, 1, 48, 2, 0.0, 5, 8.550793768888246
1, 169.0, 0, 46, 3, 0.0, 5, 9.667041893472147
1, 170.0, 1, 46, 1, 0.0, 5, 9.76618246654315
1, 171.0, 0, 48, 1, 1.0, 7, 11.113923122182632
1, 172.0, 0, 47, 2, 3.0, 7, 12.202610005241784
1, 173.0, 1, 49, 1, 0.0, 6, 10.983960998323273
1, 174.0, 0, 50, 2, 1.0, 6, 8.965260998352985
1, 175.0, 1, 52, 2, 3.0, 6, 9.202560051117867
1, 176.0, 1, 51, 1, 6.0, 5, 9.142471663070946
1, 177.0, 1, 51, 1, 2.0, 5, 8.764946724934028
1, 178.0, 1, 53, 0, 3.0, 5, 9.279606194041467
1, 179.0, 1, 50, 3, 0.0, 5, 10.005536898305612
1, 180.0, 0, 47, 3, 0.0, 6, 8.807648711154833
1, 181.0, 0, 47, 1, 1.0, 6, 7.938967693695011
1, 182.0, 1, 46, 2, 1.0, 5, 6.492091668103901
1, 183.0, 1, 46, 0, 0.0, 5, 6.995540954328048
1, 184.0, 0, 44, 2, 0.0, 5, 8.138710568413437
1, 185.0, 0, 46, 0, 0.0, 5, 9.66360005407242
1, 186.0, 1, 49, 1, 1.0, 6, 10.774074677624043
1, 187.0, 1, 48, 2, 2.0, 6, 14.46236234938251
1, 188.0, 1, 51, 0, 3.0, 6, 14.947202421403825
1, 189.0, 1, 51, 1, 6.0, 6, 16.491882658831308
1, 190.0, 0, 48, 5, 4.0, 7, 15.216370634124006
1, 191.0, 0, 50, 0, 8.0, 8, 14.265102935546494
1, 192.0, 0, 51, 1, 10.0, 8, 13.961547508329762
1, 193.0, 1, 53, 1, 10.0, 7, 13.29224572903001
1, 194.0, 1, 52, 1, 12.0, 6, 11.792376989314661
1, 195.0, 0, 52, 2, 9.0, 6, 10.025012012107645
1, 196.0, 1, 52, 1, 6.0, 5, 9.588789304099837
1, 197.0, 0, 51, 1, 7.0, 5, 8.836757315703105
1, 198.0, 1, 52, 1, 8.0, 5, 8.20357407007321
1, 199.0, 1, 49, 4, 9.0, 5, 8.766002532227164
1, 200.0, 0, 47, 3, 0.0, 6, 9.274069099355396
1, 201.0, 0, 47, 0, 0.0, 6, 9.295820209230596
1, 202.0, 1, 46, 1, 0.0, 6, 7.737951442141682
1, 203.0, 0, 45, 1, 0.0, 7, 8.146958934212416
1, 204.0, 1, 43, 2, 0.0, 6, 6.961806271008825
1, 205.0, 1, 41, 2, 0.0, 5, 7.367629342498942
1, 206.0, 0, 40, 1, 0.0, 7, 9.798972063143472
1, 207.0, 0, 39, 1, 1.0, 7, 8.942596421132148
1, 208.0, 1, 39, 0, 0.0, 8, 9.208891269627939
1, 209.0, 1, 36, 3, 1.0, 7, 8.599281050827916
1, 210.0, 0, 34, 2, 1.0, 7, 9.711254491419238
1, 211.0, 0, 33, 1, 3.0, 7, 10.042399473958962
1, 212.0, 0, 32, 1, 1.0, 6, 10.584668627807064
1, 213.0, 1, 32, 0, 1.0, 6, 9.831427201849072
1, 214.0, 0, 30, 2, 3.0, 7, 9.80142622763765
1, 215.0, 1, 28, 2, 6.0, 6, 9.024265547433643
1, 216.0, 0, 26, 2, 4.0, 5, 8.004886619452783
1, 217.0, 1, 26, 0, 5.0, 5, 6.956642294605495
1, 218.0, 1, 23, 3, 6.0, 5, 5.774626419867801
1, 219.0, 0, 22, 1, 0.0, 5, 4.94158032875685
1, 220.0, 0, 20, 2, 0.0, 5, 4.161931706851781
1, 221.0, 0, 20, 0, 0.0, 5, 3.9078178084062234
1, 222.0, 1, 18, 2, 0.0, 5, 3.201523720940678
1, 223.0, 0, 18, 0, 0.0, 5, 2.763572587112301
1, 224.0, 0, 13, 5, 0.0, 4, 2.4513306093893013
1, 225.0, 1, 12, 1, 0.0, 4, 1.4986835358636466
1, 226.0, 0, 12, 0, 0.0, 4, 1.5662686753498862
1, 227.0, 0, 11, 1, 0.0, 4, 0.8991283516347854
1, 228.0, 1, 11, 0, 0.0, 4, 0.9512893561919089
1, 229.0, 0, 10, 1, 0.0, 3, 0.6447238990033037
1, 230.0, 0, 9, 1, 0.0, 3, 0.6210391241654198
1, 231.0, 1, 7, 2, 0.0, 2, 0.5715982456962152
1, 232.0, 1, 6, 1, 0.0, 2, 0.41713425782886393
1, 233.0, 0, 5, 1, 0.0, 1, 0.6129628798794133
1, 234.0, 1, 5, 0, 0.0, 1, 0.5120543387164247
1, 235.0, 0, 5, 0, 0.0, 1, 0.4209547890282881
1, 236.0, 0, 4, 1, 0.0, 1, 0.3418546111860685
1, 237.0, 0, 4, 0, 0.0, 1, 0.4047668970190017
1, 238.0, 1, 4, 0, 0.0, 1, 0.32841658505786064
1, 239.0, 1, 2, 2, 0.0, 1, 0.17607329999206023
1, 240.0, 1, 2, 0, 0.0, 1, 0.12071738328716108
1, 241.0, 0, 0, 2, 0, 0, 0
2, 1.0, 0, 2, 0, 0.0, 0, 0.0
2, 2.0, 1, 3, 0, 0.0, 0, 1.0814256854756554
2, 3.0, 0, 5, 0, 0.0, 0, 1.2559462905827157
2, 4.0, 1, 7, 0, 0.0, 0, 1.2603760180273869
2, 5.0, 1, 9, 0, 0.0, 0, 1.356365191048412
2, 6.0, 0, 9, 0, 0.0, 0, 1.2083235416804996
2, 7.0, 0, 10, 0, 0.0, 0, 1.0113279673831101
2, 8.0, 1, 11, 0, 0.0, 0, 1.129802691208996
2, 9.0, 0, 12, 0, 0.0, 0, 1.3450565739990277
2, 10.0, 1, 15, 0, 0.0, 0, 1.7333175264498455
2, 11.0, 1, 16, 0, 0.0, 0, 2.751010520974618
2, 12.0, 0, 18, 0, 0.0, 0, 2.763001404038115
2, 13.0, 0, 18, 0, 0.0, 0, 2.7714401468275747
2, 14.0, 1, 20, 0, 0.0, 0, 2.4684821778139123
2, 15.0, 0, 22, 0, 0.0, 3, 4.117137972491628
2, 16.0, 0, 23, 0, 1.0, 3, 5.165160737637724
2, 17.0, 1, 23, 0, 0.0, 3, 4.558089590424487
2, 18.0, 1, 25, 0, 0.0, 3, 4.31684400050145
2, 19.0, 1, 25, 0, 1.0, 3, 6.11846433458721
2, 20.0, 1, 27, 0, 2.0, 3, 5.709780932209061
2, 21.0, 0, 28, 0, 3.0, 3, 7.100751312756845
2, 22.0, 0, 28, 0, 4.0, 3, 8.168481674800447
2, 23.0, 1, 30, 0, 5.0, 3, 7.021419627690365
2, 24.0, 1, 31, 0, 6.0, 3, 7.474562793433612
2, 25.0, 1, 33, 0, 8.0, 3, 7.016830326439944
2, 26.0, 1, 36, 0, 11.0, 3, 8.391388397062297
2, 27.0, 1, 38, 0, 6.0, 3, 8.860180929158384
2, 28.0, 0, 40, 0, 5.0, 5, 9.919077585253731
2, 29.0, 1, 41, 0, 6.0, 5, 10.192611372353806
2, 30.0, 0, 41, 0, 0.0, 6, 10.099061092103778
2, 31.0, 1, 46, 0, 0.0, 6, 7.819196954800389
2, 32.0, 1, 48, 0, 0.0, 6, 7.575272686827503
2, 33.0, 1, 45, 3, 0.0, 6, 7.662524319156534
2, 34.0, 1, 46, 0, 0.0, 6, 8.592638982481317
2, 35.0, 1, 47, 0, 1.0, 6, 8.578225010333389
2, 36.0, 0, 45, 3, 3.0, 7, 9.677851031461051
2, 37.0, 0, 46, 0, 3.0, 7, 10.053523529203432
2, 38.0, 1, 46, 1, 1.0, 8, 10.657759759117441
2, 39.0, 0, 48, 0, 1.0, 8, 11.05283537032044
2, 40.0, 0, 50, 2, 2.0, 8, 12.745695778008397
2, 41.0, 1, 47, 3, 0.0, 7, 12.309757694061831
2, 42.0, 1, 49, 0, 0.0, 7, 11.188171202441966
2, 43.0, 0, 52, 0, 0.0, 7, 9.903690515280712
2, 44.0, 0, 53, 1, 0.0, 7, 11.712905575630307
2, 45.0, 0, 50, 3, 0.0, 5, 12.933041908291672
2, 46.0, 1, 49, 2, 0.0, 4, 11.097264065296429
2, 47.0, 1, 50, 2, 2.0, 4, 10.797952485281366
2, 48.0, 0, 50, 1, 4.0, 5, 11.859905121181642
2, 49.0, 0, 49, 1, 6.0, 5, 11.784086651582061
2, 50.0, 0, 51, 0, 5.0, 5, 12.338449613761597
2, 51.0, 1, 54, 0, 5.0, 6, 12.545450359026916
2, 52.0, 1, 53, 2, 7.0, 5, 12.788842339021128
2, 53.0, 1, 54, 0, 11.0, 5, 14.255246102230528
2, 54.0, 0, 55, 1, 10.0, 5, 14.38163788297153
2, 55.0, 0, 51, 4, 9.0, 4, 16.775134869686127
2, 56.0, 1, 51, 2, 11.0, 4, 16.618831546854658
2, 57.0, 0, 48, 4, 15.0, 4, 16.475000243441844
2, 58.0, 0, 48, 0, 19.0, 4, 16.35270241026522
2, 59.0, 1, 48, 1, 16.0, 4, 15.25624104954699
2, 60.0, 1, 47, 2, 20.0, 4, 15.668945991239527
2, 61.0, 1, 49, 0, 24.0, 4, 17.819792281753763
2, 62.0, 1, 51, 1, 30.0, 3, 18.175337385590122
2, 63.0, 1, 51, 1, 19.0, 3, 19.609492865662602
2, 64.0, 1, 53, 0, 25.0, 3, 18.943457030381218
2, 65.0, 1, 49, 4, 33.0, 3, 18.826421271118267
2, 66.0, 0, 51, 0, 36.0, 3, 18.680783104149427
2, 67.0, 0, 51, 0, 42.0, 3, 18.908003588621426
2, 68.0, 0, 52, 0, 50.0, 3, 19.557990839106644
2, 69.0, 1, 50, 2, 56.0, 4, 18.935099803899536
2, 70.0, 0, 49, 1, 42.0, 6, 18.939422299544496
2, 71.0, 0, 50, 0, 48.0, 6, 19.763950256958395
2, 72.0, 0, 49, 3, 44.0, 5, 20.27458862071457
2, 73.0, 1, 50, 1, 45.0, 5, 19.997992313931604
2, 74.0, 1, 48, 2, 52.0, 5, 20.58489944325083
2, 75.0, 1, 51, 0, 61.0, 5, 20.877172228670243
2, 76.0, 1, 53, 1, 59.0, 5, 20.513589747100948
2, 77.0, 0, 51, 3, 63.0, 5, 20.640212694969467
2, 78.0, 1, 51, 0, 71.0, 5, 19.777436614568902
2, 79.0, 1, 52, 0, 76.0, 5, 19.365156989864776
2, 80.0, 1, 51, 2, 62.0, 4, 18.731633462631656
2, 81.0, 0, 50, 2, 67.0, 5, 17.685289530153486
2, 82.0, 0, 52, 1, 72.0, 5, 17.911444949445734
2, 83.0, 0, 53, 0, 79.0, 5, 18.88598703058873
2, 84.0, 0, 53, 0, 85.0, 5, 19.14568932823066
2, 85.0, 0, 55, 1, 92.0, 5, 19.293127956022886
2, 86.0, 1, 54, 1, 46.0, 5, 18.730980432351743
2, 87.0, 0, 53, 1, 36.0, 6, 18.437017985202047
2, 88.0, 0, 54, 1, 41.0, 6, 19.035179409217168
2, 89.0, 1, 53, 1, 22.0, 8, 20.57010040288692
2, 90.0, 0, 54, 1, 27.0, 8, 20.316717230327356
2, 91.0, 1, 54, 2, 27.0, 7, 18.62577176308971
2, 92.0, 1, 52, 3, 28.0, 7, 16.78981295902763
2, 93.0, 1, 51, 2, 30.0, 5, 17.16069083376452
2, 94.0, 1, 51, 2, 32.0, 5, 15.739167533619545
2, 95.0, 0, 50, 1, 28.0, 6, 14.428520195793517
2, 96.0, 0, 50, 1, 25.0, 6, 15.07569982488291
2, 97.0, 1, 51, 0, 27.0, 6, 14.976757453700275
2, 98.0, 1, 52, 1, 26.0, 6, 14.825821360387074
2, 99.0, 0, 55, 0, 27.0, 6, 15.899981156134794
2, 100.0, 0, 56, 1, 30.0, 6, 15.825103901661553
2, 101.0, 0, 55, 2, 35.0, 5, 15.544608175193401
2, 102.0, 1, 55, 1, 36.0, 5, 16.307253911767987
2, 103.0, 1, 58, 1, 37.0, 5, 17.300645540153067
2, 104.0, 0, 56, 3, 39.0, 5, 18.562358198932607
2, 105.0, 0, 56, 0, 42.0, 5, 20.095092588806775
2, 106.0, 1, 56, 2, 41.0, 5, 18.94969620111399
2, 107.0, 0, 53, 3, 36.0, 3, 17.993786780216915
2, 108.0, 0, 52, 2, 37.0, 2, 17.547404093503122
2, 109.0, 1, 51, 1, 37.0, 3, 17.3479216186855
2, 110.0, 1, 50, 3, 40.0, 3, 17.4797787396218
2, 111.0, 1, 50, 0, 45.0, 3, 18.29475123328311
2, 112.0, 0, 47, 3, 43.0, 4, 18.894952547952386
2, 113.0, 0, 47, 2, 46.0, 3, 18.872343951655306
2, 114.0, 1, 47, 1, 47.0, 3, 20.335701182503964
2, 115.0, 0, 48, 0, 51.0, 3, 21.09836033872529
2, 116.0, 1, 51, 1, 54.0, 3, 21.31879585855613
2, 117.0, 1, 50, 2, 59.0, 3, 21.46592536693657
2, 118.0, 1, 50, 2, 62.0, 3, 20.576916115702016
2, 119.0, 1, 51, 0, 69.0, 3, 20.649217152270175
2, 120.0, 0, 53, 0, 71.0, 3, 19.5221359421835
2, 121.0, 0, 54, 2, 77.0, 3, 19.640837776639327
2, 122.0, 0, 57, 0, 85.0, 3, 20.9952975599493
2, 123.0, 1, 58, 2, 90.0, 2, 21.238565713405848
2, 124.0, 1, 59, 0, 99.0, 2, 21.13426225359287
2, 125.0, 1, 57, 3, 109.0, 2, 21.289753136359085
2, 126.0, 1, 57, 0, 81.0, 2, 19.97115582663959
2, 127.0, 0, 57, 1, 85.0, 4, 21.608199221533976
2, 128.0, 1, 57, 1, 82.0, 5, 21.026342396027733
2, 129.0, 1, 60, 0, 88.0, 5, 20.924447464900027
2, 130.0, 1, 58, 3, 94.0, 5, 21.392502103299982
2, 131.0, 1, 59, 0, 102.0, 5, 21.21109571758134
2, 132.0, 0, 58, 2, 75.0, 5, 21.18514138575273
2, 133.0, 0, 57, 1, 77.0, 4, 21.720550225381533
2, 134.0, 0, 59, 0, 83.0, 4, 22.85298371225322
2, 135.0, 1, 62, 0, 88.0, 5, 23.326324193208023
2, 136.0, 0, 61, 2, 95.0, 6, 23.390734001658842
2, 137.0, 0, 59, 2, 100.0, 6, 23.26664919047202
2, 138.0, 0, 59, 1, 105.0, 6, 23.382525026213386
2, 139.0, 1, 59, 1, 104.0, 6, 22.526094878628765
2, 140.0, 0, 61, 0, 43.0, 6, 22.228787730404225
2, 141.0, 0, 62, 2, 50.0, 6, 23.493052903793874
2, 142.0, 1, 62, 1, 58.0, 6, 23.778862442516026
2, 143.0, 0, 61, 2, 45.0, 6, 22.477609418864475
2, 144.0, 0, 60, 1, 48.0, 6, 21.12970073814059
2, 145.0, 0, 60, 1, 53.0, 6, 19.381446360145667
2, 146.0, 1, 59, 2, 58.0, 5, 17.205621004113688
2, 147.0, 0, 59, 1, 36.0, 7, 17.336615457723237
2, 148.0, 0, 56, 3, 40.0, 6, 19.0793813430923
2, 149.0, 1, 56, 1, 42.0, 6, 17.540030302640663
2, 150.0, 0, 54, 3, 33.0, 6, 16.233901328080236
2, 151.0, 1, 57, 0, 38.0, 6, 16.33243170762622
2, 152.0, 1, 55, 2, 44.0, 6, 14.902819461837206
2, 153.0, 1, 54, 2, 50.0, 5, 15.046096364775494
2, 154.0, 0, 53, 2, 35.0, 7, 17.419347638458895
2, 155.0, 1, 54, 1, 39.0, 7, 15.94729261272944
2, 156.0, 0, 52, 4, 45.0, 7, 15.202212853877421
2, 157.0, 0, 52, 0, 52.0, 7, 14.84832404870141
2, 158.0, 0, 53, 1, 60.0, 7, 13.863318782617359
2, 159.0, 0, 53, 2, 64.0, 6, 15.515260124936034
2, 160.0, 0, 51, 3, 72.0, 6, 15.557880548493333
2, 161.0, 1, 50, 1, 73.0, 6, 14.968643406461442
2, 162.0, 1, 48, 3, 79.0, 5, 14.286165658390646
2, 163.0, 1, 48, 1, 87.0, 5, 15.655221586657103
2, 164.0, 0, 49, 1, 97.0, 6, 16.313840613246164
2, 165.0, 1, 47, 2, 56.0, 4, 16.27496739633601
2, 166.0, 0, 49, 1, 65.0, 4, 15.622346669958242
2, 167.0, 0, 48, 1, 63.0, 4, 17.491891347927165
2, 168.0, 0, 50, 1, 71.0, 4, 17.00353537837136
2, 169.0, 1, 51, 0, 71.0, 4, 15.619646288394437
2, 170.0, 0, 50, 2, 74.0, 4, 15.471964552511562
2, 171.0, 1, 48, 4, 80.0, 4, 15.725751880341859
2, 172.0, 0, 50, 0, 88.0, 5, 17.630839425747652
2, 173.0, 1, 50, 3, 90.0, 4, 18.00535077575987
2, 174.0, 0, 51, 1, 98.0, 4, 18.285806709954784
2, 175.0, 0, 56, 0, 63.0, 4, 18.280170564312392
2, 176.0, 1, 56, 0, 69.0, 4, 18.05647749231363
2, 177.0, 1, 55, 2, 77.0, 4, 16.51483703113671
2, 178.0, 1, 57, 0, 86.0, 4, 16.543813465776083
2, 179.0, 0, 57, 0, 21.0, 4, 16.050242560770563
2, 180.0, 1, 56, 1, 8.0, 4, 15.684375543919467
2, 181.0, 0, 56, 1, 10.0, 6, 16.26360185917283
2, 182.0, 0, 56, 1, 13.0, 6, 14.273018021579945
2, 183.0, 0, 53, 3, 17.0, 6, 14.772257097744946
2, 184.0, 0, 51, 2, 22.0, 6, 14.363768953099738
2, 185.0, 1, 52, 1, 16.0, 7, 13.163975733402788
2, 186.0, 0, 55, 1, 6.0, 6, 15.349113778332633
2, 187.0, 1, 54, 2, 9.0, 7, 17.944667672191112
2, 188.0, 0, 57, 0, 3.0, 7, 17.43623649512544
2, 189.0, 0, 57, 1, 5.0, 7, 19.511244399139333
2, 190.0, 0, 58, 1, 8.0, 7, 19.52398528111999
2, 191.0, 0, 59, 1, 14.0, 7, 19.370429544335757
2, 192.0, 0, 60, 1, 23.0, 7, 18.26057475764519
2, 193.0, 0, 61, 2, 33.0, 7, 19.02219011502558
2, 194.0, 0, 58, 3, 38.0, 7, 17.995026185746696
2, 195.0, 1, 57, 3, 21.0, 6, 15.408955560858825
2, 196.0, 0, 57, 1, 18.0, 6, 14.584986377494891
2, 197.0, 1, 54, 3, 21.0, 5, 13.499957573163991
2, 198.0, 0, 54, 2, 26.0, 5, 13.785837097927514
2, 199.0, 1, 52, 3, 26.0, 4, 13.193706588161472
2, 200.0, 1, 53, 0, 18.0, 4, 12.40571386471343
2, 201.0, 1, 52, 1, 1.0, 4, 11.847440302619534
2, 202.0, 1, 51, 1, 2.0, 4, 10.1280779901758
2, 203.0, 1, 51, 0, 3.0, 4, 11.423498295672074
2, 204.0, 1, 49, 2, 5.0, 3, 9.538760935834079
2, 205.0, 1, 48, 1, 8.0, 2, 10.201440107549578
2, 206.0, 0, 45, 3, 3.0, 2, 10.998641428741257
2, 207.0, 0, 45, 0, 2.0, 2, 10.755368264291242
2, 208.0, 0, 43, 2, 4.0, 2, 10.788108422751009
2, 209.0, 0, 43, 0, 8.0, 2, 9.229727412452354
2, 210.0, 0, 39, 4, 12.0, 2, 8.60383247505101
2, 211.0, 0, 38, 1, 17.0, 2, 9.03473809639292
2, 212.0, 1, 38, 0, 0.0, 2, 8.350897836887894
2, 213.0, 0, 37, 1, 1.0, 3, 7.8092885541295995
2, 214.0, 0, 36, 1, 3.0, 3, 7.883582535499157
2, 215.0, 0, 32, 4, 5.0, 3, 7.61922827059135
2, 216.0, 1, 28, 4, 3.0, 3, 6.179273351454958
2, 217.0, 1, 27, 1, 4.0, 3, 4.863766441293927
2, 218.0, 0, 27, 0, 2.0, 3, 5.30484124392585
2, 219.0, 0, 25, 2, 4.0, 2, 4.434367736619141
2, 220.0, 0, 21, 4, 6.0, 2, 3.9796766245995725
2, 221.0, 0, 18, 3, 4.0, 2, 3.3206322190427695
2, 222.0, 1, 17, 1, 5.0, 2, 2.8819979255452806
2, 223.0, 1, 17, 0, 6.0, 2, 2.4846969899712943
2, 224.0, 0, 17, 0, 7.0, 2, 2.341860066307449
2, 225.0, 0, 14, 3, 8.0, 2, 1.9863905143686824
2, 226.0, 1, 14, 0, 9.0, 2, 1.6916865767909508
2, 227.0, 0, 13, 1, 10.0, 2, 1.5911774483431884
2, 228.0, 1, 9, 4, 0.0, 2, 1.248882090198276
2, 229.0, 1, 8, 1, 0.0, 1, 1.2304719949715142
2, 230.0, 0, 8, 0, 0.0, 1, 0.9759129793731507
2, 231.0, 0, 7, 1, 0.0, 1, 0.7894759568543046
2, 232.0, 0, 4, 3, 0.0, 1, 0.6019710246750254
2, 233.0, 0, 4, 0, 0.0, 1, 0.5804249827964973
2, 234.0, 0, 3, 1, 0.0, 1, 0.143599086586077
2, 235.0, 0, 3, 0, 0.0, 1, 0.22831782569263304
2, 236.0, 0, 3, 0, 0.0, 1, 0.26642076378371726
2, 237.0, 0, 3, 0, 0.0, 1, 0.13108478357803577
2, 238.0, 0, 3, 0, 0.0, 1, 0.20940916766691942
2, 239.0, 1, 2, 1, 0.0, 1, 0.027327512925834796
2, 240.0, 0, 2, 0, 0.0, 1, 0.09176213768150987
2, 241.0, 0, 1, 1, 0.0, 1, 0.07166709961219553
2, 242.0, 0, 1, 0, 0.0, 1, 0.007940201417643067
2, 243.0, 1, 1, 0, 0.0, 1, 0.026001190292532783
2, 244.0, 1, 1, 0, 0.0, 1, 0.009738712508003289
2, 245.0, 0, 1, 0, 0.0, 1, 0.10049898615901753
2, 246.0, 0, 1, 0, 0.0, 1, 0.007068647580329213
2, 247.0, 1, 0, 1, 0, 0, 0
3, 1.0, 0, 2, 0, 0.0, 0, 0.0
3, 2.0, 0, 3, 0, 0.0, 0, 1.0814256854756554
3, 3.0, 0, 5, 0, 0.0, 0, 1.2559462905827157
3, 4.0, 0, 7, 0, 0.0, 0, 1.2603760180273869
3, 5.0, 1, 9, 0, 0.0, 0, 1.356365191048412
3, 6.0, 1, 9, 0, 0.0, 0, 1.287337457469642
3, 7.0, 0, 10, 0, 0.0, 0, 0.9556235514719723
3, 8.0, 0, 11, 0, 0.0, 0, 1.168230593310705
3, 9.0, 1, 12, 0, 0.0, 0, 1.3211245838572987
3, 10.0, 1, 15, 0, 0.0, 0, 1.8521160770279796
3, 11.0, 0, 16, 0, 0.0, 0, 2.9419051546901827
3, 12.0, 1, 18, 0, 0.0, 0, 2.9511992946454755
3, 13.0, 0, 18, 0, 0.0, 0, 2.7543440348699484
3, 14.0, 1, 20, 0, 0.0, 0, 2.3651940608262776
3, 15.0, 1, 22, 0, 0.0, 0, 3.4396835306495355
3, 16.0, 1, 23, 0, 0.0, 0, 5.006564661102806
3, 17.0, 1, 23, 0, 2.0, 0, 5.567928978471309
3, 18.0, 0, 25, 0, 0.0, 0, 4.972065577381909
3, 19.0, 1, 25, 0, 0.0, 1, 5.859815128714881
3, 20.0, 1, 27, 0, 0.0, 1, 5.790839189756533
3, 21.0, 0, 28, 0, 0.0, 1, 7.792598125515341
3, 22.0, 1, 28, 0, 0.0, 2, 7.60607372553291
3, 23.0, 1, 30, 0, 2.0, 2, 7.4253110742221935
3, 24.0, 0, 31, 0, 2.0, 2, 7.64218337126424
3, 25.0, 0, 33, 0, 3.0, 2, 7.6755329267626
3, 26.0, 1, 36, 0, 0.0, 2, 8.443258836395637
3, 27.0, 0, 38, 0, 0.0, 3, 9.687923128044844
3, 28.0, 1, 40, 0, 0.0, 3, 9.727388339223042
3, 29.0, 0, 41, 0, 2.0, 3, 11.164322999864865
3, 30.0, 0, 41, 0, 4.0, 3, 11.221207597696246
3, 31.0, 0, 45, 1, 7.0, 3, 10.964734769950928
3, 32.0, 1, 47, 0, 1.0, 3, 11.24983826720156
3, 33.0, 1, 46, 1, 2.0, 3, 11.327911271490441
3, 34.0, 0, 47, 0, 3.0, 4, 11.930786172961932
3, 35.0, 0, 48, 0, 5.0, 4, 12.237182776492789
3, 36.0, 0, 47, 2, 7.0, 4, 13.931955880700553
3, 37.0, 0, 46, 2, 3.0, 3, 14.272693535458375
3, 38.0, 0, 44, 3, 8.0, 2, 14.307564485562198
3, 39.0, 1, 44, 1, 0.0, 3, 14.886806492759748
3, 40.0, 0, 48, 1, 0.0, 4, 13.866412475020898
3, 41.0, 0, 48, 0, 0.0, 4, 16.271078499383247
3, 42.0, 0, 50, 0, 1.0, 4, 15.54839915712664
3, 43.0, 0, 52, 1, 4.0, 4, 16.641474973185232
3, 44.0, 1, 53, 1, 4.0, 4, 15.75758223417768
3, 45.0, 1, 53, 0, 6.0, 4, 15.267344414851115
3, 46.0, 0, 53, 1, 10.0, 4, 14.933364411082428
3, 47.0, 0, 54, 3, 9.0, 3, 14.696215995571302
3, 48.0, 1, 54, 0, 10.0, 4, 16.151488486670058
3, 49.0, 1, 54, 0, 14.0, 4, 14.422146748959598
3, 50.0, 1, 56, 0, 11.0, 4, 15.061312649322842
3, 51.0, 1, 59, 0, 10.0, 4, 14.94437385971068
3, 52.0, 0, 58, 2, 7.0, 4, 14.237709542145007
3, 53.0, 1, 59, 0, 11.0, 4, 13.54064077857547
3, 54.0, 1, 59, 2, 16.0, 4, 13.454504855776287
3, 55.0, 0, 57, 2, 13.0, 3, 13.5215010704176
3, 56.0, 0, 57, 2, 16.0, 3, 12.117830977368685
3, 57.0, 0, 57, 1, 8.0, 3, 13.584476989751723
3, 58.0, 0, 54, 3, 11.0, 2, 11.463711449197772
3, 59.0, 1, 55, 0, 14.0, 2, 9.95913449208987
3, 60.0, 0, 52, 4, 14.0, 3, 10.774535336790642
3, 61.0, 0, 52, 2, 16.0, 3, 11.138769019513399
3, 62.0, 1, 53, 2, 11.0, 3, 10.395184643772533
3, 63.0, 0, 52, 2, 13.0, 4, 13.354678952148696
3, 64.0, 0, 54, 0, 3.0, 4, 13.985226332632548
3, 65.0, 0, 52, 2, 7.0, 4, 14.431754999076501
3, 66.0, 0, 53, 1, 11.0, 4, 13.832403031685148
3, 67.0, 1, 50, 3, 4.0, 4, 14.006529783502582
3, 68.0, 1, 50, 1, 8.0, 4, 12.773437295399226
3, 69.0, 0, 48, 2, 5.0, 4, 12.801289133272983
3, 70.0, 1, 46, 2, 5.0, 4, 10.967664292995618
3, 71.0, 1, 45, 2, 7.0, 4, 9.833737247391737
3, 72.0, 0, 46, 1, 11.0, 4, 9.822332844158106
3, 73.0, 0, 45, 3, 15.0, 4, 10.081919354477014
3, 74.0, 1, 45, 0, 17.0, 4, 11.201494988684717
3, 75.0, 0, 47, 1, 22.0, 6, 11.995303133484581
3, 76.0, 0, 47, 3, 26.0, 5, 12.47934358908832
3, 77.0, 1, 48, 0, 27.0, 5, 12.358650143902507
3, 78.0, 1, 44, 4, 21.0, 4, 11.355094007926784
3, 79.0, 1, 43, 2, 23.0, 4, 10.991166044858332
3, 80.0, 0, 43, 1, 11.0, 5, 10.443265617779423
3, 81.0, 0, 44, 0, 12.0, 5, 9.656145933643769
3, 82.0, 1, 46, 1, 13.0, 5, 9.052681726521138
3, 83.0, 0, 46, 1, 15.0, 5, 9.359012522801416
3, 84.0, 1, 45, 1, 18.0, 5, 9.999142430314011
3, 85.0, 1, 46, 2, 22.0, 4, 8.629768810612319
3, 86.0, 0, 43, 3, 26.0, 3, 8.624877977758546
3, 87.0, 1, 42, 1, 26.0, 3, 8.72630744301468
3, 88.0, 0, 43, 1, 29.0, 6, 10.384726035005189
3, 89.0, 0, 42, 1, 14.0, 7, 12.144240928131044
3, 90.0, 0, 44, 0, 20.0, 7, 13.446861661427096
3, 91.0, 1, 45, 1, 20.0, 7, 13.596518439255773
3, 92.0, 1, 42, 4, 10.0, 6, 12.372664039127557
3, 93.0, 1, 42, 1, 5.0, 6, 13.327282673352288
3, 94.0, 1, 43, 1, 7.0, 6, 13.474171159282655
3, 95.0, 0, 42, 1, 10.0, 8, 13.625066572807006
3, 96.0, 1, 42, 1, 11.0, 7, 11.975985686066963
3, 97.0, 0, 43, 0, 5.0, 7, 12.163647666272318
3, 98.0, 0, 44, 1, 1.0, 6, 11.933207229310682
3, 99.0, 0, 44, 3, 3.0, 6, 11.85625659831008
3, 100.0, 1, 46, 0, 0.0, 6, 10.879617990151365
3, 101.0, 0, 45, 2, 2.0, 6, 10.264116398157508
3, 102.0, 1, 46, 0, 4.0, 6, 9.511536224437686
3, 103.0, 0, 49, 1, 3.0, 7, 9.243522241955489
3, 104.0, 1, 50, 0, 4.0, 8, 11.99868039805346
3, 105.0, 1, 50, 0, 6.0, 8, 10.954544411662763
3, 106.0, 1, 50, 2, 9.0, 8, 10.69616767297535
3, 107.0, 1, 50, 0, 5.0, 8, 10.578704556010853
3, 108.0, 1, 48, 3, 7.0, 8, 9.519505057417913
3, 109.0, 0, 48, 0, 0.0, 9, 9.856505743623797
3, 110.0, 0, 49, 1, 0.0, 9, 9.465145937090835
3, 111.0, 0, 45, 4, 1.0, 7, 10.511280638640404
3, 112.0, 1, 43, 2, 1.0, 7, 10.10500695166968
3, 113.0, 1, 44, 1, 2.0, 7, 11.088253483513729
3, 114.0, 1, 42, 3, 5.0, 5, 12.260119526666303
3, 115.0, 0, 41, 2, 6.0, 4, 12.38401039151997
3, 116.0, 1, 43, 2, 9.0, 5, 12.576529633607345
3, 117.0, 1, 43, 1, 9.0, 5, 14.603403193519721
3, 118.0, 1, 45, 0, 15.0, 5, 14.309649070524474
3, 119.0, 1, 43, 3, 23.0, 5, 13.56742078841775
3, 120.0, 1, 45, 0, 28.0, 5, 12.806891078840133
3, 121.0, 0, 47, 1, 18.0, 5, 12.900096842268109
3, 122.0, 0, 49, 1, 18.0, 5, 14.125408510220957
3, 123.0, 1, 50, 2, 18.0, 6, 13.877739482231473
3, 124.0, 1, 51, 0, 23.0, 6, 14.279703876039802
3, 125.0, 0, 51, 1, 23.0, 6, 14.57928692894466
3, 126.0, 1, 50, 1, 27.0, 6, 13.770795325742084
3, 127.0, 1, 51, 0, 33.0, 6, 13.078705489357036
3, 128.0, 0, 51, 1, 40.0, 7, 15.287406001325513
3, 129.0, 0, 53, 1, 37.0, 6, 16.98186543165953
3, 130.0, 0, 49, 5, 44.0, 5, 19.791407759368255
3, 131.0, 0, 49, 1, 57.0, 5, 20.584742325344166
3, 132.0, 1, 49, 1, 54.0, 5, 20.248486027227294
3, 133.0, 1, 49, 0, 58.0, 5, 20.13124675319083
3, 134.0, 0, 51, 0, 41.0, 5, 20.47003279744028
3, 135.0, 1, 53, 1, 47.0, 6, 21.22188270097819
3, 136.0, 0, 53, 1, 56.0, 7, 22.024164445670767
3, 137.0, 0, 53, 0, 56.0, 7, 21.519381840748533
3, 138.0, 0, 53, 1, 59.0, 6, 20.801545260634402
3, 139.0, 1, 54, 0, 61.0, 6, 19.788254445446302
3, 140.0, 0, 56, 0, 42.0, 6, 17.47445344725725
3, 141.0, 1, 57, 2, 48.0, 6, 18.882480240150294
3, 142.0, 0, 57, 1, 55.0, 8, 21.040991724177932
3, 143.0, 1, 57, 1, 61.0, 8, 20.84879428434355
3, 144.0, 0, 56, 1, 69.0, 8, 19.129035929598263
3, 145.0, 0, 56, 1, 49.0, 8, 18.70246859710475
3, 146.0, 1, 56, 1, 52.0, 8, 15.792043701834938
3, 147.0, 1, 57, 0, 44.0, 8, 15.957909091984074
3, 148.0, 0, 54, 3, 39.0, 8, 17.5983192036764
3, 149.0, 0, 54, 1, 44.0, 8, 16.37971601154436
3, 150.0, 0, 53, 2, 49.0, 8, 16.11226170494067
3, 151.0, 0, 54, 2, 56.0, 8, 15.144411928964617
3, 152.0, 0, 53, 1, 64.0, 8, 15.522327663528083
3, 153.0, 1, 53, 1, 69.0, 8, 15.653574337994733
3, 154.0, 0, 52, 2, 78.0, 9, 17.68830626168545
3, 155.0, 0, 50, 4, 87.0, 9, 17.57791575688441
3, 156.0, 0, 52, 0, 46.0, 9, 16.83006105111098
3, 157.0, 0, 51, 1, 55.0, 9, 16.73556049094351
3, 158.0, 0, 49, 4, 53.0, 7, 15.931186416859077
3, 159.0, 1, 51, 0, 40.0, 7, 16.763095840480418
3, 160.0, 1, 50, 2, 46.0, 7, 16.455791482240492
3, 161.0, 0, 50, 0, 41.0, 7, 16.44873968811401
3, 162.0, 1, 50, 1, 46.0, 7, 15.695503260760654
3, 163.0, 0, 46, 5, 54.0, 6, 15.747083480492808
3, 164.0, 0, 45, 3, 63.0, 3, 15.788536295123762
3, 165.0, 0, 45, 0, 74.0, 3, 15.571603699244623
3, 166.0, 0, 48, 0, 58.0, 3, 15.54405551363827
3, 167.0, 0, 47, 1, 51.0, 3, 17.025567677175033
3, 168.0, 0, 49, 1, 61.0, 3, 17.271050256412547
3, 169.0, 0, 50, 0, 66.0, 3, 17.95705417672567
3, 170.0, 1, 50, 1, 46.0, 3, 16.18886962015394
3, 171.0, 0, 50, 2, 43.0, 3, 16.534288560698837
3, 172.0, 0, 50, 2, 49.0, 2, 18.948119975532705
3, 173.0, 1, 52, 1, 53.0, 1, 19.125521157677117
3, 174.0, 0, 53, 1, 48.0, 2, 19.63883495738005
3, 175.0, 0, 56, 2, 56.0, 2, 19.255659066850665
3, 176.0, 1, 55, 1, 52.0, 1, 18.18584241371714
3, 177.0, 0, 56, 0, 60.0, 1, 17.063600800011304
3, 178.0, 1, 58, 0, 65.0, 1, 16.8823991348316
3, 179.0, 0, 56, 2, 70.0, 1, 17.39287547232106
3, 180.0, 1, 55, 1, 76.0, 1, 17.45731056416593
3, 181.0, 0, 56, 0, 77.0, 2, 17.742568937529715
3, 182.0, 0, 53, 4, 84.0, 2, 17.637155007972755
3, 183.0, 1, 53, 0, 89.0, 2, 17.367563124151207
3, 184.0, 1, 51, 2, 96.0, 2, 17.57879468132736
3, 185.0, 0, 53, 0, 101.0, 3, 18.681687839537524
3, 186.0, 1, 56, 1, 111.0, 4, 20.31401157773679
3, 187.0, 0, 56, 1, 116.0, 6, 23.22246627697738
3, 188.0, 1, 57, 2, 117.0, 7, 22.794462524999684
3, 189.0, 0, 58, 0, 120.0, 8, 24.755226154696743
3, 190.0, 1, 58, 2, 127.0, 8, 24.15167527910756
3, 191.0, 1, 60, 0, 137.0, 8, 24.423946507556284
3, 192.0, 1, 61, 1, 149.0, 8, 23.146554498701725
3, 193.0, 0, 63, 1, 159.0, 8, 22.075799102675578
3, 194.0, 0, 60, 3, 171.0, 8, 21.81903452779425
3, 195.0, 0, 61, 1, 184.0, 8, 21.792391338868295
3, 196.0, 0, 61, 1, 198.0, 8, 21.836877925745082
3, 197.0, 1, 59, 2, 169.0, 8, 20.833688429753977
3, 198.0, 1, 59, 2, 181.0, 7, 19.388241084926165
3, 199.0, 1, 59, 1, 193.0, 6, 20.575527547221174
3, 200.0, 1, 56, 4, 177.0, 5, 20.34889307573674
3, 201.0, 0, 55, 1, 61.0, 6, 20.969982219125416
3, 202.0, 0, 54, 1, 47.0, 7, 21.0010967496516
3, 203.0, 1, 53, 1, 26.0, 7, 19.171944089526864
3, 204.0, 0, 53, 0, 22.0, 7, 17.739990319047347
3, 205.0, 0, 53, 0, 26.0, 7, 19.112418992268594
3, 206.0, 1, 51, 2, 28.0, 9, 17.895864280100973
3, 207.0, 1, 50, 1, 30.0, 9, 17.556924294170546
3, 208.0, 1, 48, 2, 36.0, 9, 18.516489323491008
3, 209.0, 1, 48, 0, 36.0, 9, 18.033549584574892
3, 210.0, 0, 45, 3, 34.0, 9, 16.344667194295507
3, 211.0, 0, 45, 0, 36.0, 9, 16.282948866761433
3, 212.0, 0, 45, 0, 41.0, 9, 16.21979998143889
3, 213.0, 1, 42, 3, 45.0, 9, 15.026586695613151
3, 214.0, 0, 42, 0, 32.0, 9, 14.23362629713235
3, 215.0, 0, 39, 3, 36.0, 9, 14.509362368206327
3, 216.0, 1, 39, 0, 40.0, 9, 13.22545718470983
3, 217.0, 0, 38, 1, 37.0, 9, 11.391488149094588
3, 218.0, 1, 33, 5, 37.0, 7, 11.346318296271349
3, 219.0, 0, 31, 2, 38.0, 6, 10.241906482091476
3, 220.0, 1, 29, 2, 42.0, 6, 8.900245002086827
3, 221.0, 1, 28, 1, 46.0, 6, 7.472755363417327
3, 222.0, 0, 25, 3, 50.0, 5, 6.577613909257303
3, 223.0, 1, 23, 2, 48.0, 4, 5.934739979282887
3, 224.0, 1, 22, 1, 17.0, 4, 5.6016616905290135
3, 225.0, 1, 20, 2, 19.0, 4, 5.051351195066896
3, 226.0, 0, 19, 1, 0.0, 3, 3.912522236746916
3, 227.0, 1, 19, 0, 0.0, 3, 3.3722512741854236
3, 228.0, 1, 19, 0, 0.0, 3, 2.6325884111949414
3, 229.0, 1, 16, 3, 0.0, 3, 1.7354758836451896
3, 230.0, 0, 15, 1, 0.0, 3, 1.5766829772972306
3, 231.0, 1, 15, 0, 0.0, 3, 1.1683333491238184
3, 232.0, 1, 12, 3, 0.0, 3, 0.8267631925155978
3, 233.0, 0, 12, 0, 0.0, 3, 0.649160318207139
3, 234.0, 0, 10, 2, 0.0, 3, 0.69902480576358
3, 235.0, 0, 10, 0, 0.0, 3, 0.5668313271375727
3, 236.0, 0, 9, 1, 0.0, 3, 0.32570188193516536
3, 237.0, 0, 8, 1, 0.0, 2, 0.38517623500747966
3, 238.0, 1, 8, 0, 0.0, 2, 0.4865162137431831
3, 239.0, 0, 5, 3, 0.0, 1, 0.22984686948635158
3, 240.0, 0, 5, 0, 0.0, 1, 0.1531716180936602
3, 241.0, 0, 4, 1, 0.0, 1, 0.18123798593225615
3, 242.0, 0, 2, 2, 0.0, 0, 0.11302521131416476
3, 243.0, 1, 1, 1, 0.0, 0, 0.08169051312698983
3, 244.0, 1, 0, 1, 0, 0, 0
4, 1.0, 0, 2, 0, 0.0, 0, 0.0
4, 2.0, 0, 3, 0, 0.0, 0, 1.0814256854756554
4, 3.0, 1, 5, 0, 0.0, 0, 1.2559462905827157
4, 4.0, 1, 7, 0, 0.0, 0, 1.2603760180273869
4, 5.0, 1, 9, 0, 0.0, 0, 1.356365191048412
4, 6.0, 1, 9, 0, 0.0, 0, 1.2083235416804996
4, 7.0, 1, 10, 0, 0.0, 0, 1.0113279673831101
4, 8.0, 0, 11, 0, 0.0, 0, 1.129802691208996
4, 9.0, 0, 12, 0, 0.0, 0, 1.3450565739990277
4, 10.0, 0, 15, 0, 0.0, 0, 1.8010715831181234
4, 11.0, 1, 16, 0, 0.0, 0, 2.7812725667563325
4, 12.0, 1, 18, 0, 0.0, 0, 2.8520028327013973
4, 13.0, 0, 18, 0, 0.0, 0, 2.6987441459127464
4, 14.0, 0, 20, 0, 0.0, 0, 2.7516441022143083
4, 15.0, 1, 22, 0, 0.0, 1, 3.6889563169443473
4, 16.0, 1, 23, 0, 1.0, 1, 5.0678676168630306
4, 17.0, 1, 23, 0, 3.0, 1, 5.828268257981108
4, 18.0, 1, 25, 0, 5.0, 1, 6.319128523479801
4, 19.0, 1, 25, 0, 8.0, 1, 7.891995974944565
4, 20.0, 1, 27, 0, 12.0, 1, 7.324683438957992
4, 21.0, 1, 28, 0, 17.0, 1, 9.27295042954725
4, 22.0, 1, 28, 0, 22.0, 1, 10.130536153877628
4, 23.0, 1, 30, 0, 27.0, 1, 9.448779639017548
4, 24.0, 1, 31, 0, 25.0, 1, 9.73438826399153
4, 25.0, 0, 33, 0, 0.0, 1, 8.889670730828934
4, 26.0, 1, 36, 0, 2.0, 1, 8.612309551368513
4, 27.0, 1, 38, 0, 5.0, 1, 9.898786385553601
4, 28.0, 1, 40, 0, 9.0, 1, 9.519114851983092
4, 29.0, 1, 41, 0, 13.0, 1, 10.975009794999622
4, 30.0, 0, 41, 0, 7.0, 1, 10.881992042925015
4, 31.0, 1, 46, 0, 5.0, 1, 9.860106365209123
4, 32.0, 0, 47, 1, 7.0, 1, 9.920815857972869
4, 33.0, 0, 46, 1, 9.0, 1, 9.817029727580557
4, 34.0, 0, 47, 0, 3.0, 1, 9.902155556650763
4, 35.0, 1, 48, 0, 0.0, 1, 10.12377916826239
4, 36.0, 1, 48, 1, 0.0, 1, 9.579877339195278
4, 37.0, 0, 48, 1, 1.0, 1, 10.717876695816514
4, 38.0, 0, 48, 1, 3.0, 1, 11.298399269190583
4, 39.0, 1, 48, 1, 2.0, 4, 11.244079409382808
4, 40.0, 0, 52, 1, 0.0, 4, 10.627210361433566
4, 41.0, 1, 51, 1, 0.0, 4, 13.765805742834791
4, 42.0, 0, 51, 2, 0.0, 4, 12.671173860791544
4, 43.0, 0, 54, 0, 1.0, 4, 13.375582797296227
4, 44.0, 1, 52, 4, 0.0, 4, 13.044891152954527
4, 45.0, 1, 52, 0, 0.0, 4, 12.483714604734061
4, 46.0, 1, 52, 1, 0.0, 4, 12.632893495385026
4, 47.0, 0, 55, 1, 1.0, 4, 12.594036178403515
4, 48.0, 0, 54, 1, 2.0, 4, 14.80212539294103
4, 49.0, 0, 54, 0, 2.0, 4, 13.52764092843359
4, 50.0, 0, 51, 5, 6.0, 3, 13.63663477527225
4, 51.0, 1, 53, 1, 3.0, 3, 13.462995117926777
4, 52.0, 0, 53, 1, 1.0, 4, 13.891524190728774
4, 53.0, 1, 54, 0, 0.0, 6, 14.615343781719085
4, 54.0, 1, 53, 3, 1.0, 5, 13.649552831765781
4, 55.0, 1, 51, 2, 5.0, 5, 15.102733911602728
4, 56.0, 1, 51, 2, 9.0, 4, 15.994321428093139
4, 57.0, 1, 52, 0, 15.0, 4, 15.849842406853073
4, 58.0, 0, 50, 2, 2.0, 5, 14.883067699211393
4, 59.0, 0, 50, 1, 4.0, 5, 13.374488764430934
4, 60.0, 1, 51, 0, 0.0, 5, 13.167295661322655
4, 61.0, 0, 50, 3, 1.0, 5, 12.828012464657608
4, 62.0, 1, 52, 1, 0.0, 5, 11.800808986530727
4, 63.0, 0, 53, 0, 2.0, 6, 13.325040874373437
4, 64.0, 1, 54, 1, 2.0, 6, 12.915432975616397
4, 65.0, 0, 53, 1, 3.0, 6, 12.849621892476586
4, 66.0, 0, 53, 2, 5.0, 6, 13.197912007281847
4, 67.0, 0, 53, 0, 7.0, 6, 14.124527402069655
4, 68.0, 0, 52, 2, 10.0, 6, 14.354803956248755
4, 69.0, 1, 52, 0, 0.0, 6, 13.788010335246243
4, 70.0, 0, 50, 2, 2.0, 6, 12.913595473565595
4, 71.0, 1, 50, 1, 0.0, 6, 11.946510291818528
4, 72.0, 0, 48, 4, 0.0, 6, 11.051308115088347
4, 73.0, 0, 47, 3, 1.0, 5, 11.81842376308878
4, 74.0, 1, 44, 3, 1.0, 5, 12.000079219735312
4, 75.0, 1, 47, 0, 1.0, 5, 10.506917571654228
4, 76.0, 0, 46, 4, 3.0, 5, 12.474551224507085
4, 77.0, 1, 47, 0, 5.0, 5, 12.792666625009122
4, 78.0, 0, 46, 1, 9.0, 5, 13.486798428545116
4, 79.0, 0, 44, 3, 13.0, 4, 13.932046810515239
4, 80.0, 0, 43, 2, 18.0, 3, 13.878816294161687
4, 81.0, 1, 43, 1, 25.0, 4, 14.534197482873688
4, 82.0, 0, 46, 0, 27.0, 5, 13.443445951944579
4, 83.0, 0, 47, 0, 34.0, 5, 12.993945439977633
4, 84.0, 0, 46, 1, 36.0, 5, 13.764331469343032
4, 85.0, 0, 48, 1, 43.0, 5, 12.984031799003148
4, 86.0, 1, 46, 2, 40.0, 6, 12.750736040317904
4, 87.0, 0, 43, 3, 45.0, 6, 12.251026722209048
4, 88.0, 0, 44, 1, 51.0, 6, 12.894532248147136
4, 89.0, 0, 42, 2, 53.0, 6, 13.617774742523844
4, 90.0, 0, 44, 0, 60.0, 6, 13.618675197617291
4, 91.0, 1, 46, 0, 44.0, 6, 12.641305853687095
4, 92.0, 1, 46, 1, 30.0, 6, 12.125946433023275
4, 93.0, 1, 45, 2, 34.0, 6, 11.830747632582904
4, 94.0, 1, 47, 0, 23.0, 6, 11.727351924648119
4, 95.0, 1, 47, 0, 10.0, 6, 12.046885613805037
4, 96.0, 1, 47, 1, 2.0, 6, 12.22910363549514
4, 97.0, 0, 46, 2, 3.0, 5, 12.785375150138648
4, 98.0, 1, 46, 2, 3.0, 4, 10.756023908982861
4, 99.0, 0, 48, 1, 0.0, 4, 11.011589713686945
4, 100.0, 1, 49, 1, 0.0, 4, 11.055935205448312
4, 101.0, 1, 47, 3, 1.0, 3, 9.455536116924014
4, 102.0, 0, 47, 1, 0.0, 4, 9.82405074186085
4, 103.0, 0, 51, 0, 1.0, 4, 10.97600056295715
4, 104.0, 1, 50, 2, 1.0, 6, 12.02423587445428
4, 105.0, 1, 49, 1, 3.0, 6, 11.704292825617477
4, 106.0, 1, 50, 1, 4.0, 6, 12.293517324342895
4, 107.0, 0, 50, 0, 0.0, 6, 10.381551159155116
4, 108.0, 0, 48, 3, 1.0, 6, 9.514888454195404
4, 109.0, 1, 46, 2, 0.0, 7, 10.145091247787667
4, 110.0, 1, 47, 1, 0.0, 7, 10.345706821060563
4, 111.0, 1, 45, 2, 2.0, 6, 12.114401757629835
4, 112.0, 0, 41, 4, 2.0, 6, 11.98044340748853
4, 113.0, 1, 41, 2, 5.0, 6, 12.401406955721525
4, 114.0, 0, 40, 2, 4.0, 7, 13.13988486619909
4, 115.0, 1, 40, 1, 6.0, 7, 13.015112858579567
4, 116.0, 1, 43, 1, 9.0, 7, 12.828985941397056
4, 117.0, 1, 44, 0, 13.0, 7, 14.53150657654489
4, 118.0, 0, 46, 0, 11.0, 7, 12.86338373037381
4, 119.0, 0, 45, 2, 14.0, 7, 10.892838189747426
4, 120.0, 0, 46, 1, 16.0, 7, 9.489796606751538
4, 121.0, 1, 49, 0, 17.0, 7, 8.783607511083394
4, 122.0, 1, 49, 3, 19.0, 5, 9.351370899445351
4, 123.0, 1, 51, 1, 21.0, 5, 10.078412305865031
4, 124.0, 0, 51, 1, 24.0, 6, 10.878150498385812
4, 125.0, 0, 51, 0, 27.0, 6, 11.210561559940762
4, 126.0, 1, 51, 1, 0.0, 6, 10.313692002248189
4, 127.0, 1, 51, 1, 0.0, 5, 9.928621234457255
4, 128.0, 1, 50, 2, 0.0, 5, 10.552137166463659
4, 129.0, 1, 52, 1, 1.0, 5, 8.832511229780355
4, 130.0, 0, 49, 3, 1.0, 4, 10.314412663684186
4, 131.0, 0, 51, 0, 2.0, 4, 10.237114921803789
4, 132.0, 1, 49, 3, 0.0, 4, 9.675541094404993
4, 133.0, 1, 48, 1, 1.0, 4, 10.18769672864999
4, 134.0, 1, 49, 1, 3.0, 4, 12.575594359839517
4, 135.0, 1, 51, 1, 5.0, 3, 14.626943935850148
4, 136.0, 1, 50, 1, 11.0, 3, 17.27481690698023
4, 137.0, 1, 49, 2, 21.0, 3, 17.216931062204566
4, 138.0, 1, 50, 1, 31.0, 3, 16.235341326809163
4, 139.0, 1, 49, 1, 34.0, 3, 16.64041447994277
4, 140.0, 1, 49, 2, 43.0, 3, 17.386484821844306
4, 141.0, 1, 50, 2, 49.0, 2, 18.187614387448868
4, 142.0, 1, 51, 0, 50.0, 2, 19.750654501048604
4, 143.0, 1, 51, 1, 61.0, 2, 19.516082624266623
4, 144.0, 1, 48, 3, 70.0, 1, 19.391219763401143
4, 145.0, 0, 49, 0, 22.0, 2, 18.245047967190462
4, 146.0, 1, 48, 2, 28.0, 2, 17.18431194388368
4, 147.0, 0, 49, 0, 2.0, 2, 16.353452302017384
4, 148.0, 1, 47, 2, 6.0, 2, 15.673880978699808
4, 149.0, 0, 47, 1, 8.0, 2, 13.97734982325504
4, 150.0, 0, 46, 2, 14.0, 2, 13.550810047728934
4, 151.0, 0, 48, 1, 15.0, 2, 12.697052527926976
4, 152.0, 1, 48, 0, 10.0, 2, 12.659079176157693
4, 153.0, 0, 48, 1, 9.0, 2, 12.157923025255192
4, 154.0, 1, 48, 1, 12.0, 2, 12.61093145436771
4, 155.0, 0, 49, 1, 14.0, 2, 12.28331316420877
4, 156.0, 1, 50, 1, 5.0, 3, 12.635678134339534
4, 157.0, 1, 49, 1, 4.0, 3, 13.260583472619178
4, 158.0, 1, 50, 1, 6.0, 2, 13.688312029613249
4, 159.0, 1, 49, 3, 10.0, 2, 12.101014190076185
4, 160.0, 1, 48, 2, 12.0, 1, 12.061567797312462
4, 161.0, 1, 47, 1, 16.0, 1, 11.14443959784784
4, 162.0, 0, 47, 1, 7.0, 1, 10.463979155864191
4, 163.0, 1, 47, 1, 0.0, 2, 9.3391282329585
4, 164.0, 1, 48, 1, 0.0, 2, 9.394784821548463
4, 165.0, 0, 46, 2, 0.0, 2, 9.35806555493091
4, 166.0, 0, 47, 2, 0.0, 2, 8.572375612887289
4, 167.0, 1, 46, 1, 0.0, 3, 7.964511930568958
4, 168.0, 1, 46, 3, 1.0, 3, 7.345714255726833
4, 169.0, 0, 44, 3, 1.0, 5, 9.059102277263094
4, 170.0, 1, 44, 1, 0.0, 5, 8.987840324647408
4, 171.0, 1, 46, 1, 0.0, 5, 8.134811083912243
4, 172.0, 0, 47, 0, 1.0, 6, 11.256181621301764
4, 173.0, 0, 49, 1, 1.0, 6, 10.764116178596304
4, 174.0, 0, 51, 1, 3.0, 6, 10.42332920586774
4, 175.0, 1, 54, 1, 0.0, 6, 9.137153282549692
4, 176.0, 1, 52, 2, 0.0, 6, 9.101090446845712
4, 177.0, 0, 51, 2, 0.0, 5, 8.640415991470826
4, 178.0, 0, 53, 0, 0.0, 5, 8.485219811765589
4, 179.0, 0, 50, 3, 1.0, 4, 9.816135394458941
4, 180.0, 0, 48, 2, 3.0, 4, 9.23606544421281
4, 181.0, 0, 46, 3, 5.0, 4, 8.795735070810881
4, 182.0, 0, 46, 1, 8.0, 4, 9.270703813660496
4, 183.0, 0, 45, 1, 6.0, 4, 9.749639721266394
4, 184.0, 0, 42, 3, 8.0, 4, 10.229107097436671
4, 185.0, 0, 44, 0, 11.0, 4, 11.118327927442433
4, 186.0, 0, 45, 3, 15.0, 4, 13.161800589211058
4, 187.0, 0, 44, 2, 21.0, 2, 15.545939779972741
4, 188.0, 0, 46, 1, 27.0, 2, 17.054438166533902
4, 189.0, 0, 47, 0, 34.0, 2, 19.16769822409548
4, 190.0, 1, 49, 0, 4.0, 2, 17.987302559811063
4, 191.0, 1, 48, 3, 1.0, 1, 16.311319714485936
4, 192.0, 1, 50, 0, 1.0, 1, 14.729929888641859
4, 193.0, 0, 53, 0, 1.0, 3, 14.561323700866529
4, 194.0, 1, 50, 3, 3.0, 3, 12.664528807613397
4, 195.0, 0, 51, 1, 5.0, 2, 11.688786522228273
4, 196.0, 0, 52, 0, 9.0, 2, 12.048293665959608
4, 197.0, 0, 52, 0, 5.0, 2, 11.651031426415248
4, 198.0, 0, 54, 0, 8.0, 2, 10.906788069766012
4, 199.0, 0, 55, 0, 8.0, 2, 11.630894689759911
4, 200.0, 0, 54, 2, 12.0, 2, 11.269016572897492
4, 201.0, 0, 52, 2, 18.0, 2, 12.888513524321382
4, 202.0, 1, 50, 2, 3.0, 2, 12.436745090910726
4, 203.0, 1, 50, 0, 1.0, 2, 12.53429252936
4, 204.0, 0, 45, 5, 1.0, 2, 11.378621550660274
4, 205.0, 0, 44, 1, 3.0, 2, 12.09108618460908
4, 206.0, 0, 42, 2, 2.0, 2, 12.452449158112001
4, 207.0, 0, 40, 2, 1.0, 2, 12.831653882212368
4, 208.0, 1, 38, 2, 1.0, 2, 11.183824131736532
4, 209.0, 1, 38, 0, 0.0, 2, 9.604731860721586
4, 210.0, 1, 36, 2, 0.0, 1, 9.645672254232117
4, 211.0, 1, 35, 1, 0.0, 1, 8.651648045704889
4, 212.0, 1, 34, 1, 1.0, 1, 7.907630548930192
4, 213.0, 1, 34, 0, 3.0, 1, 8.719609908878303
4, 214.0, 0, 33, 1, 4.0, 2, 8.41065897673094
4, 215.0, 0, 32, 1, 3.0, 2, 7.620655268583923
4, 216.0, 1, 29, 3, 0.0, 2, 6.271899611206811
4, 217.0, 1, 28, 1, 1.0, 2, 5.046349090098632
4, 218.0, 0, 27, 1, 2.0, 1, 4.020497070822946
4, 219.0, 1, 25, 2, 3.0, 1, 3.155020176391523
4, 220.0, 0, 23, 2, 4.0, 1, 2.7328779438438184
4, 221.0, 0, 22, 1, 0.0, 1, 2.252690750741927
4, 222.0, 1, 21, 1, 0.0, 1, 1.8215796385837197
4, 223.0, 0, 20, 1, 0.0, 1, 1.3964452299479433
4, 224.0, 0, 17, 3, 0.0, 1, 1.4588383237568623
4, 225.0, 1, 16, 1, 0.0, 1, 1.3170797291975402
4, 226.0, 1, 13, 3, 0.0, 1, 0.9819523742421383
4, 227.0, 0, 12, 1, 0.0, 1, 0.9674583344066945
4, 228.0, 1, 12, 0, 0.0, 1, 1.2644948594068515
4, 229.0, 1, 11, 1, 0.0, 1, 0.9038251388594771
4, 230.0, 0, 7, 4, 0.0, 1, 0.6661420303610663
4, 231.0, 1, 7, 0, 0.0, 1, 0.74508137277367
4, 232.0, 1, 6, 1, 0.0, 1, 0.7135605333406305
4, 233.0, 0, 6, 0, 0.0, 1, 0.5969273254980401
4, 234.0, 0, 2, 4, 0.0, 0, 0.11161631090418922
4, 235.0, 0, 2, 0, 0.0, 0, 0.1676394921006672
4, 236.0, 0, 2, 0, 0.0, 0, 0.08207188380901975
4, 237.0, 1, 2, 0, 0.0, 0, 0.0367447000932799
4, 238.0, 1, 1, 1, 0.0, 0, 0.009632156353847066
4, 239.0, 0, 1, 0, 0.0, 0, 0.045131255451584806
4, 240.0, 1, 1, 0, 0.0, 0, 0.05038662101023128
4, 241.0, 1, 0, 1, 0, 0, 0
5, 1.0, 0, 2, 0, 0.0, 0, 0.0
5, 2.0, 1, 3, 0, 0.0, 0, 1.0814256854756554
5, 3.0, 1, 5, 0, 0.0, 0, 1.2559462905827157
5, 4.0, 0, 7, 0, 0.0, 0, 1.2603760180273869
5, 5.0, 1, 9, 0, 0.0, 0, 1.356365191048412
5, 6.0, 1, 9, 0, 0.0, 0, 1.287337457469642
5, 7.0, 0, 10, 0, 0.0, 0, 0.9556235514719723
5, 8.0, 1, 11, 0, 0.0, 0, 1.168230593310705
5, 9.0, 1, 12, 0, 0.0, 0, 1.3211245838572987
5, 10.0, 0, 15, 0, 0.0, 0, 1.7843620203597017
5, 11.0, 1, 16, 0, 0.0, 0, 2.911643108908468
5, 12.0, 0, 18, 0, 0.0, 0, 2.8365629189215773
5, 13.0, 0, 18, 0, 0.0, 0, 2.6552964387673117
5, 14.0, 0, 20, 0, 0.0, 0, 2.6841937881454503
5, 15.0, 1, 22, 0, 0.0, 1, 3.798212701829927
5, 16.0, 1, 23, 0, 0.0, 1, 5.135230985722995
5, 17.0, 0, 23, 0, 1.0, 1, 5.1623780783041
5, 18.0, 1, 25, 0, 2.0, 1, 5.149487361609721
5, 19.0, 1, 25, 0, 4.0, 1, 6.423513036578765
5, 20.0, 1, 27, 0, 6.0, 1, 6.991193125128966
5, 21.0, 1, 28, 0, 5.0, 1, 8.965918244763825
5, 22.0, 1, 28, 0, 7.0, 1, 9.145570467293409
5, 23.0, 0, 30, 0, 9.0, 1, 8.480497338250242
5, 24.0, 1, 31, 0, 11.0, 2, 8.962110322591727
5, 25.0, 0, 33, 0, 9.0, 2, 10.075638950084407
5, 26.0, 0, 36, 0, 11.0, 2, 11.697973222411528
5, 27.0, 0, 38, 0, 15.0, 2, 13.007049661850182
5, 28.0, 1, 40, 0, 16.0, 2, 13.881187535623317
5, 29.0, 1, 41, 0, 19.0, 2, 14.429292424383858
5, 30.0, 1, 41, 0, 6.0, 2, 14.000190304197933
5, 31.0, 1, 46, 0, 8.0, 2, 13.155967203504575
5, 32.0, 1, 47, 1, 11.0, 2, 14.05538279861021
5, 33.0, 1, 46, 1, 9.0, 2, 14.80914915126093
5, 34.0, 0, 47, 0, 7.0, 2, 14.040575218679427
5, 35.0, 1, 48, 0, 10.0, 2, 12.788152769833681
5, 36.0, 1, 47, 2, 8.0, 2, 12.690177309312709
5, 37.0, 0, 47, 1, 7.0, 1, 11.958091827187127
5, 38.0, 0, 48, 0, 8.0, 1, 12.480761767298995
5, 39.0, 1, 48, 1, 8.0, 1, 12.944760632823039
5, 40.0, 0, 51, 2, 9.0, 1, 13.368011844866373
5, 41.0, 0, 51, 0, 10.0, 1, 15.598619450523444
5, 42.0, 0, 53, 0, 2.0, 1, 15.671992817368363
5, 43.0, 1, 53, 3, 2.0, 2, 14.77530784051153
5, 44.0, 0, 54, 0, 4.0, 2, 16.64735552776432
5, 45.0, 0, 55, 0, 4.0, 2, 16.35323663214042
5, 46.0, 1, 55, 1, 2.0, 2, 14.67623762910457
5, 47.0, 1, 58, 0, 0.0, 2, 14.590313823801482
5, 48.0, 1, 57, 2, 0.0, 2, 15.323454538453408
5, 49.0, 0, 56, 1, 1.0, 2, 12.763526437092969
5, 50.0, 0, 58, 0, 3.0, 2, 13.124029814269356
5, 51.0, 1, 59, 2, 2.0, 3, 13.244483141558435
5, 52.0, 1, 58, 2, 5.0, 3, 14.379585824945863
5, 53.0, 1, 58, 1, 6.0, 3, 16.365103556358015
5, 54.0, 0, 57, 3, 5.0, 4, 16.16337193748313
5, 55.0, 1, 54, 3, 7.0, 4, 16.709602301201098
5, 56.0, 0, 54, 2, 10.0, 4, 16.378691699474846
5, 57.0, 0, 53, 2, 14.0, 4, 15.91784541002523
5, 58.0, 0, 52, 1, 18.0, 4, 17.275761477363154
5, 59.0, 0, 52, 1, 22.0, 3, 18.453870938823545
5, 60.0, 1, 50, 3, 22.0, 4, 19.029614894003053
5, 61.0, 0, 52, 0, 26.0, 6, 19.393572330120417
5, 62.0, 1, 53, 2, 32.0, 7, 20.99861000349344
5, 63.0, 1, 52, 2, 41.0, 6, 22.818366142396766
5, 64.0, 0, 53, 1, 50.0, 6, 22.172397917772276
5, 65.0, 1, 51, 2, 55.0, 7, 24.439118854553797
5, 66.0, 0, 52, 1, 60.0, 9, 24.11491638206761
5, 67.0, 0, 52, 0, 58.0, 9, 24.084899016907436
5, 68.0, 1, 52, 1, 65.0, 9, 23.645668092049785
5, 69.0, 1, 52, 0, 73.0, 9, 23.46333882808176
5, 70.0, 1, 50, 2, 67.0, 9, 24.421805793518303
5, 71.0, 1, 50, 1, 75.0, 9, 24.39986347939817
5, 72.0, 1, 51, 1, 78.0, 9, 24.50703455061827
5, 73.0, 0, 52, 1, 76.0, 10, 25.941200735840898
5, 74.0, 0, 51, 1, 84.0, 10, 25.66610309620889
5, 75.0, 0, 55, 0, 94.0, 10, 25.25192892028847
5, 76.0, 1, 56, 1, 102.0, 9, 25.592186961079513
5, 77.0, 1, 56, 1, 113.0, 9, 25.9651350148974
5, 78.0, 1, 55, 1, 124.0, 9, 25.633388215189537
5, 79.0, 0, 55, 1, 134.0, 10, 25.178290054920325
5, 80.0, 0, 56, 0, 110.0, 10, 25.20215662173228
5, 81.0, 1, 56, 1, 116.0, 9, 24.53334500583659
5, 82.0, 1, 59, 0, 76.0, 9, 23.922420051110777
5, 83.0, 1, 58, 2, 63.0, 8, 22.988524362280252
5, 84.0, 0, 56, 2, 48.0, 9, 21.919356539076205
5, 85.0, 1, 59, 0, 46.0, 9, 19.97227377533563
5, 86.0, 1, 57, 2, 23.0, 9, 18.753741572794656
5, 87.0, 0, 57, 0, 6.0, 9, 17.905346567477114
5, 88.0, 1, 58, 1, 7.0, 9, 14.78081209759172
5, 89.0, 0, 57, 1, 8.0, 9, 14.406896554319342
5, 90.0, 0, 59, 0, 11.0, 9, 14.500165966911336
5, 91.0, 0, 59, 2, 10.0, 9, 15.104043728677427
5, 92.0, 1, 59, 1, 9.0, 9, 15.130304421487411
5, 93.0, 1, 59, 1, 10.0, 9, 14.562336114723026
5, 94.0, 1, 61, 0, 12.0, 9, 14.602565237919633
5, 95.0, 0, 59, 2, 4.0, 9, 15.446936823814656
5, 96.0, 1, 59, 1, 7.0, 10, 15.00878382838123
5, 97.0, 1, 58, 2, 13.0, 9, 14.868550181439987
5, 98.0, 1, 58, 2, 20.0, 9, 16.26210618446025
5, 99.0, 1, 57, 5, 23.0, 9, 16.479707921505554
5, 100.0, 1, 56, 2, 23.0, 8, 16.64450241265979
5, 101.0, 1, 56, 1, 22.0, 8, 16.359675378340622
5, 102.0, 1, 53, 4, 22.0, 6, 15.530917231305112
5, 103.0, 1, 53, 4, 21.0, 6, 14.857291888211838
5, 104.0, 1, 53, 1, 20.0, 6, 15.628857789422739
5, 105.0, 1, 53, 1, 24.0, 6, 14.705709980730735
5, 106.0, 1, 51, 3, 29.0, 6, 14.536218672681517
5, 107.0, 1, 50, 1, 35.0, 5, 15.592360836918836
5, 108.0, 1, 49, 2, 30.0, 5, 15.646854802520656
5, 109.0, 0, 48, 1, 4.0, 5, 13.450777107508008
5, 110.0, 1, 50, 0, 0.0, 5, 12.981210093019785
5, 111.0, 1, 48, 2, 2.0, 4, 13.805866788705785
5, 112.0, 0, 47, 1, 2.0, 4, 12.254254139795474
5, 113.0, 1, 48, 1, 0.0, 3, 10.43835498827131
5, 114.0, 0, 48, 1, 1.0, 3, 11.951574190247984
5, 115.0, 1, 47, 2, 1.0, 3, 13.644314196718293
5, 116.0, 1, 49, 2, 3.0, 3, 13.852922944887885
5, 117.0, 1, 49, 1, 6.0, 3, 14.808417418786371
5, 118.0, 0, 50, 1, 6.0, 3, 13.799777609605217
5, 119.0, 1, 51, 0, 4.0, 3, 11.488675719463076
5, 120.0, 1, 50, 3, 2.0, 3, 10.630236759719676
5, 121.0, 0, 51, 2, 0.0, 3, 9.899735095048227
5, 122.0, 1, 54, 0, 1.0, 4, 10.093364967983975
5, 123.0, 1, 56, 1, 2.0, 4, 10.861344791484626
5, 124.0, 0, 55, 2, 0.0, 3, 10.735254689287165
5, 125.0, 1, 54, 2, 0.0, 3, 9.46418114218309
5, 126.0, 0, 53, 1, 1.0, 3, 9.069458102614881
5, 127.0, 1, 52, 2, 2.0, 3, 9.576928744438185
5, 128.0, 0, 49, 4, 4.0, 3, 9.956858183653802
5, 129.0, 1, 52, 0, 4.0, 3, 12.367194302813434
5, 130.0, 1, 48, 5, 7.0, 3, 12.636340702565008
5, 131.0, 0, 48, 1, 6.0, 3, 13.241965775887834
5, 132.0, 0, 48, 1, 8.0, 3, 13.150342488730963
5, 133.0, 0, 47, 1, 11.0, 3, 15.344621532428231
5, 134.0, 1, 48, 1, 0.0, 2, 15.063708501994054
5, 135.0, 1, 50, 1, 0.0, 2, 15.309512427175552
5, 136.0, 0, 50, 1, 0.0, 2, 14.98225107947147
5, 137.0, 0, 48, 2, 0.0, 2, 14.202309745949647
5, 138.0, 0, 49, 1, 2.0, 2, 16.24207064454235
5, 139.0, 1, 48, 1, 2.0, 2, 15.64618122041451
5, 140.0, 0, 48, 2, 3.0, 2, 14.094202538432256
5, 141.0, 0, 51, 0, 1.0, 2, 14.648068175345916
5, 142.0, 0, 51, 1, 2.0, 2, 15.765973463347411
5, 143.0, 0, 52, 0, 3.0, 2, 16.311520507377363
5, 144.0, 0, 51, 1, 1.0, 2, 16.09842778367084
5, 145.0, 0, 51, 1, 7.0, 1, 16.475466185502537
5, 146.0, 0, 49, 3, 15.0, 1, 16.774599676629183
5, 147.0, 1, 49, 1, 12.0, 3, 16.26939083909793
5, 148.0, 0, 47, 2, 12.0, 3, 14.49119804323808
5, 149.0, 1, 48, 0, 16.0, 3, 15.803955597670058
5, 150.0, 1, 48, 1, 15.0, 3, 14.356836247092843
5, 151.0, 1, 48, 3, 13.0, 3, 13.894734344594509
5, 152.0, 0, 46, 2, 8.0, 2, 14.410591285964255
5, 153.0, 1, 44, 3, 5.0, 3, 12.782933235305888
5, 154.0, 0, 43, 2, 0.0, 4, 11.723059499070153
5, 155.0, 1, 45, 0, 0.0, 4, 10.739668434013595
5, 156.0, 0, 46, 1, 0.0, 5, 12.161781191436939
5, 157.0, 1, 45, 1, 1.0, 5, 12.554866789009148
5, 158.0, 0, 46, 1, 2.0, 6, 11.332725488956834
5, 159.0, 0, 48, 0, 5.0, 6, 11.631271508225902
5, 160.0, 0, 48, 1, 9.0, 6, 12.75996382710929
5, 161.0, 1, 47, 1, 9.0, 5, 11.889197420358922
5, 162.0, 1, 48, 0, 12.0, 5, 11.404987097157003
5, 163.0, 0, 47, 2, 12.0, 6, 11.181187574185824
5, 164.0, 0, 48, 1, 14.0, 6, 11.329689655668963
5, 165.0, 1, 46, 2, 8.0, 6, 10.563607800548246
5, 166.0, 0, 48, 1, 0.0, 6, 8.606929600456853
5, 167.0, 0, 47, 1, 0.0, 6, 9.896647475712962
5, 168.0, 1, 46, 4, 0.0, 5, 7.813163155212136
5, 169.0, 1, 45, 2, 0.0, 5, 7.694169068467162
5, 170.0, 0, 45, 1, 0.0, 6, 7.350166707718708
5, 171.0, 0, 46, 2, 1.0, 5, 8.611250934764621
5, 172.0, 1, 47, 0, 0.0, 5, 8.27031499639403
5, 173.0, 1, 47, 3, 0.0, 5, 7.020391076587931
5, 174.0, 0, 48, 2, 0.0, 4, 8.538826695697079
5, 175.0, 0, 51, 1, 0.0, 4, 8.412502165052487
5, 176.0, 1, 51, 1, 0.0, 5, 7.316971760008915
5, 177.0, 0, 50, 1, 0.0, 4, 5.7405174478689505
5, 178.0, 1, 51, 1, 0.0, 5, 6.2073428714465555
5, 179.0, 1, 49, 2, 1.0, 5, 7.50531580191665
5, 180.0, 1, 48, 1, 2.0, 5, 8.342213093560678
5, 181.0, 1, 47, 2, 5.0, 4, 8.012876678894301
5, 182.0, 0, 45, 3, 0.0, 5, 7.447364440746597
5, 183.0, 0, 45, 0, 1.0, 5, 8.554488268879794
5, 184.0, 1, 43, 2, 0.0, 4, 7.810906853785591
5, 185.0, 0, 44, 0, 1.0, 6, 9.701467970177632
5, 186.0, 1, 46, 3, 1.0, 8, 10.858761059957903
5, 187.0, 0, 47, 1, 3.0, 9, 13.829631580707465
5, 188.0, 0, 46, 2, 6.0, 9, 15.639121975629358
5, 189.0, 0, 45, 2, 10.0, 9, 15.313456265530709
5, 190.0, 1, 47, 1, 11.0, 10, 13.737544427094718
5, 191.0, 0, 49, 0, 8.0, 10, 14.100333003301634
5, 192.0, 1, 48, 2, 10.0, 10, 14.24806076738947
5, 193.0, 1, 49, 2, 13.0, 10, 12.028984157710644
5, 194.0, 0, 48, 2, 8.0, 10, 11.21133633977756
5, 195.0, 0, 49, 1, 11.0, 10, 11.376789975687288
5, 196.0, 1, 50, 0, 0.0, 10, 9.192859927526527
5, 197.0, 1, 49, 1, 0.0, 10, 7.684692730198385
5, 198.0, 1, 50, 1, 0.0, 10, 7.635888176783615
5, 199.0, 1, 50, 1, 0.0, 9, 8.128270495266925
5, 200.0, 1, 51, 0, 0.0, 9, 7.841043332116459
5, 201.0, 1, 50, 1, 0.0, 9, 8.566455455911282
5, 202.0, 0, 47, 3, 0.0, 8, 8.511933555708719
5, 203.0, 0, 46, 1, 0.0, 8, 8.153715941171011
5, 204.0, 1, 44, 2, 0.0, 6, 6.6655916093599625
5, 205.0, 0, 42, 2, 2.0, 6, 8.182004958920674
5, 206.0, 1, 41, 1, 0.0, 9, 9.768106990846217
5, 207.0, 0, 40, 1, 1.0, 9, 9.340204332579113
5, 208.0, 0, 36, 4, 2.0, 8, 9.707824414671222
5, 209.0, 1, 34, 2, 6.0, 8, 10.318090269683918
5, 210.0, 0, 33, 1, 9.0, 9, 11.779004983115227
5, 211.0, 1, 30, 3, 5.0, 7, 12.971572889585353
5, 212.0, 1, 27, 3, 5.0, 6, 13.040164192924362
5, 213.0, 1, 26, 1, 5.0, 6, 12.632689096019847
5, 214.0, 1, 25, 1, 7.0, 6, 11.493181707289681
5, 215.0, 1, 25, 0, 10.0, 6, 9.759936766193091
5, 216.0, 1, 24, 1, 13.0, 6, 9.66630447798484
5, 217.0, 1, 24, 0, 16.0, 6, 7.404265304778052
5, 218.0, 0, 23, 1, 5.0, 6, 6.600970656811744
5, 219.0, 1, 22, 1, 6.0, 6, 6.143956440365678
5, 220.0, 1, 21, 1, 7.0, 6, 5.7924989545009
5, 221.0, 1, 21, 0, 8.0, 6, 5.612521037244906
5, 222.0, 1, 21, 0, 10.0, 6, 5.030754772530473
5, 223.0, 1, 20, 1, 12.0, 6, 4.697034411019577
5, 224.0, 0, 18, 2, 14.0, 6, 4.211687510036321
5, 225.0, 1, 17, 1, 17.0, 6, 4.251566226033273
5, 226.0, 1, 16, 1, 20.0, 5, 4.150468215708181
5, 227.0, 1, 14, 2, 9.0, 3, 3.789347059227744
5, 228.0, 0, 14, 0, 11.0, 3, 3.59839146518876
5, 229.0, 0, 13, 1, 13.0, 3, 3.5283167955761865
5, 230.0, 0, 11, 2, 15.0, 2, 3.2050852524568745
5, 231.0, 0, 9, 2, 17.0, 1, 2.9219203373982134
5, 232.0, 1, 7, 2, 8.0, 1, 2.094565224218522
5, 233.0, 0, 7, 0, 0.0, 1, 1.4436617237163407
5, 234.0, 1, 7, 0, 0.0, 1, 1.6001137423867604
5, 235.0, 1, 7, 0, 0.0, 1, 0.9498636972088157
5, 236.0, 0, 7, 0, 0.0, 1, 0.6600756764281019
5, 237.0, 0, 7, 0, 0.0, 1, 0.9210386142953659
5, 238.0, 0, 7, 0, 0.0, 1, 0.7971215243016729
5, 239.0, 0, 4, 3, 0.0, 1, 0.22537072306424832
5, 240.0, 0, 4, 0, 0.0, 1, 0.27961184593916144
5, 241.0, 0, 4, 0, 0.0, 1, 0.14776411420851154
5, 242.0, 1, 4, 0, 0.0, 1, 0.3209578698673141
5, 243.0, 1, 4, 0, 0.0, 1, 0.17731552526991656
5, 244.0, 0, 3, 1, 0.0, 1, 0.14949280109073726
5, 245.0, 1, 2, 1, 0.0, 0, 0.0893575789429697
5, 246.0, 1, 2, 0, 0.0, 0, 0.15501351346295422
5, 247.0, 0, 1, 1, 0.0, 0, 0.04461845351692517
5, 248.0, 0, 1, 0, 0.0, 0, 0.013113402773402782
5, 249.0, 1, 1, 0, 0.0, 0, 0.005364240527519826
5, 250.0, 0, 1, 0, 0.0, 0, 0.019918898058083556
5, 251.0, 0, 1, 0, 0.0, 0, 0.0720090726597924
5, 252.0, 1, 0, 1, 0, 0, 0
6, 1.0, 0, 2, 0, 0.0, 0, 0.0
6, 2.0, 0, 3, 0, 0.0, 0, 1.0814256854756554
6, 3.0, 1, 5, 0, 0.0, 0, 1.2559462905827157
6, 4.0, 0, 7, 0, 0.0, 0, 1.2603760180273869
6, 5.0, 1, 9, 0, 0.0, 0, 1.356365191048412
6, 6.0, 1, 9, 0, 0.0, 0, 1.287337457469642
6, 7.0, 1, 10, 0, 0.0, 0, 0.9556235514719723
6, 8.0, 0, 11, 0, 0.0, 0, 1.168230593310705
6, 9.0, 1, 12, 0, 0.0, 0, 1.3211245838572987
6, 10.0, 0, 15, 0, 0.0, 0, 1.8521160770279796
6, 11.0, 0, 16, 0, 0.0, 0, 2.9419051546901827
6, 12.0, 1, 18, 0, 0.0, 0, 2.9383818211151675
6, 13.0, 1, 18, 0, 0.0, 0, 2.6618733942645867
6, 14.0, 0, 20, 0, 0.0, 0, 2.6907813764867314
6, 15.0, 0, 22, 0, 0.0, 0, 3.848268360857806
6, 16.0, 1, 23, 0, 0.0, 2, 5.020583462320094
6, 17.0, 0, 23, 0, 0.0, 2, 5.147020768547089
6, 18.0, 0, 25, 0, 1.0, 2, 5.355154274645651
6, 19.0, 1, 25, 0, 3.0, 3, 6.7729151001238765
6, 20.0, 1, 27, 0, 5.0, 3, 6.974094456974008
6, 21.0, 0, 28, 0, 7.0, 3, 8.603272949717487
6, 22.0, 1, 28, 0, 9.0, 4, 9.382847610887803
6, 23.0, 0, 30, 0, 13.0, 4, 9.061779373862699
6, 24.0, 1, 31, 0, 15.0, 5, 9.850919650359586
6, 25.0, 1, 33, 0, 19.0, 5, 10.68677129270295
6, 26.0, 1, 36, 0, 19.0, 5, 11.731038828242681
6, 27.0, 1, 38, 0, 15.0, 5, 12.529460423401634
6, 28.0, 0, 40, 0, 14.0, 6, 13.749091793021929
6, 29.0, 1, 41, 0, 19.0, 6, 13.93601413213315
6, 30.0, 1, 41, 0, 25.0, 6, 14.7596356063627
6, 31.0, 0, 46, 0, 11.0, 8, 15.379527809837436
6, 32.0, 0, 48, 0, 20.0, 8, 15.097173384619264
6, 33.0, 0, 46, 2, 28.0, 8, 14.94156338621098
6, 34.0, 1, 47, 0, 23.0, 9, 14.32636831194138
6, 35.0, 1, 48, 0, 21.0, 9, 13.55706563036321
6, 36.0, 1, 48, 1, 20.0, 9, 14.65726130255817
6, 37.0, 0, 47, 2, 13.0, 7, 13.557537810211562
6, 38.0, 0, 47, 1, 15.0, 6, 13.7027261940861
6, 39.0, 1, 47, 1, 17.0, 8, 14.726970090670752
6, 40.0, 0, 52, 0, 10.0, 8, 12.680957925862803
6, 41.0, 1, 52, 0, 11.0, 8, 14.114268599123388
6, 42.0, 0, 54, 0, 0.0, 8, 14.4891203406117
6, 43.0, 0, 57, 0, 2.0, 8, 14.055775217932625
6, 44.0, 1, 57, 2, 3.0, 8, 13.581803245544574
6, 45.0, 1, 57, 0, 5.0, 8, 13.893996881885005
6, 46.0, 1, 57, 1, 4.0, 7, 12.593716215193798
6, 47.0, 1, 61, 0, 6.0, 7, 13.176676971296166
6, 48.0, 0, 59, 2, 6.0, 8, 13.984685045193654
6, 49.0, 1, 57, 2, 8.0, 8, 13.178013262730842
6, 50.0, 0, 57, 2, 11.0, 7, 13.395826491943298
6, 51.0, 1, 59, 1, 13.0, 7, 13.961204815911797
6, 52.0, 1, 58, 2, 16.0, 6, 15.17091587851122
6, 53.0, 0, 58, 1, 21.0, 6, 14.742599250468189
6, 54.0, 1, 59, 1, 26.0, 6, 13.91964213613144
6, 55.0, 0, 56, 3, 27.0, 4, 16.4442802967419
6, 56.0, 1, 53, 5, 31.0, 6, 17.41535926236397
6, 57.0, 1, 53, 1, 41.0, 6, 19.181279437791446
6, 58.0, 1, 52, 1, 37.0, 5, 18.1447671166558
6, 59.0, 1, 51, 2, 47.0, 5, 16.267788861378
6, 60.0, 0, 49, 3, 38.0, 5, 17.06710799059885
6, 61.0, 0, 49, 2, 43.0, 5, 17.22652120280838
6, 62.0, 0, 50, 2, 44.0, 5, 16.922082081682728
6, 63.0, 1, 50, 1, 46.0, 6, 17.78599198416278
6, 64.0, 1, 51, 1, 51.0, 7, 17.68959929520697
6, 65.0, 1, 50, 1, 56.0, 6, 18.73395883500786
6, 66.0, 0, 52, 0, 23.0, 6, 18.209823485128457
6, 67.0, 1, 51, 1, 27.0, 7, 18.492567297378343
6, 68.0, 1, 51, 1, 17.0, 7, 17.720775813087183
6, 69.0, 1, 49, 2, 21.0, 7, 16.725172933156852
6, 70.0, 0, 49, 0, 17.0, 7, 14.513754064047426
6, 71.0, 0, 49, 1, 19.0, 7, 13.48869526151842
6, 72.0, 0, 49, 2, 21.0, 7, 12.66911698780276
6, 73.0, 0, 51, 0, 24.0, 7, 14.21662497512557
6, 74.0, 1, 50, 1, 26.0, 6, 14.687372534766652
6, 75.0, 1, 51, 2, 27.0, 6, 13.911677167707891
6, 76.0, 0, 50, 4, 29.0, 7, 14.18133319203122
6, 77.0, 0, 51, 0, 32.0, 7, 16.002533476970402
6, 78.0, 1, 51, 0, 24.0, 7, 14.098517052890301
6, 79.0, 1, 51, 1, 25.0, 7, 12.23280434730033
6, 80.0, 1, 50, 2, 0.0, 7, 12.558827956640103
6, 81.0, 1, 50, 1, 0.0, 7, 11.051177932172676
6, 82.0, 0, 53, 0, 0.0, 7, 8.947169993608561
6, 83.0, 1, 52, 2, 1.0, 7, 8.07625378559055
6, 84.0, 1, 50, 2, 2.0, 6, 7.619812286832547
6, 85.0, 1, 49, 4, 3.0, 5, 7.229058063555696
6, 86.0, 0, 47, 2, 0.0, 4, 7.683086062617777
6, 87.0, 1, 47, 0, 2.0, 4, 7.723227193040667
6, 88.0, 1, 49, 0, 5.0, 4, 8.365222128209373
6, 89.0, 1, 46, 3, 8.0, 4, 10.485871312545381
6, 90.0, 1, 45, 3, 12.0, 3, 11.706274144619307
6, 91.0, 1, 46, 1, 18.0, 2, 12.79350324967627
6, 92.0, 1, 46, 1, 26.0, 2, 14.21382013928921
6, 93.0, 0, 45, 2, 28.0, 2, 14.338517485826
6, 94.0, 1, 45, 2, 28.0, 2, 13.403252957836482
6, 95.0, 0, 42, 3, 29.0, 1, 12.348441225447743
6, 96.0, 1, 40, 3, 21.0, 2, 12.832275925635859
6, 97.0, 1, 41, 0, 19.0, 2, 11.797781591240065
6, 98.0, 1, 42, 1, 17.0, 2, 11.23776910598563
6, 99.0, 0, 43, 2, 13.0, 2, 11.866493919252528
6, 100.0, 0, 43, 2, 16.0, 2, 11.429487715297274
6, 101.0, 1, 44, 0, 18.0, 2, 11.55970347469606
6, 102.0, 1, 44, 1, 21.0, 2, 11.718467837892554
6, 103.0, 1, 48, 0, 23.0, 2, 12.092084750839854
6, 104.0, 1, 49, 0, 26.0, 2, 12.512181117541244
6, 105.0, 0, 50, 0, 19.0, 2, 12.405491847577357
6, 106.0, 1, 51, 0, 20.0, 2, 11.821953968333407
6, 107.0, 0, 49, 2, 21.0, 2, 11.338690229348396
6, 108.0, 0, 48, 2, 23.0, 2, 12.433523007968104
6, 109.0, 0, 46, 2, 28.0, 2, 11.61206623145399
6, 110.0, 0, 45, 3, 33.0, 2, 11.6187857653733
6, 111.0, 1, 45, 0, 32.0, 2, 12.738077656926862
6, 112.0, 1, 44, 1, 35.0, 2, 13.913084153952127
6, 113.0, 1, 45, 1, 39.0, 2, 15.28781979389999
6, 114.0, 0, 44, 2, 39.0, 1, 15.706243952584835
6, 115.0, 0, 42, 3, 45.0, 1, 16.463951931795563
6, 116.0, 1, 45, 1, 49.0, 0, 17.332201705665142
6, 117.0, 0, 45, 1, 54.0, 1, 17.598688880234885
6, 118.0, 0, 46, 1, 62.0, 1, 18.10370320086121
6, 119.0, 1, 45, 2, 69.0, 1, 15.902350289013151
6, 120.0, 1, 46, 1, 59.0, 1, 14.42985601487258
6, 121.0, 1, 48, 1, 56.0, 1, 14.87900443317327
6, 122.0, 1, 51, 0, 61.0, 1, 14.67610841013304
6, 123.0, 1, 53, 1, 66.0, 1, 15.49498077573484
6, 124.0, 1, 54, 0, 73.0, 1, 16.044864268466668
6, 125.0, 1, 54, 1, 80.0, 1, 15.377980279872595
6, 126.0, 0, 52, 2, 24.0, 2, 15.018921864335365
6, 127.0, 0, 53, 0, 3.0, 2, 14.393346644744879
6, 128.0, 1, 53, 1, 3.0, 3, 13.930005737890099
6, 129.0, 0, 54, 2, 5.0, 4, 15.492092401844813
6, 130.0, 1, 55, 0, 5.0, 4, 16.901071193659654
6, 131.0, 1, 54, 2, 7.0, 4, 14.481400066006895
6, 132.0, 1, 54, 1, 8.0, 4, 13.642826769839942
6, 133.0, 1, 53, 1, 8.0, 3, 15.276748344081135
6, 134.0, 1, 53, 2, 9.0, 3, 15.153333627296417
6, 135.0, 1, 56, 0, 12.0, 3, 16.69472745872773
6, 136.0, 1, 56, 1, 16.0, 3, 17.186274530274165
6, 137.0, 1, 54, 2, 23.0, 3, 16.61604621191119
6, 138.0, 0, 56, 0, 18.0, 4, 15.737665564368314
6, 139.0, 1, 56, 0, 20.0, 4, 14.036050421317887
6, 140.0, 0, 57, 1, 18.0, 4, 14.625080076477369
6, 141.0, 1, 60, 0, 23.0, 5, 15.660873380077721
6, 142.0, 1, 58, 3, 28.0, 5, 15.023476891629244
6, 143.0, 1, 55, 4, 31.0, 3, 14.559899862805588
6, 144.0, 0, 54, 1, 26.0, 5, 14.559592446042652
6, 145.0, 0, 52, 3, 32.0, 5, 14.092328544134059
6, 146.0, 0, 52, 1, 13.0, 5, 14.330526827850804
6, 147.0, 0, 51, 2, 18.0, 5, 14.173289485676403
6, 148.0, 0, 50, 1, 24.0, 5, 12.790040671171882
6, 149.0, 0, 43, 8, 31.0, 5, 12.217511959089586
6, 150.0, 1, 44, 0, 17.0, 5, 11.815443732253907
6, 151.0, 0, 46, 1, 15.0, 5, 11.896289860830045
6, 152.0, 1, 46, 0, 0.0, 6, 11.968630189526122
6, 153.0, 1, 46, 1, 1.0, 6, 12.219689906871281
6, 154.0, 1, 46, 1, 3.0, 6, 11.49841452004708
6, 155.0, 0, 47, 1, 3.0, 6, 11.230313382357574
6, 156.0, 0, 48, 1, 4.0, 5, 11.304691649719963
6, 157.0, 1, 47, 1, 1.0, 4, 9.730217711213228
6, 158.0, 1, 44, 5, 3.0, 4, 9.275623598129776
6, 159.0, 0, 45, 1, 5.0, 4, 10.01620181739016
6, 160.0, 0, 46, 0, 4.0, 4, 10.687152616321908
6, 161.0, 0, 44, 2, 7.0, 4, 10.095615136218452
6, 162.0, 1, 44, 1, 1.0, 4, 8.437598157898837
6, 163.0, 1, 44, 1, 0.0, 4, 7.400238589000428
6, 164.0, 1, 43, 3, 0.0, 4, 7.52780756215616
6, 165.0, 1, 42, 1, 1.0, 4, 8.135522601822458
6, 166.0, 1, 45, 0, 2.0, 4, 8.035632157340295
6, 167.0, 1, 45, 0, 4.0, 4, 9.508177186450053
6, 168.0, 1, 45, 3, 7.0, 3, 9.576035916205136
6, 169.0, 0, 44, 2, 0.0, 5, 8.94358795965256
6, 170.0, 1, 44, 1, 0.0, 5, 7.190205012526341
6, 171.0, 1, 45, 2, 2.0, 5, 8.510762197553124
6, 172.0, 1, 44, 2, 4.0, 5, 9.328536843964523
6, 173.0, 1, 46, 1, 8.0, 5, 9.372610413336423
6, 174.0, 1, 47, 2, 8.0, 4, 9.884623577059827
6, 175.0, 0, 51, 0, 11.0, 5, 10.03257924802129
6, 176.0, 1, 52, 0, 10.0, 5, 9.626212925796754
6, 177.0, 1, 48, 4, 7.0, 4, 9.191970610803315
6, 178.0, 1, 50, 0, 9.0, 4, 9.04231811699005
6, 179.0, 0, 47, 3, 9.0, 4, 10.383587439291064
6, 180.0, 1, 46, 1, 10.0, 5, 10.222743661200859
6, 181.0, 1, 45, 2, 11.0, 5, 9.72267513730025
6, 182.0, 1, 45, 1, 14.0, 5, 9.202165502708528
6, 183.0, 1, 44, 1, 17.0, 5, 9.331417777643304
6, 184.0, 1, 43, 1, 21.0, 5, 8.976061214356367
6, 185.0, 0, 43, 1, 4.0, 5, 9.835566230915596
6, 186.0, 0, 46, 2, 7.0, 6, 11.916926444336866
6, 187.0, 1, 48, 0, 8.0, 7, 15.025050951337782
6, 188.0, 1, 48, 1, 11.0, 7, 16.332810340324407
6, 189.0, 1, 48, 1, 16.0, 7, 15.995564321600682
6, 190.0, 0, 51, 0, 7.0, 9, 16.458617926731076
6, 191.0, 1, 53, 0, 7.0, 9, 17.27743188437306
6, 192.0, 1, 51, 3, 10.0, 8, 17.96694564295697
6, 193.0, 1, 51, 3, 11.0, 8, 17.93278050286566
6, 194.0, 0, 52, 0, 16.0, 8, 17.417679857707416
6, 195.0, 1, 51, 3, 22.0, 7, 17.04775484186158
6, 196.0, 0, 52, 0, 29.0, 7, 16.174394575178194
6, 197.0, 0, 51, 1, 36.0, 6, 16.80321166042601
6, 198.0, 1, 49, 4, 40.0, 5, 16.001286692091828
6, 199.0, 1, 49, 1, 46.0, 5, 16.590589799008654
6, 200.0, 1, 49, 1, 52.0, 5, 17.531831641747058
6, 201.0, 1, 47, 2, 59.0, 5, 17.851051022679602
6, 202.0, 1, 47, 0, 70.0, 5, 18.613184599447155
6, 203.0, 1, 46, 1, 82.0, 5, 17.949558719297972
6, 204.0, 1, 46, 0, 78.0, 5, 18.770356800054664
6, 205.0, 1, 45, 1, 62.0, 4, 19.534981059457127
6, 206.0, 1, 44, 1, 74.0, 3, 19.919376411219314
6, 207.0, 1, 44, 0, 87.0, 3, 21.01642951095426
6, 208.0, 0, 43, 1, 80.0, 3, 20.34537714907026
6, 209.0, 1, 41, 2, 66.0, 2, 19.31281234330175
6, 210.0, 0, 40, 1, 49.0, 2, 18.84444644770766
6, 211.0, 1, 39, 1, 36.0, 3, 19.21337571935021
6, 212.0, 0, 39, 0, 32.0, 3, 18.935106315510982
6, 213.0, 1, 37, 2, 32.0, 3, 18.037642041671536
6, 214.0, 1, 36, 1, 38.0, 3, 16.48371241983493
6, 215.0, 1, 36, 0, 45.0, 3, 16.67743269458765
6, 216.0, 0, 35, 1, 52.0, 3, 15.651010819782847
6, 217.0, 0, 35, 0, 36.0, 3, 14.485939886225667
6, 218.0, 1, 34, 1, 18.0, 3, 14.105822052028444
6, 219.0, 1, 33, 1, 20.0, 3, 13.147593561460038
6, 220.0, 0, 31, 2, 4.0, 3, 12.111912973809487
6, 221.0, 1, 29, 2, 6.0, 2, 10.981074838040978
6, 222.0, 1, 27, 2, 4.0, 2, 9.762584798061225
6, 223.0, 1, 25, 2, 6.0, 2, 8.707183118686562
6, 224.0, 0, 25, 0, 9.0, 2, 8.134985367257062
6, 225.0, 1, 24, 1, 10.0, 1, 7.415154548150883
6, 226.0, 0, 24, 0, 13.0, 1, 6.758026678155318
6, 227.0, 1, 21, 3, 10.0, 1, 6.2706493081515475
6, 228.0, 0, 19, 2, 12.0, 1, 5.73246859409874
6, 229.0, 1, 16, 3, 10.0, 1, 4.978963202487423
6, 230.0, 1, 16, 0, 11.0, 1, 3.9946526311293233
6, 231.0, 1, 16, 0, 12.0, 1, 3.981051074608189
6, 232.0, 1, 16, 0, 13.0, 1, 3.065859907804482
6, 233.0, 0, 15, 1, 14.0, 1, 3.1434539938643056
6, 234.0, 0, 13, 2, 15.0, 1, 2.3437983133424645
6, 235.0, 0, 13, 0, 16.0, 1, 1.8314075326960229
6, 236.0, 0, 12, 1, 17.0, 1, 1.4983573599295266
6, 237.0, 1, 10, 2, 18.0, 1, 1.488817534550849
6, 238.0, 0, 9, 1, 19.0, 1, 1.2471116537865061
6, 239.0, 0, 9, 0, 20.0, 1, 1.3008915561029681
6, 240.0, 1, 9, 0, 0.0, 1, 1.1280718067354272
6, 241.0, 0, 9, 0, 0.0, 1, 0.7916099180001765
6, 242.0, 0, 8, 1, 0.0, 1, 0.9583467647031494
6, 243.0, 0, 8, 0, 0.0, 1, 0.8831508020364414
6, 244.0, 1, 4, 4, 0.0, 0, 0.3429885533124519
6, 245.0, 0, 3, 1, 0.0, 0, 0.21048954206131754
6, 246.0, 0, 3, 0, 0.0, 0, 0.1556534376251335
6, 247.0, 0, 2, 1, 0.0, 0, 0.15458333844280148
6, 248.0, 1, 2, 0, 0.0, 0, 0.10724625893951867
6, 249.0, 0, 2, 0, 0.0, 0, 0.1489554172543599
6, 250.0, 0, 2, 0, 0.0, 0, 0.10517952160428123
6, 251.0, 1, 1, 1, 0.0, 0, 0.05660178383697101
6, 252.0, 0, 1, 0, 0.0, 0, 0.0021473605240274196
6, 253.0, 0, 1, 0, 0.0, 0, 0.055716793900217
6, 254.0, 1, 1, 0, 0.0, 0, 0.06469216160511237
6, 255.0, 0, 1, 0, 0.0, 0, 0.10172193294409482
6, 256.0, 0, 1, 0, 0.0, 0, 0.07235727388871283
6, 257.0, 0, 0, 1, 0, 0, 0
7, 1.0, 0, 2, 0, 0.0, 0, 0.0
7, 2.0, 0, 3, 0, 0.0, 0, 1.0814256854756554
7, 3.0, 0, 5, 0, 0.0, 0, 1.2559462905827157
7, 4.0, 0, 7, 0, 0.0, 0, 1.2603760180273869
7, 5.0, 1, 9, 0, 0.0, 0, 1.356365191048412
7, 6.0, 1, 9, 0, 0.0, 0, 1.287337457469642
7, 7.0, 0, 10, 0, 0.0, 0, 0.9556235514719723
7, 8.0, 0, 11, 0, 0.0, 0, 1.168230593310705
7, 9.0, 1, 12, 0, 0.0, 0, 1.3211245838572987
7, 10.0, 0, 15, 0, 0.0, 0, 1.8521160770279796
7, 11.0, 0, 16, 0, 0.0, 0, 2.9419051546901827
7, 12.0, 0, 18, 0, 0.0, 0, 2.9383818211151675
7, 13.0, 1, 18, 0, 0.0, 0, 2.6618733942645867
7, 14.0, 0, 20, 0, 0.0, 0, 2.6907813764867314
7, 15.0, 0, 22, 0, 0.0, 0, 3.848268360857806
7, 16.0, 1, 23, 0, 0.0, 2, 5.020583462320094
7, 17.0, 1, 23, 0, 0.0, 2, 5.624240573256673
7, 18.0, 1, 25, 0, 3.0, 2, 5.662436092679963
7, 19.0, 1, 25, 0, 6.0, 2, 6.971406245564994
7, 20.0, 1, 27, 0, 9.0, 2, 7.322551727696473
7, 21.0, 1, 28, 0, 12.0, 2, 8.572838249946516
7, 22.0, 0, 28, 0, 5.0, 2, 7.691153461509023
7, 23.0, 0, 30, 0, 6.0, 2, 8.309052149029126
7, 24.0, 1, 31, 0, 8.0, 3, 9.273797141391325
7, 25.0, 1, 33, 0, 11.0, 3, 9.68854149376448
7, 26.0, 1, 36, 0, 11.0, 3, 11.418788202800341
7, 27.0, 1, 38, 0, 15.0, 3, 12.405454240731443
7, 28.0, 0, 40, 0, 15.0, 4, 13.971977112313736
7, 29.0, 0, 41, 0, 19.0, 4, 14.901731930053085
7, 30.0, 1, 41, 0, 12.0, 4, 14.39057820512927
7, 31.0, 1, 46, 0, 10.0, 4, 12.498592507328423
7, 32.0, 1, 47, 1, 16.0, 4, 13.307465917477144
7, 33.0, 1, 46, 1, 18.0, 4, 12.96183189194144
7, 34.0, 1, 47, 0, 16.0, 4, 12.579722116192652
7, 35.0, 1, 47, 1, 21.0, 4, 11.993722415600338
7, 36.0, 0, 47, 1, 17.0, 5, 12.857260692842946
7, 37.0, 0, 47, 1, 15.0, 5, 12.452434331838171
7, 38.0, 1, 47, 1, 17.0, 6, 12.240448546671281
7, 39.0, 1, 48, 1, 20.0, 6, 12.405413934676707
7, 40.0, 0, 52, 0, 20.0, 6, 13.869574006380345
7, 41.0, 0, 52, 0, 22.0, 6, 14.713417128765668
7, 42.0, 1, 53, 1, 12.0, 6, 13.95814940655742
7, 43.0, 1, 55, 1, 15.0, 6, 14.02022156471703
7, 44.0, 0, 57, 0, 5.0, 7, 14.95766208771912
7, 45.0, 1, 56, 1, 0.0, 6, 14.57434531596463
7, 46.0, 1, 55, 2, 1.0, 6, 13.03452069406637
7, 47.0, 1, 57, 1, 1.0, 6, 12.298549707843963
7, 48.0, 0, 57, 1, 0.0, 7, 13.445510341437062
7, 49.0, 0, 56, 1, 1.0, 7, 12.903503204339058
7, 50.0, 1, 58, 0, 0.0, 7, 11.427559930667933
7, 51.0, 1, 60, 1, 1.0, 7, 11.869522774202311
7, 52.0, 1, 58, 3, 3.0, 7, 12.448098449397454
7, 53.0, 1, 57, 2, 5.0, 6, 13.708559585943235
7, 54.0, 0, 57, 2, 8.0, 5, 14.258513238293785
7, 55.0, 0, 53, 4, 5.0, 5, 15.973779514591353
7, 56.0, 1, 53, 2, 7.0, 5, 16.26227802555872
7, 57.0, 0, 52, 2, 12.0, 5, 16.719315387783087
7, 58.0, 1, 51, 1, 14.0, 4, 16.298945034207946
7, 59.0, 1, 49, 3, 19.0, 3, 14.644386033159861
7, 60.0, 1, 50, 0, 25.0, 3, 16.064442973173552
7, 61.0, 0, 51, 1, 25.0, 3, 16.773042322950644
7, 62.0, 1, 50, 4, 23.0, 4, 17.391103966051237
7, 63.0, 1, 51, 0, 31.0, 4, 19.57573049491625
7, 64.0, 1, 51, 2, 39.0, 4, 19.714331895515706
7, 65.0, 0, 50, 1, 40.0, 5, 20.841551059307832
7, 66.0, 1, 51, 1, 47.0, 6, 18.45356249260971
7, 67.0, 0, 50, 1, 53.0, 6, 19.10760416094555
7, 68.0, 1, 50, 1, 59.0, 6, 18.538852351663902
7, 69.0, 0, 49, 1, 59.0, 8, 19.316900330836905
7, 70.0, 1, 48, 1, 67.0, 8, 18.61376183354363
7, 71.0, 0, 47, 2, 76.0, 8, 18.73668140406401
7, 72.0, 0, 48, 1, 70.0, 8, 19.06379997925756
7, 73.0, 1, 50, 0, 78.0, 8, 18.83850910417232
7, 74.0, 1, 49, 1, 86.0, 8, 19.430002955270847
7, 75.0, 0, 52, 0, 90.0, 8, 19.297816625968384
7, 76.0, 1, 53, 2, 97.0, 9, 19.991090587586545
7, 77.0, 1, 52, 2, 63.0, 9, 20.128735360373753
7, 78.0, 1, 52, 0, 72.0, 9, 20.40555136450729
7, 79.0, 1, 52, 1, 55.0, 9, 19.14073005437611
7, 80.0, 0, 52, 1, 58.0, 11, 19.212051855514332
7, 81.0, 0, 52, 1, 67.0, 10, 18.352500449207724
7, 82.0, 1, 54, 1, 63.0, 10, 18.175990587707602
7, 83.0, 1, 54, 1, 73.0, 10, 18.64556502348199
7, 84.0, 0, 52, 2, 81.0, 11, 19.075555555679113
7, 85.0, 1, 53, 2, 92.0, 9, 18.616681892659987
7, 86.0, 0, 53, 0, 104.0, 9, 18.447019574242592
7, 87.0, 1, 52, 1, 105.0, 10, 18.556892846709225
7, 88.0, 1, 52, 2, 116.0, 9, 19.404542720512882
7, 89.0, 0, 48, 4, 125.0, 8, 19.120720873684498
7, 90.0, 1, 50, 0, 114.0, 8, 18.37820051415517
7, 91.0, 1, 52, 0, 123.0, 8, 20.46671090548689
7, 92.0, 0, 53, 0, 135.0, 8, 20.9223451313465
7, 93.0, 0, 54, 0, 139.0, 8, 20.55094264042579
7, 94.0, 0, 54, 2, 117.0, 8, 20.56135114595172
7, 95.0, 1, 51, 3, 104.0, 8, 19.784017230562878
7, 96.0, 0, 50, 2, 69.0, 8, 17.170271183463818
7, 97.0, 1, 50, 1, 56.0, 7, 17.331584857786023
7, 98.0, 1, 52, 0, 43.0, 7, 15.180078044294897
7, 99.0, 1, 53, 2, 22.0, 6, 15.763049551905006
7, 100.0, 0, 54, 1, 10.0, 6, 15.290340124734117
7, 101.0, 0, 55, 0, 2.0, 6, 14.753023601740823
7, 102.0, 0, 55, 1, 4.0, 6, 15.514162484116163
7, 103.0, 1, 59, 0, 1.0, 7, 14.601116613812044
7, 104.0, 1, 58, 2, 2.0, 5, 15.579039326879851
7, 105.0, 0, 58, 1, 0.0, 5, 15.972039552502752
7, 106.0, 1, 58, 1, 0.0, 5, 14.325851554951594
7, 107.0, 1, 57, 1, 0.0, 5, 15.24760840869303
7, 108.0, 1, 57, 1, 2.0, 5, 14.837919293229072
7, 109.0, 0, 56, 1, 3.0, 4, 15.26608999631046
7, 110.0, 1, 56, 2, 5.0, 5, 15.334138698760192
7, 111.0, 1, 55, 1, 7.0, 4, 16.340078806592288
7, 112.0, 0, 49, 6, 4.0, 3, 15.800745301272423
7, 113.0, 1, 47, 4, 3.0, 3, 14.173966352301658
7, 114.0, 1, 47, 1, 6.0, 3, 16.000154917510795
7, 115.0, 0, 46, 2, 1.0, 3, 16.324862189244783
7, 116.0, 1, 50, 0, 1.0, 4, 15.373901710330411
7, 117.0, 0, 48, 3, 0.0, 4, 15.450764157417163
7, 118.0, 1, 49, 1, 0.0, 4, 12.636754206506193
7, 119.0, 1, 50, 0, 2.0, 4, 11.322073525340748
7, 120.0, 0, 49, 3, 0.0, 4, 10.49121846080163
7, 121.0, 1, 52, 0, 0.0, 4, 8.886375162737197
7, 122.0, 1, 53, 2, 0.0, 3, 10.637651713671444
7, 123.0, 0, 56, 0, 0.0, 3, 10.553041977472937
7, 124.0, 0, 55, 2, 0.0, 3, 10.106091141330866
7, 125.0, 0, 54, 2, 1.0, 3, 9.750029984053388
7, 126.0, 0, 53, 1, 3.0, 3, 9.995765463996635
7, 127.0, 1, 53, 1, 3.0, 3, 10.150430198108959
7, 128.0, 0, 54, 0, 3.0, 3, 10.931404561685982
7, 129.0, 0, 56, 1, 4.0, 3, 12.045858975583814
7, 130.0, 0, 55, 2, 5.0, 3, 14.179445250463123
7, 131.0, 0, 51, 5, 6.0, 2, 14.174429791003543
7, 132.0, 0, 51, 1, 11.0, 2, 14.174718603382042
7, 133.0, 0, 49, 2, 17.0, 2, 15.163145853280898
7, 134.0, 1, 48, 3, 2.0, 3, 15.391496576622437
7, 135.0, 1, 48, 3, 2.0, 3, 15.486255414188248
7, 136.0, 0, 48, 1, 2.0, 2, 15.431054819589553
7, 137.0, 1, 47, 1, 0.0, 2, 14.08874877613326
7, 138.0, 1, 49, 0, 2.0, 2, 13.618594567995572
7, 139.0, 1, 48, 1, 4.0, 2, 15.09485193290481
7, 140.0, 1, 50, 0, 8.0, 2, 14.240728744609443
7, 141.0, 1, 53, 0, 14.0, 2, 15.521661188840218
7, 142.0, 0, 52, 2, 15.0, 2, 16.03530026144399
7, 143.0, 1, 50, 3, 20.0, 1, 14.928451301157516
7, 144.0, 0, 50, 0, 18.0, 2, 15.557795703883151
7, 145.0, 1, 50, 1, 23.0, 2, 14.372171959772542
7, 146.0, 1, 50, 1, 21.0, 2, 14.68558825191476
7, 147.0, 1, 50, 1, 25.0, 2, 14.316971461545748
7, 148.0, 1, 49, 1, 18.0, 2, 14.962521688024117
7, 149.0, 1, 48, 2, 22.0, 2, 14.086065684628476
7, 150.0, 0, 47, 2, 24.0, 2, 13.161186830611152
7, 151.0, 1, 49, 1, 27.0, 2, 12.079058009469131
7, 152.0, 1, 47, 2, 30.0, 2, 11.778447961957946
7, 153.0, 1, 47, 1, 33.0, 2, 11.483368388541564
7, 154.0, 1, 47, 1, 36.0, 2, 12.197694530080176
7, 155.0, 1, 47, 2, 41.0, 2, 11.630710695904884
7, 156.0, 1, 45, 3, 47.0, 2, 12.326382358908052
7, 157.0, 1, 45, 1, 54.0, 2, 11.676632328833064
7, 158.0, 0, 46, 1, 48.0, 2, 11.824002318199328
7, 159.0, 1, 48, 0, 13.0, 2, 11.375015907863524
7, 160.0, 1, 47, 2, 16.0, 2, 11.455213436358077
7, 161.0, 1, 45, 2, 19.0, 2, 10.715426428648795
7, 162.0, 1, 43, 3, 22.0, 1, 9.905555092787951
7, 163.0, 1, 44, 0, 10.0, 1, 8.938064821747822
7, 164.0, 1, 44, 2, 13.0, 1, 9.521571266542708
7, 165.0, 1, 41, 3, 16.0, 1, 8.843478416719432
7, 166.0, 1, 42, 1, 12.0, 1, 8.91773084988711
7, 167.0, 1, 41, 2, 16.0, 1, 11.018750977552411
7, 168.0, 1, 44, 0, 20.0, 1, 10.624661439469246
7, 169.0, 1, 45, 0, 25.0, 1, 11.27915802419481
7, 170.0, 1, 44, 2, 32.0, 1, 11.263718225347747
7, 171.0, 1, 46, 0, 39.0, 1, 11.82100987368276
7, 172.0, 0, 46, 2, 0.0, 1, 13.54505536139412
7, 173.0, 1, 48, 1, 1.0, 1, 11.986818218207254
7, 174.0, 1, 49, 1, 2.0, 1, 11.99434150453621
7, 175.0, 0, 51, 3, 5.0, 1, 12.139858674798559
7, 176.0, 1, 51, 0, 9.0, 1, 12.982139311675146
7, 177.0, 1, 52, 0, 10.0, 1, 11.631330905202782
7, 178.0, 0, 52, 2, 12.0, 1, 11.664259374424764
7, 179.0, 1, 50, 2, 15.0, 2, 13.544824726288573
7, 180.0, 1, 49, 1, 20.0, 2, 13.682387275314364
7, 181.0, 1, 48, 2, 23.0, 2, 12.767075422443469
7, 182.0, 0, 48, 1, 17.0, 1, 11.730174902028617
7, 183.0, 1, 46, 2, 19.0, 1, 10.783055456955042
7, 184.0, 1, 46, 0, 21.0, 1, 10.655713552815593
7, 185.0, 0, 47, 1, 24.0, 2, 11.251504437048085
7, 186.0, 1, 50, 1, 26.0, 2, 11.896506676337225
7, 187.0, 1, 50, 1, 30.0, 2, 14.779781685831937
7, 188.0, 1, 51, 2, 6.0, 2, 14.644381015394337
7, 189.0, 0, 51, 1, 3.0, 3, 14.541249872495296
7, 190.0, 0, 52, 1, 4.0, 3, 14.845918452196331
7, 191.0, 0, 54, 0, 2.0, 3, 15.590067437151934
7, 192.0, 1, 55, 1, 0.0, 3, 13.194370974278355
7, 193.0, 0, 58, 0, 0.0, 4, 11.905810228944603
7, 194.0, 0, 54, 4, 0.0, 4, 11.598218359201482
7, 195.0, 1, 55, 1, 0.0, 4, 8.87416002359995
7, 196.0, 1, 53, 3, 0.0, 4, 8.493267010967116
7, 197.0, 1, 52, 1, 1.0, 3, 8.066094153762768
7, 198.0, 1, 53, 1, 0.0, 3, 6.484859448798124
7, 199.0, 0, 52, 2, 0.0, 4, 6.8754461539900635
7, 200.0, 0, 51, 2, 1.0, 3, 7.008316582764084
7, 201.0, 1, 49, 2, 0.0, 3, 7.14607541821716
7, 202.0, 0, 47, 2, 2.0, 6, 8.241960054494681
7, 203.0, 1, 45, 2, 0.0, 7, 8.825816189197289
7, 204.0, 1, 44, 1, 1.0, 7, 8.544595008687907
7, 205.0, 0, 43, 1, 0.0, 7, 9.296672621356837
7, 206.0, 1, 42, 1, 0.0, 9, 10.477304298943269
7, 207.0, 0, 40, 2, 2.0, 10, 11.684585895683568
7, 208.0, 1, 38, 2, 2.0, 11, 11.225799272123858
7, 209.0, 0, 35, 3, 0.0, 11, 10.92147660463276
7, 210.0, 1, 35, 0, 1.0, 11, 11.002322626824308
7, 211.0, 1, 32, 3, 2.0, 10, 11.338492353276024
7, 212.0, 1, 30, 2, 3.0, 10, 10.272068903773432
7, 213.0, 1, 28, 2, 5.0, 10, 10.522694931004143
7, 214.0, 0, 28, 0, 3.0, 11, 10.544463015512846
7, 215.0, 1, 27, 1, 4.0, 11, 9.303404337009662
7, 216.0, 0, 24, 3, 7.0, 9, 8.202690190997552
7, 217.0, 0, 24, 0, 3.0, 9, 8.412989566780153
7, 218.0, 0, 22, 2, 5.0, 7, 7.528369512700446
7, 219.0, 1, 22, 0, 4.0, 7, 5.99815708098431
7, 220.0, 1, 21, 1, 5.0, 6, 5.053808259464221
7, 221.0, 1, 21, 0, 6.0, 6, 4.9781428853443686
7, 222.0, 1, 20, 1, 7.0, 6, 4.4439405327445005
7, 223.0, 0, 18, 2, 0.0, 6, 3.398543532606177
7, 224.0, 0, 18, 0, 0.0, 6, 2.688529799429341
7, 225.0, 0, 15, 3, 0.0, 4, 2.31733721824837
7, 226.0, 0, 14, 1, 0.0, 3, 2.3165845423041596
7, 227.0, 1, 11, 3, 0.0, 3, 1.3925564363691763
7, 228.0, 1, 11, 0, 0.0, 3, 0.8023823641132086
7, 229.0, 1, 10, 1, 0.0, 3, 0.5238778715937347
7, 230.0, 0, 10, 0, 0.0, 3, 0.40973215601181856
7, 231.0, 1, 7, 3, 0.0, 3, 0.4493802078122382
7, 232.0, 0, 7, 0, 0.0, 3, 0.43974850629732565
7, 233.0, 0, 7, 0, 0.0, 3, 0.33362791403143177
7, 234.0, 0, 7, 0, 0.0, 3, 0.3097659851610537
7, 235.0, 0, 7, 0, 0.0, 3, 0.31903923544215296
7, 236.0, 0, 5, 2, 0.0, 3, 0.25875827972990884
7, 237.0, 0, 4, 1, 0.0, 2, 0.1865472754997448
7, 238.0, 0, 4, 0, 0.0, 2, 0.17405381429964706
7, 239.0, 1, 4, 0, 0.0, 2, 0.23957000580681154
7, 240.0, 0, 3, 1, 0.0, 1, 0.2304823188920615
7, 241.0, 0, 2, 1, 0.0, 1, 0.0906777719520111
7, 242.0, 0, 2, 0, 0.0, 1, 0.11511637284558773
7, 243.0, 0, 1, 1, 0.0, 1, 0.11249751648983874
7, 244.0, 0, 1, 0, 0.0, 1, 0.0188305138399798
7, 245.0, 0, 1, 0, 0.0, 1, 0.027520254993483206
7, 246.0, 0, 1, 0, 0.0, 1, 0.0035737809842792956
7, 247.0, 1, 1, 0, 0.0, 1, 0.02250208242203655
7, 248.0, 1, 0, 1, 0, 0, 0
8, 1.0, 0, 2, 0, 0.0, 0, 0.0
8, 2.0, 0, 3, 0, 0.0, 0, 1.0814256854756554
8, 3.0, 0, 5, 0, 0.0, 0, 1.2559462905827157
8, 4.0, 1, 7, 0, 0.0, 0, 1.2603760180273869
8, 5.0, 0, 9, 0, 0.0, 0, 1.356365191048412
8, 6.0, 0, 9, 0, 0.0, 0, 1.2083235416804996
8, 7.0, 0, 10, 0, 0.0, 0, 1.0113279673831101
8, 8.0, 0, 11, 0, 0.0, 0, 1.129802691208996
8, 9.0, 1, 12, 0, 0.0, 0, 1.3450565739990277
8, 10.0, 1, 15, 0, 0.0, 0, 1.8246967174981639
8, 11.0, 0, 16, 0, 0.0, 0, 2.7549470487738192
8, 12.0, 0, 18, 0, 0.0, 0, 2.95368880056474
8, 13.0, 1, 18, 0, 0.0, 0, 2.847954526972576
8, 14.0, 0, 20, 0, 0.0, 0, 2.750718983276131
8, 15.0, 1, 22, 0, 0.0, 1, 3.6385757257481854
8, 16.0, 0, 23, 0, 0.0, 1, 4.213906768546382
8, 17.0, 1, 23, 0, 1.0, 2, 4.84334578576549
8, 18.0, 1, 25, 0, 3.0, 2, 4.530596371076556
8, 19.0, 0, 25, 0, 0.0, 2, 6.333800585370618
8, 20.0, 1, 27, 0, 1.0, 3, 5.8684185390726515
8, 21.0, 1, 28, 0, 2.0, 3, 7.355774726894595
8, 22.0, 1, 28, 0, 3.0, 3, 8.494422413683473
8, 23.0, 1, 30, 0, 4.0, 3, 7.845395359771383
8, 24.0, 1, 31, 0, 6.0, 3, 8.800830946747105
8, 25.0, 1, 33, 0, 10.0, 3, 8.672952106339924
8, 26.0, 1, 36, 0, 12.0, 3, 10.749284931419483
8, 27.0, 1, 38, 0, 16.0, 3, 11.654063133687009
8, 28.0, 1, 40, 0, 20.0, 3, 11.660395038970153
8, 29.0, 1, 41, 0, 24.0, 3, 12.492745674818378
8, 30.0, 1, 41, 0, 28.0, 3, 12.456487330349084
8, 31.0, 0, 46, 0, 1.0, 4, 11.553871747924937
8, 32.0, 1, 47, 1, 2.0, 4, 10.33925726658485
8, 33.0, 1, 46, 1, 6.0, 4, 10.509812529893079
8, 34.0, 0, 47, 0, 5.0, 4, 10.489630326278267
8, 35.0, 1, 48, 0, 4.0, 4, 8.8730811480883
8, 36.0, 1, 49, 0, 5.0, 4, 8.618898891214055
8, 37.0, 0, 47, 3, 0.0, 4, 9.523052442323843
8, 38.0, 1, 46, 2, 1.0, 4, 9.999351553137988
8, 39.0, 0, 48, 0, 0.0, 4, 10.54473670284004
8, 40.0, 0, 51, 1, 0.0, 4, 11.55379630409647
8, 41.0, 0, 50, 1, 0.0, 3, 12.92557812110315
8, 42.0, 0, 52, 0, 1.0, 3, 12.675127998673723
8, 43.0, 0, 54, 1, 4.0, 3, 14.126202313460404
8, 44.0, 0, 54, 2, 7.0, 3, 15.718069907155694
8, 45.0, 0, 53, 1, 13.0, 3, 16.54380389844847
8, 46.0, 0, 52, 2, 21.0, 3, 16.593459074207676
8, 47.0, 0, 54, 2, 34.0, 2, 17.003478044918523
8, 48.0, 1, 54, 0, 27.0, 2, 18.29569501148857
8, 49.0, 1, 51, 3, 26.0, 2, 17.044911139817536
8, 50.0, 0, 52, 1, 27.0, 2, 16.943299980044614
8, 51.0, 1, 54, 0, 20.0, 3, 16.71220158139853
8, 52.0, 1, 54, 2, 14.0, 3, 17.13752690296952
8, 53.0, 0, 53, 2, 16.0, 2, 16.998691327454857
8, 54.0, 1, 54, 1, 13.0, 3, 15.654240323579835
8, 55.0, 0, 52, 2, 5.0, 3, 16.423119250872016
8, 56.0, 1, 52, 2, 7.0, 3, 15.302759979589466
8, 57.0, 1, 52, 1, 9.0, 3, 15.006623868387333
8, 58.0, 0, 51, 1, 9.0, 3, 12.862090129007152
8, 59.0, 0, 51, 1, 11.0, 3, 11.479368725732986
8, 60.0, 1, 51, 1, 14.0, 3, 11.763301073377571
8, 61.0, 0, 53, 0, 13.0, 4, 12.439892899235439
8, 62.0, 1, 56, 0, 17.0, 5, 13.201554112416293
8, 63.0, 0, 56, 1, 8.0, 5, 15.30379799143713
8, 64.0, 0, 57, 1, 8.0, 5, 14.897065465162031
8, 65.0, 1, 57, 0, 7.0, 5, 15.165152309976358
8, 66.0, 0, 56, 3, 9.0, 6, 14.439188546891696
8, 67.0, 0, 55, 1, 16.0, 6, 15.751200748289579
8, 68.0, 1, 53, 3, 18.0, 6, 15.681604115093284
8, 69.0, 1, 48, 5, 18.0, 5, 15.94256551754835
8, 70.0, 0, 47, 1, 17.0, 5, 15.43615382444149
8, 71.0, 0, 47, 1, 21.0, 5, 14.301551689857247
8, 72.0, 1, 44, 5, 23.0, 5, 14.411301398788734
8, 73.0, 1, 46, 0, 27.0, 5, 14.980418961245494
8, 74.0, 1, 45, 1, 32.0, 5, 15.56622596484969
8, 75.0, 1, 47, 1, 38.0, 5, 16.312626492402693
8, 76.0, 1, 50, 0, 41.0, 5, 16.65916308565739
8, 77.0, 1, 51, 0, 46.0, 5, 17.315291233983938
8, 78.0, 0, 49, 2, 52.0, 4, 17.478514980135362
8, 79.0, 0, 48, 2, 32.0, 4, 16.9910011091241
8, 80.0, 1, 47, 2, 39.0, 4, 16.699168545027607
8, 81.0, 1, 47, 1, 48.0, 3, 16.331284629049286
8, 82.0, 1, 48, 2, 60.0, 3, 17.310889069002233
8, 83.0, 0, 48, 1, 59.0, 2, 16.475456916824374
8, 84.0, 1, 48, 0, 68.0, 2, 16.762605794540505
8, 85.0, 0, 50, 1, 68.0, 2, 17.850186850134346
8, 86.0, 0, 48, 2, 67.0, 2, 18.205828509809606
8, 87.0, 1, 48, 0, 73.0, 3, 17.28814547526907
8, 88.0, 1, 49, 1, 59.0, 3, 15.729102993743728
8, 89.0, 1, 47, 2, 52.0, 3, 16.447266273701363
8, 90.0, 0, 49, 0, 16.0, 3, 15.673667023714598
8, 91.0, 1, 49, 2, 9.0, 3, 14.813386034180333
8, 92.0, 0, 50, 0, 7.0, 4, 15.182520927184573
8, 93.0, 1, 49, 2, 4.0, 3, 14.437585931437313
8, 94.0, 1, 51, 0, 7.0, 3, 12.621962799057991
8, 95.0, 1, 50, 1, 7.0, 3, 12.658954122336478
8, 96.0, 1, 50, 1, 10.0, 3, 11.400804246991271
8, 97.0, 0, 51, 0, 11.0, 5, 12.210300841519375
8, 98.0, 0, 51, 2, 14.0, 5, 12.970399691701877
8, 99.0, 1, 51, 3, 16.0, 5, 12.865642662898813
8, 100.0, 1, 52, 1, 19.0, 5, 13.537740222450665
8, 101.0, 1, 52, 1, 11.0, 5, 13.032306626917839
8, 102.0, 1, 52, 1, 12.0, 5, 12.169874447560765
8, 103.0, 1, 55, 1, 14.0, 5, 12.456483267645584
8, 104.0, 1, 54, 2, 16.0, 5, 11.727766232714545
8, 105.0, 1, 53, 2, 18.0, 4, 12.263060670524672
8, 106.0, 0, 52, 2, 16.0, 4, 11.886928665240754
8, 107.0, 1, 49, 3, 18.0, 4, 10.419967633132739
8, 108.0, 1, 48, 2, 20.0, 3, 9.838774132559658
8, 109.0, 0, 47, 1, 19.0, 3, 8.719087794010001
8, 110.0, 1, 47, 2, 21.0, 5, 8.55534510022046
8, 111.0, 1, 47, 0, 25.0, 5, 9.58372693496892
8, 112.0, 1, 43, 4, 29.0, 5, 9.03912733043738
8, 113.0, 0, 44, 1, 24.0, 8, 9.350696796650643
8, 114.0, 0, 43, 2, 27.0, 7, 10.92882082207071
8, 115.0, 0, 43, 1, 33.0, 7, 12.251004754242048
8, 116.0, 1, 47, 0, 31.0, 7, 12.117203698102749
8, 117.0, 1, 45, 3, 34.0, 7, 12.627076221556747
8, 118.0, 0, 47, 0, 37.0, 7, 12.485248562126976
8, 119.0, 0, 46, 2, 5.0, 7, 12.24857998764398
8, 120.0, 1, 44, 4, 6.0, 7, 10.882531722746297
8, 121.0, 0, 47, 0, 7.0, 7, 10.261348025110506
8, 122.0, 1, 47, 3, 8.0, 6, 10.667458552597683
8, 123.0, 0, 50, 0, 9.0, 7, 11.025383275099014
8, 124.0, 1, 50, 1, 0.0, 7, 10.044028309369914
8, 125.0, 1, 50, 1, 1.0, 7, 9.000757925331483
8, 126.0, 1, 47, 3, 2.0, 7, 10.018647131623986
8, 127.0, 1, 48, 0, 3.0, 7, 8.967853950905003
8, 128.0, 1, 47, 2, 4.0, 7, 9.602213404727134
8, 129.0, 1, 50, 0, 5.0, 7, 10.48653887630959
8, 130.0, 1, 50, 1, 7.0, 7, 11.362659915156279
8, 131.0, 1, 49, 2, 12.0, 6, 11.564723984039071
8, 132.0, 1, 47, 3, 13.0, 4, 12.113459619267422
8, 133.0, 0, 47, 0, 9.0, 5, 12.162325075695835
8, 134.0, 1, 48, 1, 11.0, 6, 11.36757925835041
8, 135.0, 1, 51, 0, 13.0, 6, 12.335690575004625
8, 136.0, 1, 52, 0, 16.0, 6, 13.78712213739138
8, 137.0, 1, 51, 1, 20.0, 6, 13.900922771148451
8, 138.0, 1, 50, 3, 25.0, 4, 14.294947762754017
8, 139.0, 1, 49, 1, 17.0, 4, 15.027545955605222
8, 140.0, 1, 49, 2, 23.0, 3, 14.027877354353194
8, 141.0, 1, 52, 0, 30.0, 3, 14.686698676347117
8, 142.0, 1, 52, 1, 38.0, 3, 15.335350175235684
8, 143.0, 1, 53, 0, 46.0, 3, 15.794816642623086
8, 144.0, 1, 51, 2, 54.0, 3, 14.84561773363185
8, 145.0, 1, 49, 3, 63.0, 2, 14.777361854251687
8, 146.0, 0, 48, 2, 21.0, 2, 14.851343613884339
8, 147.0, 0, 48, 1, 11.0, 2, 14.075397720315852
8, 148.0, 0, 46, 2, 0.0, 1, 13.533226148662658
8, 149.0, 1, 45, 2, 1.0, 1, 13.23609332509697
8, 150.0, 1, 44, 2, 2.0, 1, 12.443856750512596
8, 151.0, 1, 44, 3, 4.0, 1, 12.92236275456835
8, 152.0, 1, 43, 1, 3.0, 1, 11.967071662790419
8, 153.0, 0, 43, 1, 1.0, 1, 10.942883464051352
8, 154.0, 1, 43, 1, 1.0, 2, 11.67024544051874
8, 155.0, 1, 45, 0, 3.0, 2, 10.676558392485752
8, 156.0, 1, 45, 1, 5.0, 2, 11.570026994679372
8, 157.0, 1, 46, 0, 9.0, 2, 11.30571984381072
8, 158.0, 1, 45, 3, 13.0, 2, 9.82312373761945
8, 159.0, 0, 46, 1, 4.0, 3, 10.443328471638027
8, 160.0, 0, 46, 1, 5.0, 3, 11.04643567349544
8, 161.0, 1, 45, 1, 1.0, 3, 9.762310834185238
8, 162.0, 0, 46, 0, 1.0, 4, 10.036572771702861
8, 163.0, 1, 46, 1, 4.0, 3, 10.272095118337988
8, 164.0, 1, 47, 1, 4.0, 3, 9.754464808949013
8, 165.0, 1, 44, 3, 3.0, 3, 10.29075062890922
8, 166.0, 1, 44, 2, 5.0, 3, 10.373188748203518
8, 167.0, 1, 42, 3, 8.0, 3, 11.448367252673265
8, 168.0, 1, 44, 1, 6.0, 3, 10.957142892074833
8, 169.0, 0, 43, 2, 0.0, 4, 10.173755236390171
8, 170.0, 0, 42, 2, 2.0, 4, 10.725871371574327
8, 171.0, 1, 43, 1, 2.0, 4, 10.735079975616703
8, 172.0, 1, 45, 0, 2.0, 4, 10.956461149076645
8, 173.0, 1, 45, 3, 4.0, 4, 11.162227373843718
8, 174.0, 1, 48, 0, 6.0, 4, 9.679433083697711
8, 175.0, 1, 52, 0, 8.0, 4, 9.556867059710642
8, 176.0, 0, 52, 1, 10.0, 4, 10.850959745235269
8, 177.0, 1, 52, 0, 5.0, 4, 9.81622256512737
8, 178.0, 1, 53, 1, 0.0, 4, 8.958337367020157
8, 179.0, 1, 53, 0, 0.0, 4, 9.173205450639381
8, 180.0, 0, 51, 2, 0.0, 4, 9.220787291825582
8, 181.0, 1, 49, 3, 1.0, 4, 9.478360686404042
8, 182.0, 0, 48, 2, 1.0, 5, 9.786187203673576
8, 183.0, 1, 47, 1, 0.0, 4, 9.645465515667539
8, 184.0, 1, 46, 1, 0.0, 4, 8.606968403375447
8, 185.0, 1, 45, 3, 0.0, 4, 8.356852867104509
8, 186.0, 1, 48, 1, 1.0, 4, 9.956517315724497
8, 187.0, 1, 49, 1, 2.0, 3, 13.237567019708841
8, 188.0, 1, 48, 2, 4.0, 3, 14.661124858628382
8, 189.0, 1, 48, 2, 7.0, 3, 13.745495921044444
8, 190.0, 1, 49, 1, 13.0, 3, 16.229342888913536
8, 191.0, 1, 51, 0, 13.0, 3, 16.05545781719173
8, 192.0, 1, 51, 2, 20.0, 3, 15.967007453198569
8, 193.0, 1, 53, 1, 27.0, 3, 15.498342462743162
8, 194.0, 1, 51, 2, 35.0, 3, 14.537262213869187
8, 195.0, 1, 52, 1, 43.0, 2, 13.119284598316137
8, 196.0, 0, 50, 3, 5.0, 2, 13.03755097584705
8, 197.0, 1, 49, 1, 7.0, 1, 12.434667613499562
8, 198.0, 1, 49, 2, 5.0, 1, 12.140713762978779
8, 199.0, 0, 50, 0, 6.0, 1, 13.604962097997417
8, 200.0, 1, 49, 2, 3.0, 0, 11.582429252212375
8, 201.0, 1, 48, 1, 4.0, 0, 10.354549149429415
8, 202.0, 1, 47, 1, 5.0, 0, 9.892194486827732
8, 203.0, 1, 47, 0, 6.0, 0, 9.887361483809798
8, 204.0, 0, 45, 2, 7.0, 0, 10.64976407329135
8, 205.0, 1, 43, 2, 9.0, 0, 9.485816571377388
8, 206.0, 0, 42, 1, 9.0, 0, 9.893691346787545
8, 207.0, 0, 41, 1, 11.0, 0, 11.533891746229559
8, 208.0, 1, 41, 0, 13.0, 0, 12.244025220693308
8, 209.0, 1, 40, 1, 2.0, 0, 12.382723222541589
8, 210.0, 1, 38, 2, 5.0, 0, 13.65075908888566
8, 211.0, 1, 38, 0, 9.0, 0, 13.542939683766903
8, 212.0, 1, 35, 3, 13.0, 0, 13.955272869310763
8, 213.0, 0, 33, 2, 15.0, 1, 14.573262030884214
8, 214.0, 1, 31, 2, 19.0, 1, 12.204226897619964
8, 215.0, 1, 30, 1, 15.0, 1, 11.268654036888233
8, 216.0, 1, 28, 2, 15.0, 1, 11.237701576201736
8, 217.0, 1, 26, 2, 19.0, 1, 9.3765415399143
8, 218.0, 0, 24, 2, 17.0, 1, 8.52101684832925
8, 219.0, 0, 23, 1, 20.0, 1, 8.214141508813567
8, 220.0, 0, 23, 0, 23.0, 1, 7.072379507469808
8, 221.0, 0, 23, 0, 26.0, 1, 6.338595388121973
8, 222.0, 0, 22, 1, 29.0, 1, 5.48610314349113
8, 223.0, 0, 22, 0, 16.0, 1, 4.822731778367354
8, 224.0, 0, 20, 2, 0.0, 1, 3.5779434045245644
8, 225.0, 0, 16, 4, 0.0, 1, 3.146358079176886
8, 226.0, 1, 16, 0, 0.0, 1, 2.8163075135609983
8, 227.0, 0, 13, 3, 0.0, 1, 3.02469109656473
8, 228.0, 1, 13, 0, 0.0, 1, 3.0482636912199843
8, 229.0, 1, 13, 0, 0.0, 1, 2.216699366555609
8, 230.0, 0, 10, 3, 0.0, 1, 1.5441750582173208
8, 231.0, 0, 9, 1, 0.0, 1, 1.0183242369939745
8, 232.0, 0, 9, 0, 0.0, 1, 0.6114900048235681
8, 233.0, 0, 9, 0, 0.0, 1, 0.4870573953148023
8, 234.0, 1, 7, 2, 0.0, 1, 0.30661979038953646
8, 235.0, 0, 7, 0, 0.0, 1, 0.2144816692741962
8, 236.0, 0, 7, 0, 0.0, 1, 0.46807099159856236
8, 237.0, 1, 6, 1, 0.0, 1, 0.3132333832433254
8, 238.0, 0, 6, 0, 0.0, 1, 0.3195185356388386
8, 239.0, 0, 4, 2, 0.0, 0, 0.19600046584131192
8, 240.0, 1, 4, 0, 0.0, 0, 0.21092370627549073
8, 241.0, 0, 4, 0, 0.0, 0, 0.15632155316053264
8, 242.0, 1, 3, 1, 0.0, 0, 0.11178337402355254
8, 243.0, 0, 3, 0, 0.0, 0, 0.1485883763493856
8, 244.0, 0, 2, 1, 0.0, 0, 0.10266565232276648
8, 245.0, 1, 1, 1, 0.0, 0, 0.06214553589417804
8, 246.0, 1, 1, 0, 0.0, 0, 0.03996410369656189
8, 247.0, 0, 1, 0, 0.0, 0, 0.0706781003069814
8, 248.0, 1, 1, 0, 0.0, 0, 0.10256983195663949
8, 249.0, 0, 0, 1, 0, 0, 0
9, 1.0, 0, 2, 0, 0.0, 0, 0.0
9, 2.0, 0, 3, 0, 0.0, 0, 1.0814256854756554
9, 3.0, 0, 5, 0, 0.0, 0, 1.2559462905827157
9, 4.0, 0, 7, 0, 0.0, 0, 1.2603760180273869
9, 5.0, 0, 9, 0, 0.0, 0, 1.356365191048412
9, 6.0, 1, 9, 0, 0.0, 0, 1.287337457469642
9, 7.0, 0, 10, 0, 0.0, 0, 0.9556235514719723
9, 8.0, 1, 11, 0, 0.0, 0, 1.168230593310705
9, 9.0, 0, 12, 0, 0.0, 0, 1.3211245838572987
9, 10.0, 0, 15, 0, 0.0, 0, 1.8079871547397421
9, 11.0, 1, 16, 0, 0.0, 0, 2.8853175909259545
9, 12.0, 1, 18, 0, 0.0, 0, 2.835902989040532
9, 13.0, 1, 18, 0, 0.0, 0, 2.590428004653365
9, 14.0, 0, 20, 0, 0.0, 0, 2.596423263294739
9, 15.0, 1, 22, 0, 0.0, 1, 3.7013552519663175
9, 16.0, 0, 23, 0, 0.0, 1, 4.327329629985964
9, 17.0, 0, 23, 0, 1.0, 1, 4.835029138668991
9, 18.0, 1, 25, 0, 2.0, 1, 4.528226301634961
9, 19.0, 1, 25, 0, 4.0, 1, 6.584793171901808
9, 20.0, 1, 27, 0, 6.0, 1, 6.744104407453594
9, 21.0, 1, 28, 0, 5.0, 1, 9.186103188892043
9, 22.0, 1, 28, 0, 8.0, 1, 9.388652396484922
9, 23.0, 1, 30, 0, 11.0, 1, 8.92645050880468
9, 24.0, 1, 31, 0, 15.0, 1, 9.721337864140247
9, 25.0, 1, 33, 0, 19.0, 1, 10.656988717315617
9, 26.0, 1, 36, 0, 20.0, 1, 12.437545460228842
9, 27.0, 1, 38, 0, 26.0, 1, 14.095740149245259
9, 28.0, 1, 40, 0, 34.0, 1, 13.662385292691605
9, 29.0, 1, 41, 0, 35.0, 1, 15.336980259292464
9, 30.0, 1, 41, 0, 25.0, 1, 14.576309283830676
9, 31.0, 1, 46, 0, 29.0, 1, 13.094596909934223
9, 32.0, 1, 47, 1, 34.0, 1, 13.571909574806373
9, 33.0, 1, 46, 1, 40.0, 1, 13.243886228609771
9, 34.0, 0, 47, 0, 9.0, 1, 12.897443866065352
9, 35.0, 0, 48, 0, 0.0, 1, 12.52441578883398
9, 36.0, 0, 46, 3, 2.0, 0, 13.07626554246306
9, 37.0, 1, 47, 0, 4.0, 0, 11.781044041928523
9, 38.0, 0, 48, 0, 2.0, 0, 11.643220099733123
9, 39.0, 0, 49, 0, 0.0, 0, 11.481334426555518
9, 40.0, 1, 53, 1, 0.0, 2, 12.316882690067366
9, 41.0, 1, 53, 0, 2.0, 2, 14.661610096659604
9, 42.0, 0, 55, 0, 0.0, 2, 14.660196839531539
9, 43.0, 0, 57, 1, 2.0, 2, 15.314963836103058
9, 44.0, 1, 58, 1, 2.0, 2, 15.397993166094295
9, 45.0, 1, 56, 2, 0.0, 2, 14.648065911352859
9, 46.0, 1, 56, 1, 1.0, 2, 14.900179442811543
9, 47.0, 1, 57, 3, 0.0, 2, 12.984762872766709
9, 48.0, 0, 56, 1, 1.0, 2, 14.753827141781859
9, 49.0, 0, 55, 1, 0.0, 2, 14.638391764085586
9, 50.0, 1, 55, 2, 1.0, 2, 13.191062857793062
9, 51.0, 1, 57, 1, 0.0, 2, 13.683553884433868
9, 52.0, 0, 56, 2, 1.0, 2, 13.338936466883382
9, 53.0, 1, 56, 1, 2.0, 3, 12.30225296303539
9, 54.0, 0, 55, 3, 3.0, 4, 13.66845743878346
9, 55.0, 1, 53, 2, 6.0, 5, 15.2972953854522
9, 56.0, 1, 54, 1, 7.0, 5, 14.964857752335739
9, 57.0, 1, 52, 3, 11.0, 5, 17.006221565025754
9, 58.0, 1, 51, 1, 14.0, 5, 16.462806930946027
9, 59.0, 0, 50, 2, 12.0, 5, 15.986616434756069
9, 60.0, 0, 50, 1, 11.0, 5, 16.645889669935386
9, 61.0, 1, 52, 0, 11.0, 6, 17.485331937696305
9, 62.0, 1, 54, 1, 3.0, 6, 17.104816541410468
9, 63.0, 1, 53, 2, 7.0, 5, 19.01226871315182
9, 64.0, 0, 52, 3, 2.0, 4, 18.312131744840528
9, 65.0, 0, 50, 2, 4.0, 4, 18.72328686213973
9, 66.0, 0, 52, 0, 9.0, 4, 18.513978011781887
9, 67.0, 1, 50, 2, 9.0, 4, 18.58254960646867
9, 68.0, 1, 51, 0, 3.0, 4, 17.227970630471393
9, 69.0, 1, 49, 2, 7.0, 4, 17.770132214208743
9, 70.0, 1, 48, 1, 11.0, 4, 16.239805526957465
9, 71.0, 0, 47, 2, 14.0, 4, 15.313218028284416
9, 72.0, 1, 49, 0, 11.0, 4, 15.707347330724867
9, 73.0, 1, 50, 1, 17.0, 4, 15.625029730452189
9, 74.0, 1, 48, 2, 17.0, 3, 16.840269657717215
9, 75.0, 0, 50, 1, 11.0, 4, 16.627129866488445
9, 76.0, 1, 52, 1, 8.0, 5, 15.223880548963631
9, 77.0, 1, 53, 0, 11.0, 5, 15.458772289462441
9, 78.0, 1, 52, 1, 14.0, 5, 13.04343640500622
9, 79.0, 1, 50, 3, 17.0, 5, 11.943345511912757
9, 80.0, 1, 49, 2, 21.0, 4, 12.888181396589534
9, 81.0, 1, 50, 0, 15.0, 4, 11.62971043831468
9, 82.0, 1, 51, 2, 19.0, 3, 10.895879464344409
9, 83.0, 1, 50, 2, 25.0, 3, 10.303634515052629
9, 84.0, 1, 50, 0, 31.0, 3, 10.388986399368976
9, 85.0, 0, 53, 0, 0.0, 3, 10.824632137991113
9, 86.0, 0, 50, 3, 0.0, 4, 10.936531709691781
9, 87.0, 0, 49, 1, 3.0, 4, 11.191723214683915
9, 88.0, 1, 49, 2, 4.0, 4, 10.378449484363239
9, 89.0, 1, 49, 0, 6.0, 4, 11.637351210203837
9, 90.0, 1, 49, 2, 5.0, 4, 12.087049915966809
9, 91.0, 1, 47, 4, 4.0, 3, 13.105777271463875
9, 92.0, 0, 46, 2, 6.0, 3, 12.455914887596442
9, 93.0, 1, 45, 2, 7.0, 4, 11.353228437221594
9, 94.0, 1, 45, 2, 6.0, 4, 11.839896924223964
9, 95.0, 1, 43, 2, 8.0, 4, 12.001689424526605
9, 96.0, 1, 43, 1, 11.0, 4, 11.175899704133741
9, 97.0, 1, 43, 1, 11.0, 4, 10.80907892156205
9, 98.0, 1, 44, 1, 6.0, 4, 9.977966648814311
9, 99.0, 0, 47, 0, 6.0, 4, 10.81604670306393
9, 100.0, 1, 47, 2, 7.0, 5, 11.414921759900208
9, 101.0, 1, 48, 0, 1.0, 5, 9.982820928831048
9, 102.0, 0, 47, 2, 0.0, 5, 10.581990257447842
9, 103.0, 1, 50, 1, 1.0, 6, 10.196354990822392
9, 104.0, 0, 51, 0, 1.0, 7, 10.926868816211705
9, 105.0, 0, 49, 2, 2.0, 7, 11.462492792460932
9, 106.0, 1, 50, 1, 1.0, 6, 10.859191218285725
9, 107.0, 1, 49, 1, 0.0, 6, 10.854570652999893
9, 108.0, 1, 45, 5, 1.0, 4, 9.688671226090797
9, 109.0, 0, 44, 1, 2.0, 4, 8.86774073823395
9, 110.0, 1, 45, 1, 0.0, 5, 8.441489527274982
9, 111.0, 0, 43, 2, 0.0, 5, 9.47221419823485
9, 112.0, 1, 42, 1, 0.0, 7, 9.705337264196746
9, 113.0, 0, 43, 1, 1.0, 8, 9.101558260142406
9, 114.0, 1, 42, 2, 0.0, 8, 10.24950322863911
9, 115.0, 0, 43, 0, 1.0, 8, 10.476191520826005
9, 116.0, 1, 44, 3, 3.0, 10, 11.630065329056828
9, 117.0, 0, 45, 0, 5.0, 10, 11.939175746929076
9, 118.0, 0, 46, 1, 7.0, 10, 11.78944111746523
9, 119.0, 1, 44, 3, 5.0, 9, 10.165847263627203
9, 120.0, 1, 44, 2, 7.0, 9, 9.229653583684568
9, 121.0, 1, 47, 0, 9.0, 9, 9.518032929700208
9, 122.0, 0, 49, 1, 4.0, 9, 9.995229116618425
9, 123.0, 1, 51, 1, 5.0, 9, 9.286948050963552
9, 124.0, 0, 50, 2, 1.0, 10, 9.428756307750282
9, 125.0, 1, 49, 1, 2.0, 9, 8.850383956076598
9, 126.0, 0, 49, 1, 4.0, 11, 8.345919747618332
9, 127.0, 1, 47, 3, 0.0, 8, 8.262763844519169
9, 128.0, 0, 46, 2, 1.0, 10, 9.228347958627014
9, 129.0, 1, 48, 1, 3.0, 10, 9.945155803394043
9, 130.0, 1, 46, 2, 6.0, 8, 10.971245711965128
9, 131.0, 0, 47, 1, 7.0, 8, 10.441079956269181
9, 132.0, 1, 48, 0, 5.0, 8, 11.563881172338528
9, 133.0, 0, 46, 2, 8.0, 8, 12.614832499062812
9, 134.0, 1, 48, 0, 10.0, 10, 13.783251360049373
9, 135.0, 1, 50, 1, 16.0, 10, 16.48369703130414
9, 136.0, 0, 50, 0, 7.0, 10, 18.155900788201002
9, 137.0, 0, 48, 3, 11.0, 10, 18.292323020655324
9, 138.0, 0, 50, 0, 17.0, 10, 19.431048917527626
9, 139.0, 1, 48, 2, 24.0, 9, 18.477451482374615
9, 140.0, 1, 49, 1, 33.0, 9, 18.425794824112497
9, 141.0, 1, 50, 2, 43.0, 8, 20.745543658320884
9, 142.0, 1, 51, 0, 48.0, 8, 21.096498723344606
9, 143.0, 0, 50, 2, 39.0, 7, 19.02071666215323
9, 144.0, 0, 48, 2, 46.0, 6, 18.269771005301884
9, 145.0, 0, 49, 0, 47.0, 6, 17.789925619730322
9, 146.0, 1, 49, 1, 54.0, 6, 17.58771667221834
9, 147.0, 0, 50, 0, 62.0, 6, 16.587393169321363
9, 148.0, 1, 49, 1, 70.0, 6, 16.546693497055134
9, 149.0, 1, 49, 1, 68.0, 5, 14.609403660423819
9, 150.0, 1, 49, 1, 56.0, 5, 14.590081071115709
9, 151.0, 1, 52, 0, 61.0, 5, 15.249188402650109
9, 152.0, 0, 51, 1, 51.0, 6, 15.477432276365843
9, 153.0, 1, 50, 2, 57.0, 5, 14.740616701427086
9, 154.0, 1, 51, 0, 63.0, 5, 13.942927882785527
9, 155.0, 1, 49, 4, 56.0, 2, 13.525443721506718
9, 156.0, 1, 50, 1, 61.0, 2, 14.333332982368557
9, 157.0, 1, 47, 3, 66.0, 2, 14.08583983905623
9, 158.0, 0, 49, 0, 49.0, 2, 12.12947077512957
9, 159.0, 1, 50, 1, 52.0, 2, 10.99513625692038
9, 160.0, 1, 51, 0, 55.0, 2, 11.437740451875435
9, 161.0, 0, 47, 4, 55.0, 3, 10.328332884430306
9, 162.0, 1, 45, 3, 29.0, 3, 8.454026645701925
9, 163.0, 0, 45, 1, 30.0, 6, 9.598762361937263
9, 164.0, 0, 47, 0, 32.0, 6, 9.94760757500819
9, 165.0, 0, 47, 0, 36.0, 6, 10.003840270186567
9, 166.0, 1, 49, 1, 34.0, 7, 8.77206361281536
9, 167.0, 1, 46, 3, 35.0, 7, 8.188174186371478
9, 168.0, 1, 48, 1, 3.0, 7, 8.417355891536431
9, 169.0, 0, 47, 2, 0.0, 8, 10.085789885058198
9, 170.0, 0, 46, 2, 1.0, 9, 10.330026746280739
9, 171.0, 1, 47, 1, 1.0, 8, 9.206784981929308
9, 172.0, 1, 48, 1, 0.0, 8, 8.775674852076657
9, 173.0, 0, 48, 3, 0.0, 9, 9.060962935803694
9, 174.0, 1, 49, 2, 0.0, 9, 7.603815545373846
9, 175.0, 1, 52, 1, 0.0, 9, 5.939095417728559
9, 176.0, 1, 51, 2, 0.0, 8, 7.460710054784512
9, 177.0, 1, 49, 2, 0.0, 8, 5.822963146837138
9, 178.0, 0, 51, 0, 0.0, 8, 5.300180624339835
9, 179.0, 1, 51, 0, 0.0, 9, 7.55058288184302
9, 180.0, 0, 49, 2, 0.0, 9, 6.605447040992083
9, 181.0, 1, 47, 3, 0.0, 8, 5.843880476629137
9, 182.0, 1, 48, 0, 1.0, 8, 6.648764440252083
9, 183.0, 1, 47, 1, 3.0, 8, 9.253826891029084
9, 184.0, 1, 46, 1, 2.0, 7, 9.168930136936558
9, 185.0, 1, 45, 3, 4.0, 6, 9.565486936404337
9, 186.0, 1, 46, 3, 6.0, 4, 11.700017149975826
9, 187.0, 1, 45, 2, 9.0, 3, 14.685734861173561
9, 188.0, 0, 45, 3, 1.0, 4, 13.935032325713177
9, 189.0, 1, 45, 1, 2.0, 6, 14.268145153557036
9, 190.0, 1, 46, 1, 8.0, 5, 14.07354860438394
9, 191.0, 1, 48, 0, 14.0, 5, 13.886151173419243
9, 192.0, 0, 49, 1, 6.0, 4, 12.454496091773594
9, 193.0, 1, 50, 2, 5.0, 5, 12.173624472079023
9, 194.0, 0, 49, 1, 6.0, 5, 11.091813847225083
9, 195.0, 1, 49, 2, 8.0, 5, 9.145073348238753
9, 196.0, 0, 49, 1, 8.0, 5, 9.259988075722667
9, 197.0, 1, 48, 1, 8.0, 5, 8.549927284423692
9, 198.0, 1, 50, 0, 1.0, 5, 8.712187746157735
9, 199.0, 0, 47, 4, 2.0, 4, 8.734125141950333
9, 200.0, 1, 47, 1, 3.0, 4, 9.60311677105115
9, 201.0, 1, 47, 0, 0.0, 4, 9.237984647077186
9, 202.0, 1, 47, 0, 1.0, 4, 8.507213438143747
9, 203.0, 1, 44, 3, 2.0, 4, 8.610262394506075
9, 204.0, 0, 43, 1, 0.0, 5, 10.328707166712752
9, 205.0, 1, 42, 1, 0.0, 4, 10.113169774732146
9, 206.0, 0, 40, 2, 1.0, 7, 10.886495346041736
9, 207.0, 1, 39, 1, 2.0, 6, 12.148658787114858
9, 208.0, 1, 38, 1, 3.0, 6, 11.943276582520815
9, 209.0, 1, 37, 1, 4.0, 6, 12.239920020786476
9, 210.0, 0, 35, 2, 7.0, 5, 12.06480443937249
9, 211.0, 1, 34, 1, 13.0, 5, 11.991437308202698
9, 212.0, 1, 31, 3, 16.0, 4, 11.586469789954313
9, 213.0, 1, 30, 1, 14.0, 4, 9.915219090441294
9, 214.0, 1, 29, 1, 17.0, 4, 9.565548637886595
9, 215.0, 1, 29, 0, 20.0, 4, 8.34504378899977
9, 216.0, 0, 25, 4, 11.0, 4, 8.193072782042854
9, 217.0, 0, 25, 0, 1.0, 4, 6.996758773702846
9, 218.0, 1, 25, 0, 0.0, 4, 5.75905401117499
9, 219.0, 1, 23, 2, 0.0, 4, 4.596275672228758
9, 220.0, 0, 23, 0, 0.0, 4, 4.035105611206433
9, 221.0, 0, 22, 1, 0.0, 4, 3.250082029607011
9, 222.0, 1, 20, 2, 0.0, 4, 2.4435213047809876
9, 223.0, 0, 20, 0, 0.0, 4, 1.802838537408316
9, 224.0, 0, 18, 2, 0.0, 3, 1.2529824480110952
9, 225.0, 1, 16, 2, 0.0, 3, 0.766364932477174
9, 226.0, 0, 14, 2, 0.0, 3, 0.6673717707369722
9, 227.0, 1, 13, 1, 0.0, 3, 0.47088580023656057
9, 228.0, 1, 11, 2, 0.0, 2, 0.6950753497468587
9, 229.0, 1, 9, 2, 0.0, 2, 0.30471395139366564
9, 230.0, 1, 7, 2, 0.0, 1, 0.5279911587992405
9, 231.0, 0, 6, 1, 0.0, 0, 0.5123876040587536
9, 232.0, 1, 6, 0, 0.0, 0, 0.27861888895519016
9, 233.0, 0, 6, 0, 0.0, 0, 0.4367316297715078
9, 234.0, 0, 6, 0, 0.0, 0, 0.17342136761498317
9, 235.0, 0, 5, 1, 0.0, 0, 0.35773203254711206
9, 236.0, 1, 4, 1, 0.0, 0, 0.15654871189612862
9, 237.0, 0, 4, 0, 0.0, 0, 0.11806575110268014
9, 238.0, 1, 2, 2, 0.0, 0, 0.09388815468797418
9, 239.0, 0, 1, 1, 0.0, 0, 0.010522145910735858
9, 240.0, 0, 1, 0, 0.0, 0, 0.08189618860532555
9, 241.0, 0, 1, 0, 0.0, 0, 0.12137999210451689
9, 242.0, 1, 1, 0, 0.0, 0, 0.09711237835076503
9, 243.0, 1, 0, 1, 0, 0, 0
10, 1.0, 0, 2, 0, 0.0, 0, 0.0
10, 2.0, 1, 3, 0, 0.0, 0, 1.0814256854756554
10, 3.0, 0, 5, 0, 0.0, 0, 1.2559462905827157
10, 4.0, 0, 7, 0, 0.0, 0, 1.2603760180273869
10, 5.0, 1, 9, 0, 0.0, 0, 1.356365191048412
10, 6.0, 1, 9, 0, 0.0, 0, 1.287337457469642
10, 7.0, 0, 10, 0, 0.0, 0, 0.9556235514719723
10, 8.0, 1, 11, 0, 0.0, 0, 1.168230593310705
10, 9.0, 1, 12, 0, 0.0, 0, 1.3211245838572987
10, 10.0, 0, 15, 0, 0.0, 0, 1.7843620203597017
10, 11.0, 0, 16, 0, 0.0, 0, 2.911643108908468
10, 12.0, 0, 18, 0, 0.0, 0, 2.8365629189215773
10, 13.0, 1, 18, 0, 0.0, 0, 2.6486975966706825
10, 14.0, 1, 20, 0, 0.0, 0, 2.344982518179347
10, 15.0, 0, 22, 0, 0.0, 3, 4.133773939588191
10, 16.0, 1, 23, 0, 0.0, 4, 5.079307349376573
10, 17.0, 1, 23, 0, 0.0, 4, 5.514209292650415
10, 18.0, 1, 25, 0, 2.0, 4, 5.412412455043234
10, 19.0, 1, 25, 0, 5.0, 4, 7.229481244597993
10, 20.0, 1, 27, 0, 8.0, 4, 7.497886711970444
10, 21.0, 1, 28, 0, 11.0, 4, 9.086336196145233
10, 22.0, 1, 28, 0, 15.0, 4, 9.005953070917563
10, 23.0, 0, 30, 0, 5.0, 5, 8.501997791605483
10, 24.0, 1, 31, 0, 7.0, 6, 9.640093076165217
10, 25.0, 1, 33, 0, 10.0, 6, 10.103820712630359
10, 26.0, 0, 36, 0, 1.0, 6, 10.829610081593243
10, 27.0, 0, 38, 0, 3.0, 6, 11.66952602047312
10, 28.0, 0, 40, 0, 7.0, 6, 13.233275473774599
10, 29.0, 0, 41, 0, 12.0, 6, 14.19010274084896
10, 30.0, 1, 41, 0, 12.0, 6, 12.205358868199383
10, 31.0, 1, 46, 0, 0.0, 6, 10.297000695163359
10, 32.0, 1, 48, 0, 0.0, 6, 9.99732562225697
10, 33.0, 1, 46, 2, 0.0, 5, 9.13689772526488
10, 34.0, 1, 47, 0, 0.0, 5, 8.821294453768312
10, 35.0, 0, 48, 0, 0.0, 7, 8.813077814442716
10, 36.0, 0, 48, 1, 0.0, 7, 9.739392851165395
10, 37.0, 0, 48, 1, 3.0, 7, 10.041703537497435
10, 38.0, 0, 48, 1, 8.0, 7, 10.336218521939275
10, 39.0, 1, 48, 1, 0.0, 7, 11.828944614743603
10, 40.0, 0, 53, 0, 0.0, 9, 11.098526663822739
10, 41.0, 0, 52, 1, 0.0, 9, 13.467165763496768
10, 42.0, 1, 54, 0, 0.0, 9, 11.91297541786485
10, 43.0, 1, 56, 1, 0.0, 8, 10.912710491742455
10, 44.0, 1, 56, 1, 1.0, 7, 11.77749806427436
10, 45.0, 0, 55, 2, 0.0, 6, 12.491875717586879
10, 46.0, 1, 50, 6, 0.0, 5, 11.994188233928087
10, 47.0, 1, 52, 2, 0.0, 5, 10.570644784332744
10, 48.0, 1, 49, 3, 0.0, 5, 12.679054956245343
10, 49.0, 1, 49, 0, 0.0, 5, 11.843823843432652
10, 50.0, 0, 51, 0, 1.0, 5, 11.000713705932116
10, 51.0, 1, 54, 0, 2.0, 5, 10.011845131648895
10, 52.0, 1, 53, 2, 4.0, 5, 11.679262686432114
10, 53.0, 0, 53, 1, 4.0, 5, 11.424492218567584
10, 54.0, 1, 55, 0, 6.0, 6, 13.533852041143161
10, 55.0, 0, 51, 4, 8.0, 6, 16.144289640931092
10, 56.0, 1, 52, 1, 14.0, 7, 16.530851427674186
10, 57.0, 1, 51, 2, 21.0, 6, 17.657343989302298
10, 58.0, 1, 51, 0, 31.0, 6, 17.230765307538494
10, 59.0, 1, 50, 2, 42.0, 5, 16.51858786603588
10, 60.0, 1, 50, 1, 50.0, 5, 17.84590540328034
10, 61.0, 0, 48, 4, 48.0, 4, 18.920578901598464
10, 62.0, 1, 49, 2, 30.0, 5, 18.27005693894833
10, 63.0, 0, 49, 1, 25.0, 5, 19.46247918020758
10, 64.0, 1, 51, 0, 30.0, 5, 20.671966072866642
10, 65.0, 1, 49, 2, 37.0, 5, 20.08560226516439
10, 66.0, 1, 50, 1, 41.0, 5, 19.38352360804257
10, 67.0, 1, 49, 1, 47.0, 5, 20.850089592594543
10, 68.0, 0, 48, 2, 52.0, 6, 20.775386276076038
10, 69.0, 1, 47, 1, 59.0, 7, 21.517687250205753
10, 70.0, 1, 46, 1, 63.0, 6, 20.73601034928158
10, 71.0, 1, 47, 0, 75.0, 6, 21.080552397139297
10, 72.0, 1, 48, 1, 85.0, 6, 20.379235413666446
10, 73.0, 0, 50, 0, 56.0, 6, 20.840066724463004
10, 74.0, 0, 50, 0, 60.0, 6, 21.538531341703436
10, 75.0, 1, 53, 0, 58.0, 8, 20.7933686947806
10, 76.0, 1, 54, 2, 62.0, 8, 22.29019967666942
10, 77.0, 0, 55, 0, 68.0, 9, 23.247241751367007
10, 78.0, 0, 54, 1, 75.0, 9, 22.739521542559334
10, 79.0, 1, 53, 2, 82.0, 8, 22.214190600352104
10, 80.0, 1, 53, 1, 46.0, 8, 22.07245186205268
10, 81.0, 0, 52, 2, 53.0, 9, 21.619917275629327
10, 82.0, 1, 54, 1, 60.0, 9, 21.270287203109266
10, 83.0, 1, 54, 1, 56.0, 9, 21.206419940401112
10, 84.0, 1, 53, 1, 34.0, 9, 20.526663945694516
10, 85.0, 1, 55, 1, 44.0, 8, 19.885264020664565
10, 86.0, 0, 53, 2, 45.0, 8, 19.991026912953988
10, 87.0, 0, 51, 2, 54.0, 8, 19.760004894969583
10, 88.0, 1, 53, 0, 54.0, 9, 19.067481342409028
10, 89.0, 1, 53, 0, 51.0, 9, 20.09282296246321
10, 90.0, 0, 54, 1, 39.0, 11, 20.351606480856788
10, 91.0, 1, 56, 0, 34.0, 12, 19.305668884625714
10, 92.0, 1, 57, 0, 33.0, 12, 19.596885321894614
10, 93.0, 0, 57, 1, 25.0, 12, 19.339909889159465
10, 94.0, 0, 58, 1, 23.0, 12, 19.587387905474944
10, 95.0, 1, 56, 2, 22.0, 10, 20.717264912170908
10, 96.0, 1, 55, 2, 26.0, 10, 19.693844129873717
10, 97.0, 1, 52, 4, 31.0, 9, 19.931087871156688
10, 98.0, 1, 53, 1, 38.0, 8, 20.137326243492176
10, 99.0, 1, 57, 0, 46.0, 8, 20.473006868815354
10, 100.0, 0, 58, 0, 32.0, 8, 20.81695241009338
10, 101.0, 0, 56, 3, 27.0, 7, 20.375128743535022
10, 102.0, 1, 53, 4, 22.0, 5, 19.387025419317716
10, 103.0, 1, 57, 0, 13.0, 5, 18.21522156355689
10, 104.0, 0, 55, 3, 1.0, 6, 18.81840056186471
10, 105.0, 0, 55, 0, 3.0, 6, 19.260668658656694
10, 106.0, 1, 54, 3, 5.0, 6, 17.159259788199627
10, 107.0, 0, 54, 0, 7.0, 6, 17.0644776074173
10, 108.0, 1, 54, 1, 11.0, 7, 16.859403808081673
10, 109.0, 1, 52, 2, 12.0, 7, 16.44744946404729
10, 110.0, 1, 54, 0, 7.0, 7, 16.720600940189488
10, 111.0, 1, 54, 0, 12.0, 7, 17.88070739517854
10, 112.0, 1, 53, 1, 15.0, 7, 18.04947450565381
10, 113.0, 0, 54, 1, 14.0, 7, 17.732498152478716
10, 114.0, 1, 54, 1, 20.0, 7, 17.347605314474947
10, 115.0, 0, 52, 3, 22.0, 7, 17.944027137982967
10, 116.0, 1, 55, 1, 27.0, 8, 18.05427519156805
10, 117.0, 1, 53, 3, 32.0, 7, 18.03841175778389
10, 118.0, 1, 53, 2, 40.0, 6, 17.84920897118024
10, 119.0, 0, 53, 1, 39.0, 5, 17.26085061840093
10, 120.0, 0, 54, 1, 46.0, 5, 16.344463756878284
10, 121.0, 1, 55, 2, 36.0, 5, 15.827631995604705
10, 122.0, 1, 56, 2, 41.0, 3, 15.96579321850291
10, 123.0, 0, 59, 0, 38.0, 3, 16.674656141764743
10, 124.0, 0, 58, 2, 25.0, 3, 16.59403684508403
10, 125.0, 1, 58, 0, 22.0, 3, 15.260915465467033
10, 126.0, 0, 56, 3, 19.0, 3, 15.002760399909373
10, 127.0, 1, 56, 1, 17.0, 4, 15.971731431018593
10, 128.0, 1, 56, 1, 19.0, 4, 15.524303853452448
10, 129.0, 0, 57, 2, 3.0, 5, 16.20564495484235
10, 130.0, 1, 57, 1, 1.0, 6, 17.384811411162456
10, 131.0, 0, 56, 2, 5.0, 7, 17.656244435136145
10, 132.0, 1, 56, 1, 7.0, 7, 16.625280270931516
10, 133.0, 0, 54, 2, 8.0, 8, 17.912383547701072
10, 134.0, 1, 53, 3, 13.0, 11, 19.72070828870152
10, 135.0, 1, 56, 0, 20.0, 11, 20.401851013131175
10, 136.0, 0, 56, 1, 25.0, 11, 21.366205024028954
10, 137.0, 0, 55, 1, 29.0, 11, 22.331401755454863
10, 138.0, 1, 56, 1, 37.0, 11, 20.58290792348605
10, 139.0, 0, 54, 2, 36.0, 11, 22.352312424384706
10, 140.0, 0, 54, 2, 45.0, 11, 23.225832339057117
10, 141.0, 1, 57, 0, 56.0, 12, 22.76519533382988
10, 142.0, 0, 57, 1, 67.0, 13, 23.60339719145729
10, 143.0, 1, 57, 1, 76.0, 13, 24.545586386890744
10, 144.0, 0, 54, 3, 87.0, 12, 25.270255648470812
10, 145.0, 1, 53, 2, 101.0, 12, 24.1002133122485
10, 146.0, 0, 54, 0, 77.0, 12, 23.017245863286714
10, 147.0, 1, 53, 2, 90.0, 13, 23.906290210277945
10, 148.0, 1, 52, 1, 99.0, 12, 23.535417221167254
10, 149.0, 0, 52, 1, 111.0, 13, 22.579713499526335
10, 150.0, 1, 52, 1, 123.0, 13, 20.66438584444022
10, 151.0, 1, 54, 1, 136.0, 13, 20.263971368029562
10, 152.0, 0, 53, 1, 150.0, 14, 20.99628652285049
10, 153.0, 1, 54, 0, 162.0, 15, 21.10953343503324
10, 154.0, 0, 53, 2, 172.0, 17, 22.59382232511824
10, 155.0, 0, 54, 1, 187.0, 16, 22.74085185049801
10, 156.0, 1, 54, 2, 197.0, 16, 23.269988645202552
10, 157.0, 1, 53, 1, 196.0, 16, 22.335594639849685
10, 158.0, 1, 55, 0, 177.0, 16, 22.629091142255916
10, 159.0, 0, 56, 1, 189.0, 16, 23.540992333716098
10, 160.0, 0, 57, 0, 203.0, 16, 23.339150967557117
10, 161.0, 1, 56, 1, 214.0, 16, 22.50465484311985
10, 162.0, 0, 54, 3, 229.0, 16, 21.831626989410204
10, 163.0, 1, 54, 1, 238.0, 18, 22.644167856828737
10, 164.0, 1, 55, 1, 254.0, 17, 22.343436680202164
10, 165.0, 1, 52, 3, 271.0, 16, 21.736829776508408
10, 166.0, 0, 54, 1, 278.0, 16, 22.255831836942274
10, 167.0, 1, 54, 0, 292.0, 16, 23.602734541599165
10, 168.0, 1, 57, 0, 308.0, 16, 24.188497509578575
10, 169.0, 1, 55, 3, 324.0, 13, 24.132265270879383
10, 170.0, 1, 55, 1, 339.0, 12, 24.41391722850699
10, 171.0, 1, 54, 3, 342.0, 10, 24.981300485101364
10, 172.0, 0, 56, 0, 205.0, 11, 25.501996149585374
10, 173.0, 1, 59, 0, 186.0, 11, 23.510813819575755
10, 174.0, 1, 61, 0, 196.0, 11, 23.624048449327184
10, 175.0, 1, 65, 1, 206.0, 10, 24.138619894816213
10, 176.0, 1, 64, 1, 197.0, 10, 23.62700332801355
10, 177.0, 0, 62, 3, 206.0, 9, 21.46953819933043
10, 178.0, 1, 62, 2, 217.0, 9, 19.86479320037275
10, 179.0, 1, 62, 0, 217.0, 9, 20.321689793775974
10, 180.0, 0, 61, 1, 228.0, 9, 19.992741792755297
10, 181.0, 1, 62, 0, 239.0, 10, 20.516300595325404
10, 182.0, 0, 60, 3, 250.0, 10, 20.725966560719844
10, 183.0, 0, 60, 0, 246.0, 10, 22.13271637657949
10, 184.0, 1, 59, 1, 253.0, 11, 21.230037457311358
10, 185.0, 1, 59, 2, 262.0, 10, 21.721440279325048
10, 186.0, 0, 63, 0, 271.0, 11, 23.510381262572395
10, 187.0, 1, 62, 2, 280.0, 12, 26.23294947610572
10, 188.0, 0, 63, 2, 289.0, 12, 26.802527983292034
10, 189.0, 1, 64, 0, 194.0, 12, 28.145642645521505
10, 190.0, 0, 62, 4, 172.0, 11, 27.546462724294436
10, 191.0, 1, 63, 1, 185.0, 10, 28.194067998397458
10, 192.0, 1, 63, 2, 188.0, 10, 26.64515543643877
10, 193.0, 0, 65, 1, 201.0, 10, 25.655969495623598
10, 194.0, 1, 63, 2, 212.0, 10, 23.90478999761136
10, 195.0, 0, 62, 3, 188.0, 10, 21.63351924424431
10, 196.0, 0, 63, 0, 161.0, 10, 22.07366246884817
10, 197.0, 0, 60, 3, 108.0, 10, 22.223961519613948
10, 198.0, 0, 62, 0, 115.0, 10, 21.60798274045564
10, 199.0, 1, 63, 0, 110.0, 10, 20.83191271592112
10, 200.0, 1, 63, 1, 117.0, 10, 20.331775340118003
10, 201.0, 0, 59, 4, 115.0, 10, 19.628003060263122
10, 202.0, 1, 59, 0, 105.0, 10, 16.458580034655572
10, 203.0, 0, 57, 2, 104.0, 11, 16.580496180841163
10, 204.0, 1, 55, 2, 107.0, 10, 16.522335027980176
10, 205.0, 0, 55, 0, 110.0, 10, 16.424156538787813
10, 206.0, 1, 54, 1, 114.0, 12, 16.31309662362866
10, 207.0, 0, 52, 2, 116.0, 12, 16.797478092788733
10, 208.0, 0, 50, 2, 122.0, 12, 17.174587550975343
10, 209.0, 0, 48, 2, 130.0, 11, 17.167765084344733
10, 210.0, 0, 46, 2, 138.0, 10, 18.471050122090183
10, 211.0, 1, 46, 0, 132.0, 10, 17.718523533887513
10, 212.0, 1, 46, 0, 135.0, 10, 17.56923885310751
10, 213.0, 1, 45, 1, 130.0, 10, 18.21381017058942
10, 214.0, 0, 43, 2, 131.0, 9, 18.1518610077934
10, 215.0, 1, 41, 2, 137.0, 9, 16.983132970598483
10, 216.0, 1, 37, 4, 145.0, 8, 15.076642373409975
10, 217.0, 1, 32, 5, 150.0, 7, 14.534851747732308
10, 218.0, 1, 31, 1, 152.0, 7, 12.691790602523735
10, 219.0, 1, 29, 2, 159.0, 6, 10.942072595033007
10, 220.0, 0, 29, 0, 166.0, 6, 10.202089705796972
10, 221.0, 1, 27, 2, 167.0, 5, 8.833901735132947
10, 222.0, 1, 26, 1, 173.0, 5, 8.848814295485834
10, 223.0, 0, 25, 1, 179.0, 5, 8.152538574497841
10, 224.0, 1, 24, 1, 177.0, 5, 7.464079184550483
10, 225.0, 1, 24, 0, 182.0, 5, 7.112103318269779
10, 226.0, 0, 22, 2, 187.0, 4, 6.6322813331695505
10, 227.0, 1, 21, 1, 192.0, 3, 6.679544873333683
10, 228.0, 0, 19, 2, 197.0, 2, 6.439604523351066
10, 229.0, 0, 18, 1, 202.0, 2, 6.291630331308421
10, 230.0, 0, 17, 1, 207.0, 2, 6.055946658856737
10, 231.0, 0, 15, 2, 53.0, 1, 5.421584706176976
10, 232.0, 1, 13, 2, 39.0, 1, 5.057567299273257
10, 233.0, 0, 13, 0, 0.0, 1, 4.143443699445475
10, 234.0, 0, 11, 2, 0.0, 1, 2.858904705702331
10, 235.0, 0, 10, 1, 0.0, 1, 2.100227556699517
10, 236.0, 0, 10, 0, 0.0, 1, 1.5617639368918752
10, 237.0, 0, 10, 0, 0.0, 1, 1.4282029300262469
10, 238.0, 1, 9, 1, 0.0, 1, 1.0611609747053485
10, 239.0, 1, 8, 1, 0.0, 1, 0.663015096900839
10, 240.0, 1, 8, 0, 0.0, 1, 0.4466993368551204
10, 241.0, 0, 6, 2, 0.0, 1, 0.4571326661032735
10, 242.0, 0, 6, 0, 0.0, 1, 0.3544010592496285
10, 243.0, 0, 6, 0, 0.0, 1, 0.2830721747829408
10, 244.0, 0, 6, 0, 0.0, 1, 0.19934613185598593
10, 245.0, 0, 5, 1, 0.0, 1, 0.3517477051264706
10, 246.0, 0, 5, 0, 0.0, 1, 0.26096576810046557
10, 247.0, 0, 5, 0, 0.0, 1, 0.23564182314459003
10, 248.0, 0, 4, 1, 0.0, 0, 0.1647711146477846
10, 249.0, 0, 3, 1, 0.0, 0, 0.10958277469488564
10, 250.0, 0, 2, 1, 0.0, 0, 0.14453937903252267
10, 251.0, 0, 1, 1, 0.0, 0, 0.04531391302178278
10, 252.0, 1, 0, 1, 0, 0, 0
11, 1.0, 1, 2, 0, 0.0, 0, 0.0
11, 2.0, 1, 3, 0, 0.0, 0, 1.0814256854756554
11, 3.0, 0, 5, 0, 0.0, 0, 1.2317430816274335
11, 4.0, 1, 7, 0, 0.0, 0, 1.2562929516962287
11, 5.0, 1, 9, 0, 0.0, 0, 1.3267641311373821
11, 6.0, 0, 9, 0, 0.0, 0, 1.1958048679358226
11, 7.0, 0, 10, 0, 0.0, 0, 0.8231502954305336
11, 8.0, 0, 11, 0, 0.0, 0, 1.0949618552544191
11, 9.0, 0, 12, 0, 0.0, 0, 1.613748799613663
11, 10.0, 1, 15, 0, 0.0, 0, 2.1519767132714427
11, 11.0, 0, 16, 0, 0.0, 0, 2.895102088409554
11, 12.0, 0, 18, 0, 0.0, 0, 3.091244117543299
11, 13.0, 0, 18, 0, 0.0, 0, 2.6275385437966046
11, 14.0, 0, 20, 0, 0.0, 0, 2.5618583477567634
11, 15.0, 1, 22, 0, 0.0, 1, 3.7635978960390557
11, 16.0, 1, 23, 0, 0.0, 1, 4.457526273209908
11, 17.0, 1, 23, 0, 1.0, 1, 5.1560282819505225
11, 18.0, 0, 25, 0, 0.0, 1, 5.1418240738844165
11, 19.0, 0, 25, 0, 0.0, 1, 5.843938789455278
11, 20.0, 0, 27, 0, 0.0, 1, 6.440725406014568
11, 21.0, 1, 27, 0, 0.0, 2, 6.656418118272381
11, 22.0, 0, 28, 0, 1.0, 3, 6.031172517405012
11, 23.0, 0, 30, 0, 3.0, 3, 8.099759153025419
11, 24.0, 0, 31, 0, 5.0, 3, 8.635314585611814
11, 25.0, 0, 33, 0, 7.0, 3, 9.362375310592363
11, 26.0, 1, 36, 0, 1.0, 3, 8.354576303948164
11, 27.0, 1, 38, 0, 0.0, 3, 8.223920036575368
11, 28.0, 1, 40, 0, 0.0, 3, 9.772439088516192
11, 29.0, 1, 41, 0, 0.0, 3, 9.480259543251286
11, 30.0, 1, 41, 0, 2.0, 3, 9.126588229542527
11, 31.0, 0, 45, 1, 0.0, 3, 8.94734069428295
11, 32.0, 1, 46, 1, 1.0, 3, 7.968159218233533
11, 33.0, 0, 45, 1, 2.0, 3, 7.907656073992627
11, 34.0, 0, 46, 0, 0.0, 3, 7.86233599120959
11, 35.0, 1, 46, 1, 0.0, 2, 6.95941578230164
11, 36.0, 1, 46, 1, 0.0, 2, 6.762517928210612
11, 37.0, 1, 46, 1, 0.0, 2, 5.628283088472438
11, 38.0, 0, 44, 3, 0.0, 2, 5.66353453512045
11, 39.0, 0, 46, 0, 0.0, 2, 7.569655977526811
11, 40.0, 1, 49, 1, 1.0, 4, 8.085366470434595
11, 41.0, 1, 49, 0, 2.0, 4, 9.644039844697044
11, 42.0, 0, 51, 0, 0.0, 5, 9.435762411737047
11, 43.0, 1, 54, 0, 0.0, 7, 8.870956946602202
11, 44.0, 1, 52, 3, 1.0, 7, 9.713579466813037
11, 45.0, 0, 52, 1, 0.0, 6, 11.025315790018198
11, 46.0, 0, 52, 1, 1.0, 6, 11.228814348865525
11, 47.0, 1, 51, 4, 1.0, 6, 10.772371854237997
11, 48.0, 1, 50, 2, 2.0, 6, 10.413727071853744
11, 49.0, 1, 50, 0, 3.0, 6, 11.56918562990398
11, 50.0, 0, 49, 3, 0.0, 6, 9.753106349332901
11, 51.0, 1, 50, 2, 0.0, 6, 8.912350487400763
11, 52.0, 1, 50, 1, 0.0, 6, 10.063684912161724
11, 53.0, 1, 50, 1, 0.0, 6, 11.156635846827722
11, 54.0, 1, 50, 2, 1.0, 6, 11.942361384373637
11, 55.0, 0, 48, 2, 2.0, 6, 12.634916296273953
11, 56.0, 1, 47, 3, 3.0, 5, 12.053213521599307
11, 57.0, 1, 48, 0, 5.0, 5, 12.500830121963022
11, 58.0, 0, 47, 1, 7.0, 5, 12.182892745859524
11, 59.0, 0, 48, 0, 10.0, 5, 12.816309611226016
11, 60.0, 1, 46, 3, 4.0, 4, 13.354387256615382
11, 61.0, 1, 46, 2, 5.0, 3, 13.400106584133292
11, 62.0, 0, 48, 1, 6.0, 3, 14.483403888082774
11, 63.0, 1, 47, 2, 8.0, 4, 14.604517944290016
11, 64.0, 1, 49, 0, 11.0, 4, 14.896500817826539
11, 65.0, 0, 49, 0, 9.0, 4, 17.344781688905833
11, 66.0, 0, 51, 0, 0.0, 4, 16.023003905790137
11, 67.0, 0, 48, 3, 2.0, 4, 16.1443268192425
11, 68.0, 0, 47, 2, 5.0, 4, 15.50986034308935
11, 69.0, 1, 47, 0, 3.0, 4, 14.969530172700463
11, 70.0, 1, 45, 2, 4.0, 4, 14.69112192237933
11, 71.0, 1, 44, 2, 5.0, 4, 15.327016292743174
11, 72.0, 1, 45, 1, 7.0, 4, 15.743775005693966
11, 73.0, 0, 46, 1, 8.0, 4, 16.37726454576657
11, 74.0, 1, 45, 1, 9.0, 4, 15.990519628652711
11, 75.0, 1, 49, 0, 12.0, 4, 15.268308865335852
11, 76.0, 1, 48, 3, 12.0, 3, 16.609925773934254
11, 77.0, 1, 48, 1, 14.0, 3, 15.935509567619519
11, 78.0, 0, 48, 0, 17.0, 4, 13.957823779881963
11, 79.0, 0, 48, 1, 20.0, 4, 13.943069628615671
11, 80.0, 0, 47, 2, 24.0, 3, 13.78612959602832
11, 81.0, 1, 47, 1, 26.0, 4, 14.352942048612954
11, 82.0, 1, 50, 0, 22.0, 4, 15.013639175973818
11, 83.0, 1, 51, 0, 27.0, 4, 15.131966090659228
11, 84.0, 0, 50, 1, 20.0, 5, 14.834296101830343
11, 85.0, 1, 52, 1, 4.0, 5, 13.693851084227743
11, 86.0, 1, 48, 4, 7.0, 3, 13.779778465977488
11, 87.0, 1, 47, 1, 6.0, 3, 13.265740287640757
11, 88.0, 0, 47, 2, 3.0, 4, 13.616494746050954
11, 89.0, 0, 45, 2, 4.0, 4, 14.159706776787486
11, 90.0, 1, 47, 0, 3.0, 5, 14.934659140116759
11, 91.0, 1, 49, 0, 5.0, 5, 16.733017183649622
11, 92.0, 0, 47, 3, 3.0, 5, 16.62473022478401
11, 93.0, 0, 47, 1, 7.0, 5, 17.30174254556291
11, 94.0, 1, 49, 0, 10.0, 5, 16.38715782954496
11, 95.0, 0, 48, 1, 17.0, 5, 17.38002062415775
11, 96.0, 1, 48, 1, 23.0, 5, 16.374597361051826
11, 97.0, 1, 48, 1, 23.0, 5, 14.793009544022055
11, 98.0, 1, 50, 0, 26.0, 5, 15.774359335347818
11, 99.0, 0, 49, 5, 29.0, 5, 14.369081115956163
11, 100.0, 1, 48, 2, 24.0, 4, 13.880402313810775
11, 101.0, 1, 49, 0, 16.0, 4, 13.988554902492515
11, 102.0, 1, 49, 1, 10.0, 4, 13.850589290814936
11, 103.0, 1, 51, 2, 4.0, 4, 13.073579635382604
11, 104.0, 1, 51, 1, 4.0, 4, 13.399978731401925
11, 105.0, 1, 51, 1, 6.0, 4, 13.133506830795262
11, 106.0, 0, 52, 0, 0.0, 4, 11.252844805365687
11, 107.0, 1, 52, 0, 1.0, 5, 11.691652124692014
11, 108.0, 0, 50, 3, 1.0, 6, 11.429673593472765
11, 109.0, 0, 50, 0, 4.0, 7, 12.03068781251018
11, 110.0, 0, 52, 0, 8.0, 7, 13.032900477411003
11, 111.0, 1, 48, 4, 4.0, 5, 13.83796747536614
11, 112.0, 1, 48, 0, 2.0, 5, 14.005188441822245
11, 113.0, 0, 47, 3, 1.0, 4, 13.890788300940258
11, 114.0, 1, 46, 2, 3.0, 4, 14.963461419285501
11, 115.0, 0, 47, 0, 6.0, 5, 15.37810134806311
11, 116.0, 1, 49, 2, 6.0, 6, 16.5752138863014
11, 117.0, 1, 48, 2, 5.0, 6, 16.94779618101317
11, 118.0, 1, 49, 1, 8.0, 6, 16.171442800833074
11, 119.0, 0, 48, 2, 10.0, 6, 15.740986562200515
11, 120.0, 0, 49, 1, 12.0, 6, 15.343358821103905
11, 121.0, 1, 49, 3, 8.0, 6, 14.626322015929713
11, 122.0, 0, 52, 0, 10.0, 6, 15.574359628440797
11, 123.0, 0, 55, 0, 12.0, 6, 16.318425818623094
11, 124.0, 1, 53, 3, 7.0, 6, 15.729090764019341
11, 125.0, 0, 52, 2, 1.0, 6, 15.863467328323111
11, 126.0, 1, 52, 0, 0.0, 6, 15.749659901966972
11, 127.0, 0, 51, 2, 4.0, 6, 15.448974911575627
11, 128.0, 0, 50, 2, 9.0, 5, 16.83704293351678
11, 129.0, 1, 52, 1, 14.0, 5, 18.13372175406586
11, 130.0, 0, 53, 0, 14.0, 6, 18.47849138241165
11, 131.0, 1, 53, 1, 20.0, 6, 18.772061135955415
11, 132.0, 1, 52, 2, 27.0, 6, 17.82814261905864
11, 133.0, 1, 52, 0, 34.0, 6, 18.824403444028736
11, 134.0, 1, 54, 0, 43.0, 6, 19.6480384594797
11, 135.0, 1, 56, 1, 48.0, 6, 20.443803394802597
11, 136.0, 0, 55, 2, 53.0, 6, 20.82481996792528
11, 137.0, 0, 54, 1, 61.0, 6, 21.35979789116081
11, 138.0, 0, 56, 0, 71.0, 6, 21.312054263802924
11, 139.0, 1, 54, 2, 84.0, 5, 22.161902043953642
11, 140.0, 1, 54, 2, 98.0, 5, 22.38403387375824
11, 141.0, 0, 56, 1, 94.0, 6, 24.46066867980189
11, 142.0, 1, 57, 0, 107.0, 7, 24.589280694397598
11, 143.0, 0, 56, 2, 116.0, 7, 24.385598142385685
11, 144.0, 1, 56, 0, 130.0, 7, 25.15967481682459
11, 145.0, 0, 53, 4, 147.0, 5, 25.19614674284444
11, 146.0, 1, 54, 0, 162.0, 5, 25.199827883684996
11, 147.0, 1, 53, 2, 179.0, 5, 25.274479870088108
11, 148.0, 1, 52, 1, 187.0, 5, 25.12564784927929
11, 149.0, 1, 52, 1, 203.0, 4, 24.569206466813686
11, 150.0, 1, 53, 0, 195.0, 4, 26.269910105390643
11, 151.0, 0, 55, 1, 210.0, 6, 26.7271406179153
11, 152.0, 1, 53, 2, 228.0, 6, 26.51559525927683
11, 153.0, 1, 54, 0, 219.0, 6, 26.28497453228797
11, 154.0, 1, 54, 1, 162.0, 6, 25.97752157453638
11, 155.0, 1, 56, 0, 163.0, 6, 25.50882205899859
11, 156.0, 1, 56, 2, 177.0, 6, 26.130653051266105
11, 157.0, 1, 54, 2, 193.0, 6, 26.12164117423355
11, 158.0, 1, 56, 0, 210.0, 6, 25.704566592179198
11, 159.0, 1, 58, 0, 222.0, 6, 24.552256118638883
11, 160.0, 0, 57, 2, 213.0, 5, 23.978709496329476
11, 161.0, 0, 56, 1, 222.0, 5, 22.324004811986836
11, 162.0, 1, 56, 1, 234.0, 5, 22.15297583457826
11, 163.0, 1, 56, 1, 246.0, 5, 21.312034678384894
11, 164.0, 0, 58, 0, 149.0, 6, 20.534771987336754
11, 165.0, 1, 57, 1, 134.0, 7, 20.0721624693061
11, 166.0, 0, 58, 2, 139.0, 7, 16.960567482668036
11, 167.0, 1, 57, 1, 144.0, 8, 16.76586313702823
11, 168.0, 0, 59, 1, 150.0, 9, 16.689751265410028
11, 169.0, 1, 60, 0, 138.0, 10, 16.567095318683762
11, 170.0, 1, 59, 2, 109.0, 10, 16.53998372174183
11, 171.0, 0, 60, 2, 115.0, 10, 16.494196629947243
11, 172.0, 1, 61, 0, 119.0, 10, 16.869912578148053
11, 173.0, 1, 60, 4, 120.0, 10, 16.556520254199388
11, 174.0, 0, 63, 0, 125.0, 10, 16.726032829254443
11, 175.0, 1, 66, 1, 130.0, 10, 14.674548627764795
11, 176.0, 1, 64, 3, 95.0, 10, 13.612889573432925
11, 177.0, 0, 63, 1, 100.0, 10, 14.087137411000048
11, 178.0, 1, 63, 2, 103.0, 11, 13.215221551042724
11, 179.0, 0, 60, 3, 58.0, 10, 13.69681088867708
11, 180.0, 1, 59, 1, 61.0, 10, 14.245356808077968
11, 181.0, 1, 58, 2, 64.0, 10, 13.317902827323167
11, 182.0, 1, 58, 1, 69.0, 9, 12.724327931865188
11, 183.0, 1, 53, 5, 74.0, 7, 12.20212690384683
11, 184.0, 1, 51, 2, 82.0, 7, 12.563000416187913
11, 185.0, 0, 50, 2, 82.0, 7, 13.365978411630678
11, 186.0, 1, 54, 1, 23.0, 9, 13.59609109841123
11, 187.0, 1, 55, 1, 6.0, 8, 16.682594060074283
11, 188.0, 1, 54, 2, 6.0, 7, 18.755483051258093
11, 189.0, 1, 55, 0, 10.0, 7, 17.751593360655598
11, 190.0, 0, 55, 3, 0.0, 8, 16.43215293704403
11, 191.0, 1, 55, 2, 2.0, 8, 15.145171632760546
11, 192.0, 1, 53, 3, 6.0, 6, 15.43429244704895
11, 193.0, 1, 56, 1, 11.0, 6, 14.319977294001921
11, 194.0, 1, 54, 2, 16.0, 6, 14.085476209226295
11, 195.0, 0, 55, 1, 11.0, 6, 12.455817706336578
11, 196.0, 1, 54, 2, 9.0, 6, 11.585047016484314
11, 197.0, 0, 53, 1, 11.0, 6, 11.122315425760082
11, 198.0, 0, 54, 1, 14.0, 5, 12.13905291576876
11, 199.0, 1, 54, 1, 10.0, 5, 13.216371826357298
11, 200.0, 1, 52, 3, 2.0, 5, 13.993436561061111
11, 201.0, 1, 51, 1, 5.0, 4, 14.047104612615334
11, 202.0, 0, 48, 3, 8.0, 3, 13.124270716143378
11, 203.0, 1, 47, 1, 6.0, 4, 12.918745108232637
11, 204.0, 1, 46, 1, 3.0, 4, 12.201097107079912
11, 205.0, 1, 43, 3, 5.0, 3, 11.773114196956831
11, 206.0, 1, 43, 0, 8.0, 3, 12.963266689050696
11, 207.0, 0, 40, 3, 8.0, 2, 13.115838602396227
11, 208.0, 0, 39, 1, 12.0, 2, 13.977509715023126
11, 209.0, 0, 38, 1, 10.0, 2, 16.555451260864906
11, 210.0, 1, 37, 1, 16.0, 4, 18.54271465921369
11, 211.0, 1, 35, 2, 25.0, 5, 20.322969552136755
11, 212.0, 1, 34, 1, 34.0, 5, 19.743990033955647
11, 213.0, 0, 33, 1, 38.0, 5, 19.389060576403015
11, 214.0, 0, 32, 1, 46.0, 5, 18.759314190920062
11, 215.0, 0, 31, 1, 53.0, 4, 18.107752853861047
11, 216.0, 0, 29, 2, 63.0, 4, 17.15531389281848
11, 217.0, 0, 28, 1, 73.0, 4, 16.890998808928924
11, 218.0, 1, 27, 1, 80.0, 4, 15.84894322601691
11, 219.0, 1, 27, 0, 66.0, 4, 14.266924638869249
11, 220.0, 0, 27, 0, 40.0, 4, 13.265482642098926
11, 221.0, 1, 27, 0, 32.0, 4, 12.033417347882391
11, 222.0, 0, 26, 1, 23.0, 4, 10.751718254916332
11, 223.0, 0, 25, 1, 14.0, 4, 10.283575183637478
11, 224.0, 0, 25, 0, 6.0, 4, 9.639090037607613
11, 225.0, 1, 24, 1, 6.0, 4, 8.408710128976372
11, 226.0, 1, 22, 2, 7.0, 4, 7.09210427560485
11, 227.0, 1, 21, 1, 9.0, 4, 7.658970201639059
11, 228.0, 1, 19, 2, 12.0, 3, 6.97998465927359
11, 229.0, 1, 17, 2, 16.0, 3, 6.793933278589817
11, 230.0, 1, 17, 0, 20.0, 3, 6.609679143148284
11, 231.0, 0, 16, 1, 13.0, 3, 6.2553904538729554
11, 232.0, 0, 16, 0, 18.0, 3, 6.084795838212138
11, 233.0, 1, 16, 0, 16.0, 3, 5.515458207122524
11, 234.0, 1, 15, 1, 13.0, 3, 5.182349200108828
11, 235.0, 0, 13, 2, 9.0, 3, 4.4200273908835594
11, 236.0, 1, 13, 0, 5.0, 3, 4.214604165210982
11, 237.0, 1, 11, 2, 0.0, 3, 3.570318426428738
11, 238.0, 0, 11, 0, 0.0, 3, 3.377096160546996
11, 239.0, 0, 11, 0, 0.0, 3, 3.108491381919098
11, 240.0, 0, 11, 0, 0.0, 3, 3.336415207229763
11, 241.0, 1, 9, 2, 0.0, 2, 3.0931562045486345
11, 242.0, 1, 8, 1, 0.0, 2, 2.790765272501055
11, 243.0, 0, 7, 1, 0.0, 1, 2.780762193875212
11, 244.0, 1, 7, 0, 0.0, 1, 2.046538026402626
11, 245.0, 0, 7, 0, 0.0, 1, 1.6503799744648688
11, 246.0, 1, 7, 0, 0.0, 1, 1.684139002150399
11, 247.0, 0, 6, 1, 0.0, 1, 1.9304210610669976
11, 248.0, 0, 6, 0, 1.0, 1, 1.8822232589117363
11, 249.0, 1, 5, 1, 0.0, 1, 1.5699003058424807
11, 250.0, 0, 5, 0, 0.0, 1, 1.0995294278936711
11, 251.0, 1, 4, 1, 0.0, 1, 1.2033966340965279
11, 252.0, 0, 3, 1, 0.0, 1, 0.836728589594415
11, 253.0, 1, 3, 0, 0.0, 1, 0.799817956232495
11, 254.0, 0, 3, 0, 0.0, 1, 0.6914856470201087
11, 255.0, 0, 3, 0, 0.0, 1, 0.45217764297002105
11, 256.0, 1, 3, 0, 0.0, 1, 0.4193672051427626
11, 257.0, 1, 3, 0, 0.0, 1, 0.37038616966413684
11, 258.0, 0, 2, 1, 0.0, 1, 0.38280195526080263
11, 259.0, 1, 2, 0, 0.0, 1, 0.25847830868055155
11, 260.0, 0, 1, 1, 0.0, 1, 0.006066503582985661
11, 261.0, 0, 1, 0, 0.0, 1, 0.029484029603587203
11, 262.0, 0, 1, 0, 0.0, 1, 0.08312885899773903
11, 263.0, 1, 1, 0, 0.0, 1, 0.06096156771955208
11, 264.0, 0, 0, 1, 0, 0, 0
12, 1.0, 0, 2, 0, 0.0, 0, 0.0
12, 2.0, 1, 3, 0, 0.0, 0, 1.0814256854756554
12, 3.0, 1, 5, 0, 0.0, 0, 1.2559462905827157
12, 4.0, 0, 7, 0, 0.0, 0, 1.2603760180273869
12, 5.0, 0, 9, 0, 0.0, 0, 1.356365191048412
12, 6.0, 0, 9, 0, 0.0, 0, 1.287337457469642
12, 7.0, 0, 10, 0, 0.0, 0, 0.9556235514719723
12, 8.0, 0, 11, 0, 0.0, 0, 1.168230593310705
12, 9.0, 1, 12, 0, 0.0, 0, 1.3211245838572987
12, 10.0, 1, 15, 0, 0.0, 0, 1.87574121140802
12, 11.0, 1, 16, 0, 0.0, 0, 2.915579636707669
12, 12.0, 0, 18, 0, 0.0, 0, 2.9764979980126363
12, 13.0, 1, 18, 0, 0.0, 0, 2.7834950204377
12, 14.0, 0, 20, 0, 0.0, 0, 2.6837226798998093
12, 15.0, 0, 22, 0, 0.0, 0, 3.659093527505348
12, 16.0, 0, 23, 0, 1.0, 0, 4.857785788473866
12, 17.0, 1, 23, 0, 0.0, 0, 4.5903313720828125
12, 18.0, 1, 25, 0, 0.0, 0, 3.9470984767429904
12, 19.0, 1, 25, 0, 0.0, 0, 5.884746905099878
12, 20.0, 0, 27, 0, 2.0, 2, 6.762697107349988
12, 21.0, 1, 27, 0, 2.0, 3, 7.504389060874786
12, 22.0, 0, 28, 0, 2.0, 3, 6.0119030763297365
12, 23.0, 0, 30, 0, 4.0, 3, 8.12505636203343
12, 24.0, 1, 31, 0, 6.0, 4, 8.38635390894734
12, 25.0, 0, 33, 0, 9.0, 5, 8.595763291125168
12, 26.0, 1, 36, 0, 6.0, 6, 9.140701032939486
12, 27.0, 1, 38, 0, 1.0, 6, 9.126200697248553
12, 28.0, 0, 40, 0, 1.0, 7, 10.270614291120904
12, 29.0, 1, 41, 0, 0.0, 7, 9.094055487008884
12, 30.0, 1, 41, 0, 0.0, 7, 8.181374954194895
12, 31.0, 1, 46, 0, 0.0, 7, 7.28034443555705
12, 32.0, 0, 47, 1, 1.0, 7, 6.71514808636387
12, 33.0, 1, 45, 2, 3.0, 7, 7.163467600383874
12, 34.0, 1, 46, 0, 6.0, 7, 7.430116744208528
12, 35.0, 0, 46, 1, 4.0, 9, 8.683076668390877
12, 36.0, 0, 45, 2, 6.0, 10, 9.193295810325553
12, 37.0, 1, 45, 1, 5.0, 11, 9.671421330345067
12, 38.0, 1, 45, 1, 7.0, 10, 9.545916631180134
12, 39.0, 1, 47, 0, 9.0, 10, 10.062487332742764
12, 40.0, 0, 51, 0, 8.0, 10, 10.357005481238984
12, 41.0, 1, 50, 1, 9.0, 10, 11.666918742704
12, 42.0, 1, 50, 2, 11.0, 9, 10.85031249549865
12, 43.0, 0, 53, 0, 0.0, 10, 11.866523919891874
12, 44.0, 1, 55, 0, 1.0, 10, 11.566275464300015
12, 45.0, 0, 49, 6, 1.0, 9, 12.769549989651813
12, 46.0, 1, 48, 2, 0.0, 9, 10.955373932988982
12, 47.0, 0, 51, 1, 2.0, 10, 10.18391793556112
12, 48.0, 0, 51, 0, 5.0, 10, 12.926741550281445
12, 49.0, 0, 50, 1, 8.0, 9, 11.630152617797744
12, 50.0, 1, 52, 0, 0.0, 9, 9.817483831471414
12, 51.0, 1, 54, 1, 0.0, 8, 9.965864991052923
12, 52.0, 1, 55, 0, 1.0, 8, 11.171313043469194
12, 53.0, 0, 55, 1, 2.0, 8, 11.599554783266129
12, 54.0, 1, 54, 3, 4.0, 7, 12.049098451757912
12, 55.0, 0, 50, 4, 0.0, 8, 12.652531592209222
12, 56.0, 1, 50, 2, 0.0, 8, 12.645627450971576
12, 57.0, 0, 47, 4, 1.0, 8, 14.109636923912248
12, 58.0, 1, 46, 1, 3.0, 7, 12.681544523708107
12, 59.0, 0, 47, 0, 6.0, 7, 12.072251711981371
12, 60.0, 1, 46, 2, 8.0, 7, 13.338599526798475
12, 61.0, 1, 48, 0, 12.0, 7, 13.344115580089822
12, 62.0, 1, 48, 3, 18.0, 6, 14.640535546108813
12, 63.0, 1, 49, 0, 25.0, 6, 16.254936173210066
12, 64.0, 1, 51, 0, 32.0, 6, 16.33696658807027
12, 65.0, 1, 50, 1, 41.0, 6, 17.649936859400704
12, 66.0, 0, 51, 1, 32.0, 6, 17.335252515073595
12, 67.0, 0, 50, 1, 36.0, 6, 18.353911346836135
12, 68.0, 1, 51, 0, 44.0, 6, 18.596509904538628
12, 69.0, 0, 49, 2, 50.0, 7, 17.668465555629933
12, 70.0, 0, 47, 2, 58.0, 8, 19.326696077152214
12, 71.0, 0, 45, 3, 68.0, 8, 19.089673292909524
12, 72.0, 1, 44, 3, 74.0, 7, 19.138288400905175
12, 73.0, 1, 46, 0, 53.0, 7, 18.01602893210064
12, 74.0, 1, 45, 1, 58.0, 6, 19.642473910480877
12, 75.0, 1, 47, 1, 66.0, 6, 17.90726887235527
12, 76.0, 1, 50, 0, 72.0, 6, 18.520471189410237
12, 77.0, 1, 49, 2, 74.0, 6, 18.43027909606014
12, 78.0, 1, 49, 0, 81.0, 6, 16.82119797057905
12, 79.0, 0, 50, 0, 74.0, 6, 16.80001521765141
12, 80.0, 1, 50, 1, 79.0, 6, 16.002504141455844
12, 81.0, 1, 47, 4, 84.0, 5, 15.94045316654635
12, 82.0, 1, 50, 0, 91.0, 5, 15.785051795272732
12, 83.0, 0, 50, 1, 97.0, 5, 15.724356146977453
12, 84.0, 0, 48, 2, 105.0, 5, 15.906248394237684
12, 85.0, 1, 51, 0, 51.0, 5, 16.1889050979798
12, 86.0, 0, 51, 0, 56.0, 6, 17.680840214227537
12, 87.0, 1, 49, 2, 46.0, 6, 18.364400619313344
12, 88.0, 1, 51, 0, 51.0, 6, 18.51735542868461
12, 89.0, 1, 49, 2, 48.0, 6, 18.66948384744237
12, 90.0, 1, 49, 2, 51.0, 5, 18.633137129913234
12, 91.0, 1, 50, 1, 57.0, 4, 19.252495721408753
12, 92.0, 1, 51, 0, 63.0, 4, 19.23896290687023
12, 93.0, 1, 50, 2, 70.0, 4, 18.11232856477456
12, 94.0, 1, 51, 1, 77.0, 4, 17.92175916656756
12, 95.0, 1, 49, 2, 84.0, 4, 16.42951890531155
12, 96.0, 0, 50, 0, 38.0, 5, 15.04940592625032
12, 97.0, 0, 51, 0, 34.0, 5, 14.603116262877355
12, 98.0, 0, 52, 1, 36.0, 5, 15.247385504293389
12, 99.0, 1, 52, 3, 35.0, 5, 15.578367586804912
12, 100.0, 0, 53, 1, 37.0, 4, 14.45926255256817
12, 101.0, 1, 53, 1, 37.0, 4, 14.260760799511665
12, 102.0, 1, 53, 1, 38.0, 4, 13.325827939872713
12, 103.0, 1, 55, 2, 39.0, 4, 12.684097768515562
12, 104.0, 1, 55, 1, 40.0, 4, 14.106583798446286
12, 105.0, 0, 54, 2, 44.0, 6, 14.636620466542283
12, 106.0, 0, 55, 0, 48.0, 6, 14.915851709832532
12, 107.0, 1, 53, 2, 47.0, 6, 15.557552943600479
12, 108.0, 0, 52, 2, 46.0, 6, 14.693298975098196
12, 109.0, 1, 51, 1, 47.0, 7, 14.775667527480195
12, 110.0, 1, 52, 1, 50.0, 7, 14.619783958262849
12, 111.0, 0, 50, 2, 54.0, 7, 15.644718695313239
12, 112.0, 1, 47, 3, 56.0, 7, 16.530393735642885
12, 113.0, 0, 49, 0, 60.0, 7, 16.009159486111557
12, 114.0, 0, 50, 0, 60.0, 7, 17.649699529455596
12, 115.0, 1, 46, 5, 62.0, 7, 17.013610247774313
12, 116.0, 1, 49, 1, 66.0, 7, 16.904049720616452
12, 117.0, 1, 48, 2, 70.0, 7, 16.449704335938744
12, 118.0, 1, 49, 1, 75.0, 7, 16.133374477637965
12, 119.0, 1, 50, 0, 83.0, 7, 15.423503323570277
12, 120.0, 0, 50, 2, 79.0, 6, 14.68764446026848
12, 121.0, 1, 51, 2, 84.0, 4, 14.144180921377213
12, 122.0, 0, 54, 0, 87.0, 4, 15.185881562204832
12, 123.0, 1, 57, 0, 93.0, 5, 15.769376277860541
12, 124.0, 0, 56, 2, 97.0, 5, 16.42205153912084
12, 125.0, 0, 56, 1, 97.0, 5, 16.549320815631962
12, 126.0, 1, 53, 3, 99.0, 5, 16.653190583176418
12, 127.0, 1, 53, 1, 104.0, 4, 16.367099040159964
12, 128.0, 0, 53, 1, 111.0, 3, 17.459302227239874
12, 129.0, 1, 56, 0, 118.0, 5, 18.22761333968028
12, 130.0, 0, 55, 2, 122.0, 5, 18.86906567429651
12, 131.0, 0, 53, 3, 131.0, 6, 18.945480640405204
12, 132.0, 0, 52, 2, 127.0, 6, 19.709555814158705
12, 133.0, 0, 50, 2, 135.0, 6, 20.754816026367568
12, 134.0, 1, 52, 0, 126.0, 6, 21.586784699296928
12, 135.0, 1, 55, 0, 130.0, 6, 22.61131846491479
12, 136.0, 0, 55, 1, 137.0, 6, 23.419359641094882
12, 137.0, 0, 53, 2, 145.0, 5, 23.75651908598845
12, 138.0, 0, 55, 0, 153.0, 5, 24.93384878505024
12, 139.0, 1, 55, 0, 163.0, 5, 25.345158099960845
12, 140.0, 1, 56, 1, 174.0, 5, 24.787400265979535
12, 141.0, 0, 57, 2, 185.0, 4, 26.5489058476444
12, 142.0, 0, 58, 0, 187.0, 4, 28.480591820031677
12, 143.0, 1, 57, 2, 199.0, 4, 28.48082744300381
12, 144.0, 1, 56, 1, 212.0, 4, 28.701652306283542
12, 145.0, 1, 54, 3, 227.0, 3, 27.803081289281145
12, 146.0, 1, 55, 0, 245.0, 3, 27.611310449217942
12, 147.0, 1, 56, 0, 261.0, 3, 27.900313101093246
12, 148.0, 0, 55, 1, 255.0, 3, 28.025081092069343
12, 149.0, 1, 56, 0, 271.0, 3, 27.936632493131437
12, 150.0, 1, 55, 2, 291.0, 3, 28.189303874590067
12, 151.0, 1, 57, 1, 289.0, 2, 28.181743127364125
12, 152.0, 1, 56, 1, 305.0, 2, 27.39142032165555
12, 153.0, 1, 57, 0, 313.0, 2, 27.187713434148485
12, 154.0, 0, 57, 1, 318.0, 3, 27.120375465176185
12, 155.0, 1, 58, 1, 332.0, 3, 26.682318749923166
12, 156.0, 1, 57, 3, 350.0, 2, 28.35897958686092
12, 157.0, 0, 57, 0, 364.0, 2, 28.623586369930944
12, 158.0, 1, 59, 0, 384.0, 2, 29.178904079019436
12, 159.0, 1, 60, 1, 405.0, 2, 28.788867942253507
12, 160.0, 0, 61, 0, 423.0, 2, 28.16590590935386
12, 161.0, 1, 59, 2, 438.0, 2, 27.72270162447138
12, 162.0, 0, 59, 1, 439.0, 2, 27.967088889296626
12, 163.0, 1, 57, 3, 457.0, 2, 26.154105486784836
12, 164.0, 0, 58, 1, 465.0, 1, 26.09612791447727
12, 165.0, 1, 57, 1, 477.0, 1, 27.394219561338705
12, 166.0, 1, 60, 0, 462.0, 1, 26.361376204933542
12, 167.0, 1, 59, 1, 448.0, 1, 25.952677765291618
12, 168.0, 0, 60, 2, 463.0, 1, 25.027749037767368
12, 169.0, 1, 60, 1, 478.0, 2, 24.756465528175504
12, 170.0, 0, 60, 1, 434.0, 2, 24.060321847839496
12, 171.0, 1, 62, 1, 449.0, 2, 23.45622786318783
12, 172.0, 1, 63, 0, 464.0, 2, 24.828837580507077
12, 173.0, 0, 64, 2, 464.0, 2, 25.019454353809166
12, 174.0, 1, 66, 1, 278.0, 2, 23.713233229200934
12, 175.0, 1, 69, 1, 223.0, 2, 22.281385631118145
12, 176.0, 0, 69, 1, 67.0, 2, 21.41011167427463
12, 177.0, 1, 68, 1, 21.0, 2, 19.888055687742916
12, 178.0, 1, 69, 1, 23.0, 2, 17.623084974846687
12, 179.0, 0, 67, 2, 2.0, 2, 17.941900367757103
12, 180.0, 0, 66, 1, 6.0, 2, 18.056725294573525
12, 181.0, 1, 65, 2, 5.0, 2, 17.732014753641156
12, 182.0, 1, 64, 2, 9.0, 2, 16.71243304694361
12, 183.0, 0, 62, 2, 15.0, 3, 16.458471567467434
12, 184.0, 0, 61, 1, 24.0, 3, 17.96078061070252
12, 185.0, 0, 59, 3, 34.0, 2, 18.656767057931965
12, 186.0, 1, 64, 0, 42.0, 3, 19.735058913315868
12, 187.0, 1, 63, 3, 41.0, 3, 22.608481712332026
12, 188.0, 1, 63, 1, 52.0, 3, 25.62290840052074
12, 189.0, 1, 62, 2, 64.0, 3, 24.98913790709863
12, 190.0, 1, 61, 4, 79.0, 2, 24.057677141385543
12, 191.0, 1, 61, 2, 96.0, 2, 26.797119850773697
12, 192.0, 1, 61, 1, 88.0, 2, 25.93161923887194
12, 193.0, 0, 63, 2, 58.0, 2, 23.62840357646148
12, 194.0, 1, 63, 0, 65.0, 2, 21.93517104800013
12, 195.0, 1, 59, 6, 50.0, 2, 19.667598082353862
12, 196.0, 0, 60, 0, 55.0, 2, 18.77102976045703
12, 197.0, 1, 59, 1, 51.0, 2, 16.63267336306539
12, 198.0, 1, 58, 3, 57.0, 2, 14.878133536156623
12, 199.0, 0, 57, 2, 46.0, 1, 14.656575803444806
12, 200.0, 1, 57, 1, 29.0, 1, 13.789539003884347
12, 201.0, 1, 57, 0, 32.0, 1, 13.521763659174214
12, 202.0, 1, 56, 1, 36.0, 1, 13.815029996071647
12, 203.0, 1, 54, 2, 41.0, 1, 13.682640892168
12, 204.0, 0, 54, 0, 17.0, 1, 12.356818078436351
12, 205.0, 1, 54, 0, 13.0, 1, 13.315576986967024
12, 206.0, 0, 53, 1, 16.0, 3, 13.640387923681685
12, 207.0, 0, 51, 2, 20.0, 3, 14.43386143786063
12, 208.0, 1, 49, 2, 24.0, 3, 14.781445498653795
12, 209.0, 1, 44, 5, 14.0, 2, 15.6736380627542
12, 210.0, 1, 39, 5, 9.0, 2, 16.319583138709916
12, 211.0, 1, 36, 3, 12.0, 2, 16.15723759466838
12, 212.0, 0, 36, 0, 14.0, 2, 15.402165608192156
12, 213.0, 0, 35, 1, 17.0, 2, 15.31279412097475
12, 214.0, 0, 35, 0, 20.0, 2, 14.940476307773142
12, 215.0, 0, 34, 1, 24.0, 2, 14.597593733191108
12, 216.0, 0, 32, 2, 30.0, 2, 14.16969257372038
12, 217.0, 0, 30, 2, 34.0, 2, 13.354298952840736
12, 218.0, 0, 29, 1, 42.0, 2, 12.816103994962795
12, 219.0, 0, 26, 3, 38.0, 2, 11.748164888257769
12, 220.0, 0, 26, 0, 45.0, 2, 11.145239269520593
12, 221.0, 0, 26, 0, 35.0, 2, 10.565102830659654
12, 222.0, 1, 25, 1, 17.0, 2, 9.316589764293504
12, 223.0, 0, 25, 0, 1.0, 2, 7.7477424254925475
12, 224.0, 0, 23, 2, 3.0, 2, 7.349308505406279
12, 225.0, 0, 19, 4, 6.0, 1, 6.4022349676973995
12, 226.0, 1, 19, 0, 5.0, 1, 4.93430291839391
12, 227.0, 1, 17, 2, 5.0, 1, 4.63933411794873
12, 228.0, 1, 16, 1, 7.0, 1, 4.003176930580598
12, 229.0, 0, 16, 0, 10.0, 1, 3.9339284167153883
12, 230.0, 1, 15, 1, 2.0, 1, 3.1894773659406983
12, 231.0, 1, 15, 0, 0.0, 1, 2.4881660273933193
12, 232.0, 0, 13, 2, 0.0, 0, 2.1005758357552953
12, 233.0, 1, 13, 0, 0.0, 0, 1.346891657334739
12, 234.0, 0, 11, 2, 0.0, 0, 1.309195149181459
12, 235.0, 0, 11, 0, 0.0, 0, 1.6731258589133464
12, 236.0, 0, 11, 0, 0.0, 0, 0.9389187364951255
12, 237.0, 1, 11, 0, 0.0, 0, 0.8180604292179545
12, 238.0, 0, 10, 1, 0.0, 0, 0.6579587268843401
12, 239.0, 0, 9, 1, 0.0, 0, 0.6342352319679918
12, 240.0, 0, 8, 1, 0.0, 0, 0.7815814769782943
12, 241.0, 0, 7, 1, 0.0, 0, 0.5535246361387678
12, 242.0, 1, 6, 1, 0.0, 0, 0.5961054981145679
12, 243.0, 0, 4, 2, 0.0, 0, 0.42706526426166747
12, 244.0, 0, 4, 0, 0.0, 0, 0.3283127770843812
12, 245.0, 0, 4, 0, 0.0, 0, 0.47412903457891176
12, 246.0, 1, 2, 2, 0.0, 0, 0.38453279670765284
12, 247.0, 0, 2, 0, 0.0, 0, 0.22110998355364586
12, 248.0, 1, 1, 1, 0.0, 0, 0.08636319752566024
12, 249.0, 0, 1, 0, 0.0, 0, 0.07007852841475781
12, 250.0, 0, 1, 0, 0.0, 0, 0.06350512019874088
12, 251.0, 1, 0, 1, 0, 0, 0
13, 1.0, 1, 2, 0, 0.0, 0, 0.0
13, 2.0, 0, 3, 0, 0.0, 0, 1.0814256854756554
13, 3.0, 0, 5, 0, 0.0, 0, 1.2317430816274335
13, 4.0, 1, 7, 0, 0.0, 0, 1.2562929516962287
13, 5.0, 0, 9, 0, 0.0, 0, 1.3267641311373821
13, 6.0, 0, 9, 0, 0.0, 0, 1.1958048679358226
13, 7.0, 1, 10, 0, 0.0, 0, 0.8231502954305336
13, 8.0, 0, 11, 0, 0.0, 0, 1.0949618552544191
13, 9.0, 1, 12, 0, 0.0, 0, 1.613748799613663
13, 10.0, 0, 15, 0, 0.0, 0, 2.175601847651483
13, 11.0, 0, 16, 0, 0.0, 0, 2.8687765704270403
13, 12.0, 0, 18, 0, 0.0, 0, 3.134312326158325
13, 13.0, 1, 18, 0, 0.0, 0, 2.6720111851985804
13, 14.0, 1, 20, 0, 0.0, 0, 2.4055458251470263
13, 15.0, 0, 22, 0, 0.0, 2, 3.970433115983153
13, 16.0, 0, 23, 0, 1.0, 2, 4.98493653466188
13, 17.0, 0, 23, 0, 3.0, 2, 4.867684512202949
13, 18.0, 0, 25, 0, 6.0, 2, 5.0035549563844475
13, 19.0, 0, 25, 0, 9.0, 2, 6.724238748202808
13, 20.0, 0, 27, 0, 12.0, 2, 7.112722303853994
13, 21.0, 1, 27, 0, 1.0, 3, 7.457143973854883
13, 22.0, 1, 28, 0, 0.0, 3, 6.914087712681669
13, 23.0, 1, 30, 0, 1.0, 3, 7.414114950243456
13, 24.0, 0, 31, 0, 0.0, 4, 7.610776817662192
13, 25.0, 0, 33, 0, 0.0, 4, 7.835434904772878
13, 26.0, 1, 36, 0, 0.0, 5, 7.7828346775504915
13, 27.0, 1, 38, 0, 1.0, 5, 7.605789178569926
13, 28.0, 1, 40, 0, 2.0, 5, 8.15083604085109
13, 29.0, 1, 41, 0, 3.0, 5, 7.814436886977808
13, 30.0, 1, 41, 0, 4.0, 5, 7.076644615158034
13, 31.0, 1, 46, 0, 5.0, 5, 6.477795738332901
13, 32.0, 0, 48, 0, 0.0, 5, 6.7619981745487765
13, 33.0, 1, 45, 3, 0.0, 5, 6.685906286159316
13, 34.0, 0, 46, 0, 0.0, 6, 6.087678345409183
13, 35.0, 1, 46, 1, 0.0, 6, 5.017667701732949
13, 36.0, 1, 47, 0, 0.0, 6, 5.5438383445377495
13, 37.0, 1, 45, 3, 0.0, 5, 6.316910803697964
13, 38.0, 1, 46, 0, 0.0, 5, 8.003896345624568
13, 39.0, 1, 46, 2, 1.0, 4, 8.547463345831439
13, 40.0, 0, 49, 1, 1.0, 3, 9.078798241008887
13, 41.0, 0, 48, 1, 0.0, 3, 10.472415016956704
13, 42.0, 1, 50, 0, 1.0, 4, 10.947200148549221
13, 43.0, 1, 52, 1, 3.0, 4, 10.394255550741049
13, 44.0, 0, 48, 5, 2.0, 3, 11.596047459959722
13, 45.0, 0, 48, 1, 0.0, 3, 11.610774330267041
13, 46.0, 0, 47, 2, 2.0, 3, 13.122253403287846
13, 47.0, 1, 49, 1, 2.0, 3, 12.821825504278003
13, 48.0, 1, 49, 1, 2.0, 3, 12.88255883209525
13, 49.0, 0, 48, 1, 6.0, 3, 12.841124988225332
13, 50.0, 1, 49, 1, 9.0, 3, 12.36535092895643
13, 51.0, 1, 52, 0, 6.0, 3, 13.463871543143357
13, 52.0, 1, 52, 1, 9.0, 3, 14.422890932069773
13, 53.0, 0, 50, 3, 9.0, 1, 14.704709025399103
13, 54.0, 0, 51, 1, 12.0, 1, 15.570689665398064
13, 55.0, 1, 48, 3, 8.0, 1, 15.941341459057078
13, 56.0, 0, 49, 1, 5.0, 1, 14.948609535260195
13, 57.0, 0, 49, 1, 9.0, 1, 15.225213565014386
13, 58.0, 0, 49, 0, 14.0, 1, 16.837332477496084
13, 59.0, 0, 48, 2, 20.0, 1, 17.728765009017287
13, 60.0, 1, 48, 1, 18.0, 2, 18.353743448863796
13, 61.0, 0, 50, 0, 18.0, 3, 18.639951982827217
13, 62.0, 1, 52, 1, 23.0, 3, 20.204460152204604
13, 63.0, 1, 52, 1, 33.0, 3, 21.785556157902608
13, 64.0, 1, 53, 1, 41.0, 3, 21.9234004044527
13, 65.0, 1, 51, 2, 41.0, 2, 23.211450038009648
13, 66.0, 0, 51, 2, 51.0, 2, 22.706276119433845
13, 67.0, 1, 51, 0, 62.0, 2, 21.1555157087031
13, 68.0, 1, 51, 1, 74.0, 2, 21.995645008062052
13, 69.0, 0, 49, 2, 80.0, 4, 22.203705337908662
13, 70.0, 1, 49, 0, 91.0, 4, 21.045424079265015
13, 71.0, 1, 49, 1, 54.0, 4, 19.904700799421462
13, 72.0, 1, 50, 1, 56.0, 4, 19.658662983519722
13, 73.0, 1, 52, 0, 55.0, 4, 19.634623867889033
13, 74.0, 1, 51, 1, 64.0, 4, 19.499406634469256
13, 75.0, 0, 55, 0, 58.0, 5, 18.978546885999812
13, 76.0, 1, 55, 2, 65.0, 6, 18.452054701058348
13, 77.0, 1, 54, 2, 73.0, 6, 19.12090071218711
13, 78.0, 1, 54, 0, 56.0, 6, 16.789560150661472
13, 79.0, 1, 54, 1, 48.0, 6, 14.691252758561902
13, 80.0, 0, 54, 1, 20.0, 6, 14.574929391819955
13, 81.0, 0, 54, 1, 22.0, 6, 14.378407163562585
13, 82.0, 1, 56, 1, 26.0, 6, 15.581204555161497
13, 83.0, 1, 57, 0, 30.0, 6, 15.855845608583968
13, 84.0, 0, 55, 2, 33.0, 6, 15.3503718623165
13, 85.0, 1, 56, 2, 37.0, 7, 14.561562469306194
13, 86.0, 1, 55, 1, 40.0, 7, 15.999005115639052
13, 87.0, 0, 55, 0, 7.0, 7, 15.703185683744143
13, 88.0, 1, 53, 4, 4.0, 6, 15.045682186840875
13, 89.0, 1, 50, 3, 9.0, 6, 14.816068106998074
13, 90.0, 1, 50, 2, 12.0, 5, 14.946073334360424
13, 91.0, 0, 50, 2, 18.0, 4, 15.587491488740596
13, 92.0, 1, 49, 2, 25.0, 4, 15.456571026860338
13, 93.0, 0, 48, 2, 29.0, 5, 16.813492708092358
13, 94.0, 1, 49, 1, 36.0, 6, 16.710189510480916
13, 95.0, 0, 49, 0, 37.0, 6, 18.03879795821515
13, 96.0, 1, 49, 1, 42.0, 6, 18.173043270220745
13, 97.0, 1, 48, 2, 51.0, 6, 17.27427016203275
13, 98.0, 1, 49, 1, 60.0, 6, 18.52231570562284
13, 99.0, 1, 53, 0, 62.0, 6, 18.81706224504878
13, 100.0, 0, 54, 0, 64.0, 6, 17.720354064107877
13, 101.0, 0, 51, 4, 69.0, 6, 16.1449683761523
13, 102.0, 1, 51, 1, 52.0, 5, 14.971691240202718
13, 103.0, 0, 54, 1, 42.0, 5, 13.873564792156742
13, 104.0, 0, 54, 1, 45.0, 5, 15.319837614166559
13, 105.0, 1, 52, 2, 26.0, 3, 14.249184571160228
13, 106.0, 1, 53, 1, 12.0, 3, 14.226975151850768
13, 107.0, 1, 51, 2, 3.0, 3, 14.366315708862771
13, 108.0, 1, 50, 2, 5.0, 3, 13.17504601301467
13, 109.0, 0, 49, 1, 5.0, 3, 13.907450128815464
13, 110.0, 1, 51, 0, 6.0, 4, 14.090921599915742
13, 111.0, 1, 50, 1, 5.0, 4, 15.297674991213901
13, 112.0, 1, 48, 2, 3.0, 4, 15.19837833969308
13, 113.0, 0, 49, 1, 6.0, 5, 15.075105372177877
13, 114.0, 1, 49, 1, 10.0, 5, 15.318125178757168
13, 115.0, 1, 50, 0, 8.0, 5, 15.33479744771716
13, 116.0, 0, 53, 1, 9.0, 6, 16.23940906397406
13, 117.0, 0, 52, 2, 10.0, 6, 18.06534468993354
13, 118.0, 1, 51, 3, 11.0, 5, 16.813159522504918
13, 119.0, 1, 50, 2, 15.0, 5, 16.730941691259822
13, 120.0, 0, 50, 2, 22.0, 5, 16.27843513337755
13, 121.0, 1, 50, 3, 25.0, 4, 15.752063244375831
13, 122.0, 0, 53, 0, 31.0, 4, 16.515134365188512
13, 123.0, 1, 55, 1, 18.0, 5, 15.65161783354515
13, 124.0, 1, 55, 1, 24.0, 5, 15.54816752260557
13, 125.0, 1, 54, 2, 24.0, 5, 15.570732852565905
13, 126.0, 0, 52, 2, 27.0, 7, 16.64785955895873
13, 127.0, 1, 52, 1, 30.0, 8, 15.716148084464033
13, 128.0, 0, 51, 2, 35.0, 8, 15.916580312968534
13, 129.0, 1, 53, 1, 28.0, 7, 16.410140215249744
13, 130.0, 1, 53, 1, 34.0, 7, 17.839906012775135
13, 131.0, 1, 53, 1, 37.0, 6, 16.771712785654504
13, 132.0, 1, 53, 1, 45.0, 6, 18.323270093909294
13, 133.0, 1, 53, 0, 53.0, 6, 18.13016131987583
13, 134.0, 1, 55, 0, 61.0, 6, 20.311635996075807
13, 135.0, 1, 56, 2, 54.0, 6, 22.523645561956737
13, 136.0, 1, 56, 1, 44.0, 6, 23.262515230239735
13, 137.0, 0, 56, 0, 46.0, 7, 22.373531538447715
13, 138.0, 0, 55, 2, 39.0, 7, 20.82337154282523
13, 139.0, 1, 55, 1, 46.0, 7, 20.316984672844605
13, 140.0, 1, 55, 2, 55.0, 6, 19.600089016624786
13, 141.0, 0, 56, 2, 59.0, 6, 18.806174832203155
13, 142.0, 1, 56, 1, 50.0, 5, 18.925729322233078
13, 143.0, 0, 56, 1, 58.0, 5, 19.79853755936419
13, 144.0, 1, 55, 1, 66.0, 6, 20.927739227589004
13, 145.0, 1, 56, 0, 71.0, 6, 19.607848201868425
13, 146.0, 1, 54, 3, 55.0, 6, 19.064655712854417
13, 147.0, 1, 55, 0, 61.0, 6, 17.88180135264909
13, 148.0, 1, 53, 2, 65.0, 6, 17.114563304137256
13, 149.0, 0, 53, 1, 13.0, 6, 15.921272880280593
13, 150.0, 1, 52, 2, 15.0, 7, 15.04566531667688
13, 151.0, 1, 54, 1, 18.0, 6, 15.253437409806926
13, 152.0, 0, 52, 2, 21.0, 7, 15.342923311778367
13, 153.0, 0, 53, 0, 28.0, 7, 15.695408390632492
13, 154.0, 1, 52, 2, 37.0, 7, 16.672728625819026
13, 155.0, 0, 51, 3, 44.0, 6, 16.822541668057163
13, 156.0, 0, 51, 2, 56.0, 6, 17.143784927832883
13, 157.0, 1, 50, 1, 54.0, 6, 17.062071766949828
13, 158.0, 0, 51, 1, 53.0, 6, 15.865261483966943
13, 159.0, 0, 52, 1, 38.0, 6, 17.158500460465103
13, 160.0, 0, 52, 1, 41.0, 6, 16.23258087878573
13, 161.0, 0, 51, 1, 49.0, 6, 15.986601664508632
13, 162.0, 0, 49, 3, 50.0, 5, 15.808092387948061
13, 163.0, 1, 49, 1, 29.0, 6, 16.03188817983938
13, 164.0, 1, 51, 0, 12.0, 6, 14.998497610072516
13, 165.0, 0, 47, 4, 8.0, 6, 13.977185794532732
13, 166.0, 0, 49, 1, 7.0, 6, 12.659632563691769
13, 167.0, 1, 48, 1, 10.0, 7, 13.179976476130442
13, 168.0, 1, 50, 1, 11.0, 7, 12.384900080022673
13, 169.0, 0, 49, 2, 13.0, 9, 13.358117817687797
13, 170.0, 1, 49, 1, 17.0, 9, 11.864918293277201
13, 171.0, 0, 50, 1, 11.0, 9, 13.465375538030525
13, 172.0, 1, 51, 1, 10.0, 8, 13.89318442472589
13, 173.0, 1, 52, 2, 7.0, 8, 13.395605683378909
13, 174.0, 0, 54, 1, 10.0, 8, 14.954063310933273
13, 175.0, 1, 56, 2, 14.0, 8, 14.694564073340057
13, 176.0, 0, 55, 2, 18.0, 9, 16.554732797676422
13, 177.0, 1, 53, 2, 23.0, 9, 15.773946716485689
13, 178.0, 1, 53, 2, 27.0, 9, 14.438285057546768
13, 179.0, 0, 53, 0, 32.0, 9, 14.627041884427005
13, 180.0, 1, 52, 1, 38.0, 10, 15.9731173317144
13, 181.0, 0, 51, 2, 45.0, 10, 16.558830777088414
13, 182.0, 0, 52, 0, 35.0, 10, 17.55396961334679
13, 183.0, 1, 51, 1, 40.0, 10, 18.562288498544284
13, 184.0, 1, 49, 2, 44.0, 10, 18.278094289764727
13, 185.0, 1, 50, 1, 43.0, 10, 17.992332620762934
13, 186.0, 0, 52, 2, 49.0, 11, 19.277372292139585
13, 187.0, 1, 54, 0, 54.0, 11, 21.264699313057925
13, 188.0, 1, 52, 3, 62.0, 10, 23.44388593857225
13, 189.0, 0, 54, 0, 73.0, 12, 23.400361277850966
13, 190.0, 1, 55, 1, 79.0, 13, 24.519871088404763
13, 191.0, 1, 56, 1, 91.0, 12, 24.58408686010183
13, 192.0, 0, 56, 2, 103.0, 12, 23.627714228266804
13, 193.0, 1, 59, 0, 119.0, 12, 23.593138235954328
13, 194.0, 0, 57, 2, 93.0, 12, 23.321537611463704
13, 195.0, 1, 58, 1, 107.0, 12, 22.090232381978204
13, 196.0, 1, 59, 0, 106.0, 12, 21.520142162735794
13, 197.0, 0, 57, 2, 109.0, 11, 22.072535146063377
13, 198.0, 0, 56, 2, 110.0, 10, 21.778761249922795
13, 199.0, 0, 58, 0, 120.0, 10, 21.673021442671793
13, 200.0, 1, 57, 2, 118.0, 11, 22.194985974530706
13, 201.0, 1, 56, 1, 130.0, 11, 22.63666634561479
13, 202.0, 0, 55, 1, 124.0, 11, 23.149354409085166
13, 203.0, 1, 55, 0, 121.0, 11, 22.6625176584557
13, 204.0, 1, 53, 2, 119.0, 11, 21.655410453570457
13, 205.0, 0, 53, 0, 121.0, 11, 22.441176353857248
13, 206.0, 1, 51, 2, 128.0, 11, 21.882874518503204
13, 207.0, 0, 50, 1, 112.0, 11, 21.223237054617304
13, 208.0, 1, 49, 1, 120.0, 11, 22.709209782874257
13, 209.0, 1, 48, 1, 131.0, 11, 21.353127170585548
13, 210.0, 1, 48, 0, 143.0, 11, 22.027069653430683
13, 211.0, 1, 48, 0, 155.0, 11, 21.661953585757836
13, 212.0, 1, 46, 2, 169.0, 10, 21.66818490966231
13, 213.0, 0, 45, 1, 161.0, 9, 21.45716084266175
13, 214.0, 0, 42, 3, 173.0, 8, 21.507768559280898
13, 215.0, 1, 40, 2, 178.0, 6, 20.250627802624148
13, 216.0, 1, 39, 1, 186.0, 6, 18.549782359401433
13, 217.0, 1, 37, 2, 197.0, 5, 18.55543791354801
13, 218.0, 0, 37, 0, 182.0, 5, 17.924828176913294
13, 219.0, 0, 37, 0, 192.0, 5, 16.398345443375373
13, 220.0, 1, 36, 1, 195.0, 5, 14.955653626847088
13, 221.0, 1, 34, 2, 204.0, 5, 13.852422959147594
13, 222.0, 0, 31, 3, 213.0, 5, 13.190125342565024
13, 223.0, 0, 29, 2, 222.0, 5, 12.123492303907405
13, 224.0, 1, 27, 2, 179.0, 4, 10.882189100261535
13, 225.0, 0, 26, 1, 168.0, 4, 10.35327289678712
13, 226.0, 0, 26, 0, 174.0, 4, 9.855330597605011
13, 227.0, 0, 22, 4, 180.0, 3, 9.336503350678974
13, 228.0, 1, 22, 0, 186.0, 3, 8.472108835227784
13, 229.0, 1, 20, 2, 192.0, 2, 7.8960801070160755
13, 230.0, 0, 20, 0, 160.0, 2, 7.257777874106035
13, 231.0, 0, 18, 2, 36.0, 2, 6.158337511443408
13, 232.0, 1, 18, 0, 25.0, 2, 5.022003946374609
13, 233.0, 1, 17, 1, 26.0, 2, 4.060440923845469
13, 234.0, 0, 16, 1, 0.0, 2, 3.272186677705191
13, 235.0, 1, 14, 2, 0.0, 2, 2.4047802341912536
13, 236.0, 1, 12, 2, 0.0, 2, 1.6594825218882363
13, 237.0, 1, 12, 0, 0.0, 2, 1.071713719220826
13, 238.0, 0, 12, 0, 0.0, 2, 0.7661213584586886
13, 239.0, 0, 12, 0, 0.0, 2, 0.7073572630516249
13, 240.0, 0, 12, 0, 0.0, 2, 0.5528359882624656
13, 241.0, 0, 11, 1, 0.0, 2, 0.4665578556205503
13, 242.0, 0, 11, 0, 0.0, 2, 0.4821011263009787
13, 243.0, 0, 10, 1, 0.0, 2, 0.5504177623989062
13, 244.0, 0, 8, 2, 0.0, 2, 0.42301989509602933
13, 245.0, 0, 8, 0, 0.0, 2, 0.4626921467379006
13, 246.0, 1, 8, 0, 0.0, 2, 0.3095142031198961
13, 247.0, 0, 6, 2, 0.0, 1, 0.4164262000200729
13, 248.0, 0, 4, 2, 0.0, 1, 0.24518271460462415
13, 249.0, 1, 1, 3, 0.0, 0, 0.004255873811885635
13, 250.0, 0, 1, 0, 0.0, 0, 0.07195727088351589
13, 251.0, 0, 1, 0, 0.0, 0, 0.04773703480532987
13, 252.0, 0, 1, 0, 0.0, 0, 0.05194105695942142
13, 253.0, 1, 1, 0, 0.0, 0, 0.06514642161650386
13, 254.0, 1, 1, 0, 0.0, 0, 0.02629737780229391
13, 255.0, 0, 0, 1, 0, 0, 0
14, 1.0, 1, 2, 0, 0.0, 0, 0.0
14, 2.0, 0, 3, 0, 0.0, 0, 1.0814256854756554
14, 3.0, 0, 5, 0, 0.0, 0, 1.2317430816274335
14, 4.0, 0, 7, 0, 0.0, 0, 1.2562929516962287
14, 5.0, 0, 9, 0, 0.0, 0, 1.3267641311373821
14, 6.0, 1, 9, 0, 0.0, 0, 1.2111458088704232
14, 7.0, 0, 10, 0, 0.0, 0, 0.8241869857907528
14, 8.0, 0, 11, 0, 0.0, 0, 1.1261125852745222
14, 9.0, 0, 12, 0, 0.0, 0, 1.687215381166026
14, 10.0, 0, 15, 0, 0.0, 0, 1.9984311271370045
14, 11.0, 0, 16, 0, 0.0, 0, 3.051668518032976
14, 12.0, 1, 18, 0, 0.0, 0, 3.048556184511278
14, 13.0, 1, 18, 0, 0.0, 0, 2.6790888447580423
14, 14.0, 0, 20, 0, 0.0, 0, 2.4388599010551557
14, 15.0, 1, 22, 0, 0.0, 1, 3.2320273463734153
14, 16.0, 0, 23, 0, 0.0, 1, 4.354353380915284
14, 17.0, 1, 23, 0, 0.0, 1, 5.3106867405065215
14, 18.0, 1, 25, 0, 1.0, 1, 4.507700772746919
14, 19.0, 0, 25, 0, 0.0, 1, 5.548170679443032
14, 20.0, 0, 27, 0, 0.0, 1, 5.87388433340794
14, 21.0, 0, 27, 0, 1.0, 1, 7.5378409697625495
14, 22.0, 0, 28, 0, 3.0, 1, 7.034389126682847
14, 23.0, 1, 30, 0, 0.0, 2, 7.023761570917647
14, 24.0, 0, 31, 0, 0.0, 4, 7.1015330760635145
14, 25.0, 1, 33, 0, 0.0, 5, 7.78718542942517
14, 26.0, 0, 36, 0, 2.0, 5, 9.030129605152558
14, 27.0, 1, 38, 0, 4.0, 5, 9.553210120799882
14, 28.0, 0, 40, 0, 1.0, 7, 10.5860297477991
14, 29.0, 1, 41, 0, 2.0, 7, 9.892787217750936
14, 30.0, 0, 41, 0, 4.0, 9, 10.748917465570221
14, 31.0, 0, 45, 1, 7.0, 9, 9.025317527625118
14, 32.0, 1, 46, 1, 0.0, 9, 9.37138477936469
14, 33.0, 1, 45, 1, 0.0, 9, 9.588758349915398
14, 34.0, 0, 46, 0, 0.0, 9, 8.965182843687135
14, 35.0, 0, 45, 2, 1.0, 9, 9.502175963890256
14, 36.0, 0, 45, 1, 3.0, 8, 10.114778666430752
14, 37.0, 1, 46, 0, 3.0, 9, 9.553629059862878
14, 38.0, 1, 47, 0, 6.0, 9, 9.940300115210505
14, 39.0, 1, 47, 2, 7.0, 8, 10.76103454652129
14, 40.0, 1, 49, 2, 9.0, 8, 11.77314591242286
14, 41.0, 1, 49, 0, 12.0, 8, 12.872136112898085
14, 42.0, 1, 50, 1, 16.0, 7, 12.438043721440268
14, 43.0, 0, 53, 0, 4.0, 10, 13.70373153592399
14, 44.0, 0, 53, 2, 3.0, 9, 13.654828793524672
14, 45.0, 0, 53, 0, 6.0, 9, 14.903166010064222
14, 46.0, 0, 50, 4, 10.0, 8, 13.08240113357069
14, 47.0, 1, 53, 1, 0.0, 7, 12.4338311284174
14, 48.0, 1, 52, 1, 1.0, 7, 14.222980882475142
14, 49.0, 1, 51, 1, 1.0, 6, 13.756324821644265
14, 50.0, 1, 52, 1, 2.0, 6, 14.061138345947036
14, 51.0, 1, 54, 1, 6.0, 6, 13.857722606093073
14, 52.0, 0, 55, 0, 7.0, 7, 14.500914661466403
14, 53.0, 1, 56, 0, 10.0, 7, 14.075874718075625
14, 54.0, 1, 57, 1, 14.0, 7, 14.820228217231387
14, 55.0, 1, 53, 4, 21.0, 6, 15.44916380970092
14, 56.0, 1, 53, 2, 28.0, 6, 14.849688447141206
14, 57.0, 1, 54, 0, 22.0, 6, 15.84774465822897
14, 58.0, 1, 50, 4, 23.0, 6, 14.878249892271304
14, 59.0, 0, 50, 1, 13.0, 6, 13.195837447677855
14, 60.0, 1, 50, 1, 11.0, 7, 13.012782093202738
14, 61.0, 1, 50, 2, 10.0, 6, 14.244887947097208
14, 62.0, 1, 52, 1, 14.0, 5, 14.249568576867997
14, 63.0, 1, 53, 0, 18.0, 5, 14.925892981991892
14, 64.0, 1, 53, 2, 14.0, 4, 14.690319814819789
14, 65.0, 1, 53, 0, 19.0, 4, 15.554632923465224
14, 66.0, 1, 53, 2, 21.0, 4, 13.928583166979676
14, 67.0, 1, 51, 2, 26.0, 4, 15.495695327610967
14, 68.0, 1, 51, 1, 32.0, 3, 14.29418344370733
14, 69.0, 1, 50, 1, 38.0, 3, 12.95512899875062
14, 70.0, 0, 47, 3, 0.0, 3, 11.776285759935012
14, 71.0, 1, 47, 1, 0.0, 3, 11.512734610361893
14, 72.0, 1, 48, 1, 2.0, 3, 11.720041902458103
14, 73.0, 1, 49, 1, 4.0, 3, 11.13699401913082
14, 74.0, 1, 46, 3, 6.0, 2, 10.650723622324112
14, 75.0, 1, 47, 2, 8.0, 1, 9.153124533021973
14, 76.0, 1, 49, 1, 10.0, 1, 10.544905585090753
14, 77.0, 0, 49, 1, 13.0, 1, 11.856279249722004
14, 78.0, 1, 49, 0, 9.0, 1, 10.336891789182765
14, 79.0, 0, 48, 2, 11.0, 1, 9.904573474216399
14, 80.0, 1, 47, 2, 9.0, 1, 9.10936842061665
14, 81.0, 0, 45, 3, 10.0, 1, 7.449466530114587
14, 82.0, 1, 47, 1, 11.0, 1, 7.978025170139925
14, 83.0, 1, 47, 1, 12.0, 1, 8.476083014370367
14, 84.0, 0, 44, 3, 15.0, 1, 8.652723639260802
14, 85.0, 0, 46, 1, 18.0, 0, 7.607055520414349
14, 86.0, 1, 44, 2, 18.0, 1, 7.410813653165294
14, 87.0, 1, 44, 0, 17.0, 1, 8.780434497686313
14, 88.0, 1, 45, 1, 4.0, 1, 9.86361658118544
14, 89.0, 1, 44, 1, 5.0, 1, 11.366934687530083
14, 90.0, 1, 44, 2, 5.0, 1, 11.441867238176064
14, 91.0, 1, 42, 4, 8.0, 1, 11.297258896151858
14, 92.0, 0, 42, 1, 3.0, 2, 11.35415847350917
14, 93.0, 0, 42, 1, 5.0, 2, 11.680956371431781
14, 94.0, 1, 43, 1, 2.0, 2, 11.417620438421768
14, 95.0, 1, 39, 4, 4.0, 2, 11.710957049938273
14, 96.0, 0, 38, 2, 6.0, 3, 11.66591006899781
14, 97.0, 1, 39, 0, 4.0, 3, 10.306413493438603
14, 98.0, 1, 41, 0, 5.0, 3, 9.734235961232885
14, 99.0, 1, 43, 1, 1.0, 3, 10.376723423104199
14, 100.0, 0, 44, 1, 3.0, 3, 9.583847134083667
14, 101.0, 0, 45, 0, 3.0, 3, 9.454141064509388
14, 102.0, 1, 46, 0, 3.0, 3, 10.031142441291893
14, 103.0, 1, 49, 1, 0.0, 3, 8.568645748800854
14, 104.0, 1, 50, 0, 0.0, 3, 10.321510653210384
14, 105.0, 1, 50, 1, 1.0, 3, 10.543889650351522
14, 106.0, 0, 50, 1, 1.0, 3, 9.131738617960616
14, 107.0, 0, 47, 3, 2.0, 2, 9.672008575843691
14, 108.0, 0, 46, 2, 3.0, 2, 8.816292219359532
14, 109.0, 1, 46, 0, 1.0, 3, 8.312790735218089
14, 110.0, 1, 47, 1, 2.0, 3, 8.774558953642465
14, 111.0, 0, 44, 3, 0.0, 3, 10.719831487225278
14, 112.0, 0, 42, 2, 1.0, 4, 11.157262655075487
14, 113.0, 1, 41, 3, 2.0, 4, 10.507463961574384
14, 114.0, 1, 41, 1, 4.0, 4, 12.335194451025659
14, 115.0, 1, 41, 1, 7.0, 4, 13.830377192571083
14, 116.0, 1, 45, 0, 7.0, 4, 13.588777492076302
14, 117.0, 1, 44, 2, 10.0, 4, 15.4002391871556
14, 118.0, 0, 43, 3, 12.0, 3, 14.387236773984172
14, 119.0, 1, 43, 1, 16.0, 3, 12.634274369886567
14, 120.0, 1, 43, 2, 21.0, 3, 12.188116792741281
14, 121.0, 0, 45, 1, 20.0, 3, 11.609793332406795
14, 122.0, 1, 48, 0, 23.0, 3, 12.062789218253272
14, 123.0, 1, 50, 1, 16.0, 3, 12.45072310173482
14, 124.0, 1, 49, 2, 19.0, 3, 11.27582374142683
14, 125.0, 1, 50, 0, 22.0, 3, 11.215112878241907
14, 126.0, 0, 50, 0, 0.0, 3, 11.547432501289943
14, 127.0, 0, 49, 2, 0.0, 3, 11.268798769714596
14, 128.0, 0, 48, 2, 1.0, 2, 12.582921553439705
14, 129.0, 1, 51, 0, 1.0, 3, 14.112825517623309
14, 130.0, 1, 50, 2, 3.0, 2, 14.622609306313556
14, 131.0, 1, 50, 1, 5.0, 2, 15.46172927685803
14, 132.0, 1, 50, 1, 7.0, 2, 15.203173332906838
14, 133.0, 1, 48, 2, 9.0, 2, 16.24048303117917
14, 134.0, 0, 49, 1, 6.0, 2, 17.08605925846155
14, 135.0, 0, 50, 2, 8.0, 2, 17.60427828183309
14, 136.0, 0, 51, 0, 14.0, 2, 19.749744562822375
14, 137.0, 0, 51, 0, 22.0, 2, 20.074930034277358
14, 138.0, 1, 50, 3, 20.0, 2, 20.4233565160785
14, 139.0, 0, 50, 0, 24.0, 2, 21.22465560000317
14, 140.0, 0, 52, 0, 19.0, 2, 20.036454161070516
14, 141.0, 0, 54, 1, 25.0, 2, 21.408236824141138
14, 142.0, 0, 53, 2, 19.0, 2, 21.756597794803795
14, 143.0, 0, 53, 1, 25.0, 2, 21.969895286406228
14, 144.0, 0, 51, 2, 36.0, 2, 21.14356032731398
14, 145.0, 1, 51, 1, 31.0, 2, 18.828434854891274
14, 146.0, 1, 52, 0, 36.0, 2, 19.026902782437702
14, 147.0, 1, 53, 0, 44.0, 2, 20.516231364065163
14, 148.0, 1, 51, 2, 54.0, 2, 20.478887773191268
14, 149.0, 1, 51, 1, 65.0, 1, 19.884802649962655
14, 150.0, 1, 50, 2, 67.0, 0, 20.6522340247722
14, 151.0, 1, 52, 1, 69.0, 0, 19.8981936847371
14, 152.0, 1, 52, 0, 70.0, 0, 20.15254996954799
14, 153.0, 1, 51, 2, 71.0, 0, 19.499818568706736
14, 154.0, 1, 49, 3, 66.0, 0, 19.03737991944099
14, 155.0, 1, 51, 0, 51.0, 0, 18.85029399037717
14, 156.0, 0, 52, 1, 22.0, 1, 19.087372264132913
14, 157.0, 1, 51, 1, 22.0, 1, 17.464452248216602
14, 158.0, 1, 52, 1, 15.0, 1, 16.592473132787116
14, 159.0, 0, 52, 2, 17.0, 2, 15.076211952370207
14, 160.0, 0, 52, 1, 19.0, 2, 14.269176739320546
14, 161.0, 0, 51, 1, 21.0, 2, 14.452829384963055
14, 162.0, 1, 51, 1, 0.0, 2, 13.685467649743149
14, 163.0, 1, 51, 1, 0.0, 2, 13.666218039144518
14, 164.0, 1, 53, 0, 1.0, 2, 13.21349034720603
14, 165.0, 1, 50, 3, 4.0, 2, 14.059965345316828
14, 166.0, 1, 52, 1, 7.0, 2, 13.646482910536069
14, 167.0, 1, 51, 1, 11.0, 2, 15.592067578987393
14, 168.0, 1, 52, 2, 16.0, 2, 14.839727407071726
14, 169.0, 1, 53, 0, 23.0, 2, 13.540570091257253
14, 170.0, 1, 52, 2, 30.0, 2, 14.207697051852836
14, 171.0, 1, 50, 5, 37.0, 2, 13.214020444118448
14, 172.0, 1, 51, 0, 44.0, 2, 14.920828386918949
14, 173.0, 1, 53, 1, 51.0, 2, 15.332116565367448
14, 174.0, 1, 55, 1, 59.0, 1, 16.204380481310206
14, 175.0, 0, 58, 1, 13.0, 2, 15.872997296988304
14, 176.0, 0, 55, 4, 1.0, 2, 15.636561116163694
14, 177.0, 1, 52, 3, 0.0, 1, 13.84791137142117
14, 178.0, 1, 54, 0, 1.0, 1, 13.429826486415168
14, 179.0, 0, 54, 0, 3.0, 1, 14.848630710538332
14, 180.0, 1, 51, 3, 8.0, 2, 14.324182045401695
14, 181.0, 0, 51, 1, 12.0, 2, 15.343090329944086
14, 182.0, 1, 50, 2, 18.0, 2, 14.423189713043277
14, 183.0, 1, 49, 1, 25.0, 2, 14.411785978260093
14, 184.0, 1, 48, 1, 28.0, 2, 14.215987011834496
14, 185.0, 1, 49, 0, 33.0, 2, 15.12271344988537
14, 186.0, 0, 53, 1, 39.0, 3, 17.01123699768929
14, 187.0, 1, 54, 1, 35.0, 5, 20.486968843911043
14, 188.0, 1, 53, 2, 42.0, 5, 20.972669710070605
14, 189.0, 1, 54, 1, 51.0, 5, 20.91364268230414
14, 190.0, 1, 55, 1, 60.0, 5, 20.31513955565377
14, 191.0, 0, 56, 1, 27.0, 5, 19.40371688550364
14, 192.0, 0, 57, 1, 19.0, 5, 19.275647483185864
14, 193.0, 0, 58, 2, 20.0, 5, 18.708919769955504
14, 194.0, 1, 57, 1, 24.0, 5, 17.87496924379267
14, 195.0, 1, 59, 0, 21.0, 5, 15.128151263332747
14, 196.0, 1, 58, 2, 24.0, 5, 15.546262246307197
14, 197.0, 1, 55, 3, 21.0, 5, 12.293804196333967
14, 198.0, 0, 54, 3, 6.0, 7, 11.339702806010742
14, 199.0, 1, 54, 1, 8.0, 7, 12.054879375941903
14, 200.0, 0, 53, 2, 10.0, 7, 13.003511115291625
14, 201.0, 1, 52, 1, 12.0, 7, 13.161582856248536
14, 202.0, 0, 51, 1, 14.0, 6, 11.766349597383543
14, 203.0, 1, 50, 1, 6.0, 6, 11.556096819974844
14, 204.0, 0, 50, 0, 8.0, 6, 11.840279808183315
14, 205.0, 0, 50, 0, 11.0, 6, 11.68910283759131
14, 206.0, 1, 44, 6, 10.0, 6, 12.152843984292435
14, 207.0, 1, 43, 1, 10.0, 5, 13.127217066244816
14, 208.0, 0, 42, 1, 12.0, 5, 14.442486066688975
14, 209.0, 0, 38, 4, 14.0, 5, 15.489119659106999
14, 210.0, 0, 37, 1, 19.0, 5, 16.777671626793843
14, 211.0, 1, 36, 1, 21.0, 5, 16.587159827369998
14, 212.0, 0, 36, 0, 25.0, 5, 16.302533072864804
14, 213.0, 1, 34, 2, 25.0, 5, 16.313077418580395
14, 214.0, 1, 32, 2, 29.0, 5, 15.144227570675135
14, 215.0, 1, 31, 1, 32.0, 4, 14.694707878482749
14, 216.0, 0, 31, 0, 39.0, 4, 14.826972826728746
14, 217.0, 0, 28, 3, 47.0, 4, 13.903971644422906
14, 218.0, 1, 27, 1, 55.0, 3, 12.799403549102273
14, 219.0, 1, 27, 0, 55.0, 3, 11.204476951069733
14, 220.0, 0, 23, 4, 54.0, 2, 9.814237895768775
14, 221.0, 1, 23, 0, 52.0, 2, 9.300666865750898
14, 222.0, 1, 22, 1, 45.0, 2, 8.232622982848333
14, 223.0, 1, 22, 0, 33.0, 2, 7.455737439454169
14, 224.0, 1, 21, 1, 35.0, 1, 6.392895827952561
14, 225.0, 0, 21, 0, 9.0, 1, 5.7076827956780045
14, 226.0, 0, 21, 0, 10.0, 1, 5.198513756296333
14, 227.0, 1, 19, 2, 11.0, 1, 4.062944624965327
14, 228.0, 0, 18, 1, 12.0, 1, 3.7768324856577626
14, 229.0, 0, 17, 1, 13.0, 1, 3.349650399633915
14, 230.0, 0, 15, 2, 14.0, 1, 3.201126921127841
14, 231.0, 1, 14, 1, 0.0, 0, 2.345029875317614
14, 232.0, 1, 14, 0, 0.0, 0, 1.7277372159152833
14, 233.0, 1, 13, 1, 0.0, 0, 1.9269975714584753
14, 234.0, 0, 13, 0, 0.0, 0, 1.8153332210768696
14, 235.0, 0, 12, 1, 0.0, 0, 1.1279895025642528
14, 236.0, 0, 10, 2, 0.0, 0, 1.1243386851593744
14, 237.0, 0, 10, 0, 0.0, 0, 0.6295598789175472
14, 238.0, 1, 9, 1, 0.0, 0, 0.6356268274235966
14, 239.0, 0, 9, 0, 0.0, 0, 0.7801471902876926
14, 240.0, 0, 6, 3, 0.0, 0, 0.6426017084780966
14, 241.0, 0, 5, 1, 0.0, 0, 0.3297678431037596
14, 242.0, 0, 5, 0, 0.0, 0, 0.33119226275182
14, 243.0, 0, 3, 2, 0.0, 0, 0.1495810512370177
14, 244.0, 1, 3, 0, 0.0, 0, 0.15822075139119107
14, 245.0, 1, 2, 1, 0.0, 0, 0.0915637629460484
14, 246.0, 1, 1, 1, 0.0, 0, 0.10448166944699366
14, 247.0, 1, 1, 0, 0.0, 0, 0.09972072442504398
14, 248.0, 0, 1, 0, 0.0, 0, 0.09561505441243412
14, 249.0, 1, 1, 0, 0.0, 0, 0.08094236063525173
14, 250.0, 1, 0, 1, 0, 0, 0
15, 1.0, 0, 2, 0, 0.0, 0, 0.0
15, 2.0, 0, 3, 0, 0.0, 0, 1.0814256854756554
15, 3.0, 1, 5, 0, 0.0, 0, 1.2559462905827157
15, 4.0, 0, 7, 0, 0.0, 0, 1.2603760180273869
15, 5.0, 1, 9, 0, 0.0, 0, 1.356365191048412
15, 6.0, 0, 9, 0, 0.0, 0, 1.287337457469642
15, 7.0, 0, 10, 0, 0.0, 0, 0.9556235514719723
15, 8.0, 0, 11, 0, 0.0, 0, 1.168230593310705
15, 9.0, 0, 12, 0, 0.0, 0, 1.3211245838572987
15, 10.0, 0, 15, 0, 0.0, 0, 1.8521160770279796
15, 11.0, 1, 16, 0, 0.0, 0, 2.9419051546901827
15, 12.0, 1, 18, 0, 0.0, 0, 2.8748120301492937
15, 13.0, 1, 18, 0, 0.0, 0, 2.6276857972812415
15, 14.0, 1, 20, 0, 0.0, 0, 2.3569022837362947
15, 15.0, 0, 22, 0, 0.0, 3, 4.116209346408545
15, 16.0, 0, 23, 0, 1.0, 3, 5.207382571214572
15, 17.0, 1, 23, 0, 0.0, 3, 4.672514002141361
15, 18.0, 0, 25, 0, 1.0, 3, 4.342430008915873
15, 19.0, 1, 25, 0, 1.0, 3, 5.984978873557159
15, 20.0, 1, 27, 0, 2.0, 3, 5.930469754915412
15, 21.0, 1, 28, 0, 4.0, 3, 7.96452905556804
15, 22.0, 1, 28, 0, 6.0, 3, 8.248001929803284
15, 23.0, 1, 30, 0, 9.0, 3, 7.5146131227168835
15, 24.0, 1, 31, 0, 13.0, 3, 8.73240390615826
15, 25.0, 0, 33, 0, 7.0, 4, 8.876196461138347
15, 26.0, 1, 36, 0, 1.0, 5, 9.123302913602823
15, 27.0, 0, 38, 0, 0.0, 6, 10.714251616064342
15, 28.0, 1, 40, 0, 0.0, 6, 9.698167095854672
15, 29.0, 0, 41, 0, 0.0, 7, 10.63582393063382
15, 30.0, 0, 41, 0, 1.0, 7, 10.237903948475108
15, 31.0, 1, 46, 0, 2.0, 7, 7.616065321427811
15, 32.0, 1, 48, 0, 3.0, 7, 8.193533419506613
15, 33.0, 0, 45, 3, 4.0, 7, 8.53637259101968
15, 34.0, 1, 46, 0, 7.0, 8, 7.905573458257553
15, 35.0, 0, 47, 0, 0.0, 10, 7.635572649987654
15, 36.0, 1, 46, 2, 0.0, 9, 6.763253410329128
15, 37.0, 1, 46, 1, 0.0, 9, 7.923698538385658
15, 38.0, 1, 47, 0, 0.0, 9, 8.218476389586883
15, 39.0, 1, 48, 1, 0.0, 8, 9.334270434504061
15, 40.0, 1, 51, 1, 0.0, 8, 10.54032590750099
15, 41.0, 1, 49, 2, 1.0, 7, 11.59011273311077
15, 42.0, 1, 51, 0, 4.0, 7, 10.868013645999254
15, 43.0, 0, 54, 0, 1.0, 8, 11.044020691446107
15, 44.0, 1, 52, 4, 0.0, 8, 10.054581292306235
15, 45.0, 0, 50, 2, 1.0, 7, 10.90369397014411
15, 46.0, 0, 50, 1, 3.0, 7, 11.221186526010465
15, 47.0, 1, 53, 1, 0.0, 7, 9.582254399001577
15, 48.0, 0, 52, 1, 0.0, 7, 11.718667067149623
15, 49.0, 1, 50, 2, 0.0, 6, 10.032708004840973
15, 50.0, 1, 51, 1, 1.0, 6, 8.81808215274876
15, 51.0, 1, 52, 1, 3.0, 6, 9.448531856008405
15, 52.0, 1, 53, 1, 5.0, 6, 10.262801388296186
15, 53.0, 1, 52, 2, 7.0, 5, 11.632164773475075
15, 54.0, 1, 51, 3, 10.0, 4, 12.017016214067047
15, 55.0, 1, 51, 0, 11.0, 4, 14.599192328194576
15, 56.0, 0, 50, 3, 2.0, 4, 13.577606363154958
15, 57.0, 0, 49, 2, 4.0, 4, 14.824109640017186
15, 58.0, 1, 47, 2, 7.0, 3, 16.39761155566879
15, 59.0, 0, 47, 1, 12.0, 4, 16.476738476962495
15, 60.0, 1, 47, 1, 17.0, 4, 16.20527112465819
15, 61.0, 1, 45, 4, 25.0, 4, 16.75134920040202
15, 62.0, 1, 47, 1, 25.0, 4, 17.837915567424506
15, 63.0, 1, 48, 0, 27.0, 4, 18.289504936747157
15, 64.0, 1, 48, 2, 36.0, 3, 17.708802163869517
15, 65.0, 1, 47, 1, 45.0, 3, 18.692221993886125
15, 66.0, 0, 48, 1, 37.0, 4, 18.173030398313877
15, 67.0, 0, 47, 1, 45.0, 4, 18.716345612501183
15, 68.0, 0, 47, 1, 52.0, 4, 19.219024388055153
15, 69.0, 0, 47, 0, 61.0, 4, 19.322013267470947
15, 70.0, 1, 47, 0, 55.0, 4, 19.396653135744774
15, 71.0, 0, 48, 0, 59.0, 5, 20.140537789795577
15, 72.0, 0, 50, 0, 54.0, 5, 20.107777731812273
15, 73.0, 0, 51, 1, 64.0, 4, 21.102514789650932
15, 74.0, 1, 51, 0, 60.0, 4, 22.05988193836754
15, 75.0, 0, 53, 1, 64.0, 4, 21.565166508985783
15, 76.0, 1, 53, 3, 73.0, 4, 21.201403552936583
15, 77.0, 0, 52, 2, 82.0, 4, 20.70058224742609
15, 78.0, 1, 52, 0, 53.0, 4, 18.86728327666528
15, 79.0, 1, 52, 1, 63.0, 4, 17.742737895252052
15, 80.0, 1, 51, 2, 54.0, 4, 17.765441694040835
15, 81.0, 0, 51, 1, 61.0, 5, 17.556130718684816
15, 82.0, 0, 54, 0, 71.0, 5, 16.393334023804243
15, 83.0, 1, 55, 0, 79.0, 5, 16.2094220118566
15, 84.0, 1, 53, 2, 88.0, 5, 14.988775262702179
15, 85.0, 0, 56, 0, 97.0, 6, 15.847107591763478
15, 86.0, 1, 53, 3, 107.0, 7, 16.014952842149366
15, 87.0, 0, 53, 0, 117.0, 8, 15.871903229574272
15, 88.0, 1, 55, 0, 127.0, 8, 16.868386668888984
15, 89.0, 1, 53, 2, 138.0, 7, 18.580323143104717
15, 90.0, 0, 53, 2, 128.0, 7, 18.542170344208795
15, 91.0, 0, 53, 2, 124.0, 6, 19.594057354807298
15, 92.0, 1, 52, 2, 116.0, 6, 19.403770194627846
15, 93.0, 1, 51, 2, 103.0, 6, 18.857609136682836
15, 94.0, 1, 50, 3, 89.0, 5, 17.874902205231308
15, 95.0, 0, 49, 1, 78.0, 5, 18.594461095571067
15, 96.0, 1, 49, 1, 81.0, 5, 17.507826536589256
15, 97.0, 1, 48, 2, 64.0, 4, 17.79949978489928
15, 98.0, 0, 48, 2, 34.0, 3, 16.39861426249153
15, 99.0, 1, 51, 0, 12.0, 3, 16.664801527144213
15, 100.0, 1, 52, 1, 15.0, 3, 17.02084726493985
15, 101.0, 1, 51, 2, 20.0, 1, 15.686191129489735
15, 102.0, 1, 51, 1, 23.0, 1, 15.32447592029146
15, 103.0, 0, 55, 0, 21.0, 1, 15.149965056659912
15, 104.0, 1, 56, 0, 5.0, 3, 17.011098798514585
15, 105.0, 1, 56, 0, 9.0, 3, 16.844291177855645
15, 106.0, 1, 57, 1, 5.0, 3, 17.09338708743485
15, 107.0, 1, 56, 1, 7.0, 3, 15.223418197172156
15, 108.0, 1, 55, 2, 11.0, 3, 14.595168205182325
15, 109.0, 1, 53, 2, 15.0, 3, 14.79029547112002
15, 110.0, 1, 53, 2, 20.0, 3, 15.72804761910593
15, 111.0, 1, 51, 2, 25.0, 3, 16.688096452544876
15, 112.0, 1, 50, 1, 32.0, 2, 16.7633470751909
15, 113.0, 1, 50, 2, 26.0, 2, 15.797173640879388
15, 114.0, 1, 49, 2, 31.0, 2, 15.923736103006082
15, 115.0, 1, 49, 1, 36.0, 2, 17.52166636026205
15, 116.0, 1, 51, 2, 43.0, 2, 18.478063756703698
15, 117.0, 1, 48, 4, 51.0, 2, 19.794041087952778
15, 118.0, 1, 49, 1, 57.0, 2, 19.444210998256743
15, 119.0, 1, 50, 0, 69.0, 2, 18.287588539970425
15, 120.0, 1, 51, 1, 81.0, 2, 17.397654653622013
15, 121.0, 1, 53, 1, 93.0, 2, 17.821442235233434
15, 122.0, 1, 54, 2, 105.0, 2, 17.861128221071592
15, 123.0, 1, 56, 1, 117.0, 2, 18.33721618043638
15, 124.0, 1, 56, 1, 129.0, 2, 17.436079410777467
15, 125.0, 1, 55, 2, 142.0, 2, 17.706438532562018
15, 126.0, 1, 54, 1, 155.0, 2, 18.092431238623284
15, 127.0, 0, 55, 0, 1.0, 3, 16.790434988408453
15, 128.0, 1, 53, 3, 2.0, 4, 16.028926700946933
15, 129.0, 0, 56, 0, 3.0, 5, 19.144055760935142
15, 130.0, 0, 57, 0, 9.0, 5, 19.204766552141255
15, 131.0, 0, 56, 2, 12.0, 5, 19.303980314092236
15, 132.0, 1, 55, 2, 11.0, 5, 18.078777645885346
15, 133.0, 0, 55, 0, 13.0, 5, 17.473559996929087
15, 134.0, 1, 54, 3, 17.0, 6, 18.68530752119854
15, 135.0, 0, 56, 1, 20.0, 6, 18.75580959301058
15, 136.0, 0, 57, 0, 24.0, 6, 20.83043839481773
15, 137.0, 1, 56, 1, 30.0, 6, 20.47450733560867
15, 138.0, 1, 56, 1, 37.0, 6, 19.20589833769278
15, 139.0, 0, 57, 0, 46.0, 6, 19.762829371727896
15, 140.0, 0, 57, 2, 55.0, 6, 19.365431800960312
15, 141.0, 1, 59, 1, 64.0, 5, 18.505267011463378
15, 142.0, 1, 59, 1, 68.0, 5, 21.279749315173557
15, 143.0, 1, 60, 0, 77.0, 5, 23.139730190864952
15, 144.0, 1, 59, 1, 81.0, 4, 24.096253120480462
15, 145.0, 1, 60, 0, 92.0, 4, 23.689230783855706
15, 146.0, 1, 58, 3, 105.0, 4, 22.394033768595605
15, 147.0, 0, 55, 4, 116.0, 3, 21.422799455719666
15, 148.0, 1, 51, 4, 128.0, 3, 20.955654706907822
15, 149.0, 0, 51, 1, 128.0, 5, 21.137787880046954
15, 150.0, 1, 51, 1, 139.0, 5, 20.17064476160019
15, 151.0, 1, 51, 3, 151.0, 5, 20.006122005422387
15, 152.0, 1, 49, 2, 163.0, 4, 20.469985357001683
15, 153.0, 1, 49, 1, 125.0, 3, 18.932964462280086
15, 154.0, 1, 50, 0, 135.0, 3, 20.14899687257032
15, 155.0, 1, 52, 0, 118.0, 3, 21.5209892181588
15, 156.0, 0, 52, 2, 125.0, 4, 20.18518727526976
15, 157.0, 0, 51, 1, 137.0, 4, 19.100625614260217
15, 158.0, 0, 52, 1, 122.0, 4, 18.43017038946796
15, 159.0, 0, 54, 0, 134.0, 4, 18.893916314624665
15, 160.0, 0, 54, 1, 146.0, 4, 19.096123420853516
15, 161.0, 1, 53, 1, 111.0, 4, 18.202655470791836
15, 162.0, 0, 53, 1, 118.0, 4, 17.187175974418217
15, 163.0, 1, 52, 2, 70.0, 6, 17.786227255422425
15, 164.0, 1, 52, 2, 70.0, 6, 16.771204668239616
15, 165.0, 0, 51, 1, 74.0, 5, 15.737929129854423
15, 166.0, 0, 54, 0, 79.0, 5, 14.874258680201223
15, 167.0, 1, 52, 2, 73.0, 7, 15.84931118189494
15, 168.0, 1, 55, 0, 80.0, 7, 15.73153980256397
15, 169.0, 1, 54, 2, 87.0, 7, 14.502251701967408
15, 170.0, 0, 55, 0, 56.0, 8, 14.80981545587237
15, 171.0, 1, 54, 3, 57.0, 8, 14.617596909850924
15, 172.0, 1, 56, 0, 61.0, 8, 15.795743758206632
15, 173.0, 0, 56, 3, 36.0, 9, 16.342889127496008
15, 174.0, 0, 57, 2, 9.0, 8, 16.73410953717121
15, 175.0, 1, 58, 3, 12.0, 8, 14.709468520876808
15, 176.0, 0, 58, 1, 13.0, 8, 15.367625321398947
15, 177.0, 1, 56, 2, 16.0, 7, 14.243547512477551
15, 178.0, 0, 57, 1, 20.0, 7, 12.524326585465207
15, 179.0, 1, 57, 0, 13.0, 7, 13.615881050460525
15, 180.0, 1, 54, 3, 15.0, 7, 13.63503129544469
15, 181.0, 1, 52, 3, 13.0, 6, 13.139931366264818
15, 182.0, 0, 53, 0, 16.0, 6, 12.62535388869718
15, 183.0, 1, 51, 2, 16.0, 6, 12.96680775248312
15, 184.0, 0, 50, 1, 11.0, 6, 13.129715755714729
15, 185.0, 0, 51, 1, 1.0, 6, 13.417631604456215
15, 186.0, 1, 53, 2, 2.0, 6, 13.976842391633092
15, 187.0, 1, 55, 0, 1.0, 6, 16.245722458183053
15, 188.0, 1, 54, 2, 2.0, 6, 17.19309957668137
15, 189.0, 0, 54, 2, 2.0, 8, 16.086858498003416
15, 190.0, 1, 53, 3, 3.0, 8, 15.62477258554074
15, 191.0, 1, 55, 0, 7.0, 8, 15.832731280090442
15, 192.0, 1, 56, 1, 12.0, 8, 15.419722512003808
15, 193.0, 0, 58, 1, 6.0, 8, 15.152652007757125
15, 194.0, 0, 56, 2, 6.0, 8, 14.695539814254726
15, 195.0, 0, 56, 2, 11.0, 8, 13.55661815015239
15, 196.0, 1, 56, 1, 16.0, 8, 12.823013901871176
15, 197.0, 1, 54, 2, 12.0, 7, 13.623983598971869
15, 198.0, 0, 54, 2, 11.0, 7, 13.236773011695718
15, 199.0, 1, 54, 1, 7.0, 7, 13.146020251060017
15, 200.0, 1, 53, 2, 8.0, 7, 12.973445222864953
15, 201.0, 1, 53, 0, 10.0, 7, 12.10582122605617
15, 202.0, 0, 50, 3, 3.0, 8, 11.985104467221824
15, 203.0, 1, 49, 1, 3.0, 9, 10.872195630747633
15, 204.0, 1, 46, 3, 4.0, 8, 9.71667200699646
15, 205.0, 1, 46, 0, 5.0, 8, 10.651346861005333
15, 206.0, 0, 41, 5, 6.0, 8, 11.077548859446882
15, 207.0, 0, 39, 2, 10.0, 8, 12.472463676626898
15, 208.0, 0, 38, 1, 6.0, 8, 13.913477779942582
15, 209.0, 1, 38, 0, 6.0, 9, 13.650881092204436
15, 210.0, 0, 37, 1, 8.0, 10, 12.713129666225807
15, 211.0, 1, 36, 1, 10.0, 10, 13.806006278371113
15, 212.0, 1, 35, 1, 12.0, 10, 13.156358923124085
15, 213.0, 1, 34, 1, 16.0, 9, 12.486013335920209
15, 214.0, 1, 33, 1, 21.0, 9, 11.569430953609821
15, 215.0, 0, 30, 3, 22.0, 8, 11.183496445046663
15, 216.0, 0, 30, 0, 15.0, 8, 10.400978577302908
15, 217.0, 0, 29, 1, 8.0, 7, 10.141373623582165
15, 218.0, 1, 26, 3, 7.0, 6, 8.837120231354364
15, 219.0, 1, 24, 2, 6.0, 6, 7.909309818175336
15, 220.0, 1, 21, 3, 1.0, 4, 7.62617792318985
15, 221.0, 1, 21, 0, 2.0, 4, 6.412871805609164
15, 222.0, 1, 21, 0, 3.0, 4, 4.84093534590066
15, 223.0, 1, 21, 0, 4.0, 4, 4.713447964372595
15, 224.0, 0, 21, 0, 5.0, 4, 3.5321551261757547
15, 225.0, 0, 19, 2, 6.0, 4, 3.004580129840886
15, 226.0, 1, 17, 2, 7.0, 3, 2.2359335371841156
15, 227.0, 1, 16, 1, 8.0, 3, 1.8881905460243575
15, 228.0, 0, 15, 1, 0.0, 3, 1.4292481371784942
15, 229.0, 0, 11, 4, 0.0, 3, 0.9160738481705799
15, 230.0, 1, 11, 0, 0.0, 3, 0.729147778101991
15, 231.0, 1, 11, 0, 0.0, 3, 0.8221104859515496
15, 232.0, 0, 10, 1, 0.0, 3, 0.709524591813425
15, 233.0, 1, 9, 1, 0.0, 2, 0.41733748375081525
15, 234.0, 0, 8, 1, 0.0, 1, 0.3738180603713559
15, 235.0, 0, 8, 0, 0.0, 1, 0.5054522577371898
15, 236.0, 1, 6, 2, 0.0, 1, 0.33705132378586633
15, 237.0, 1, 6, 0, 0.0, 1, 0.27452871563459524
15, 238.0, 1, 6, 0, 0.0, 1, 0.32622013630094493
15, 239.0, 0, 5, 1, 0.0, 1, 0.35368951759929956
15, 240.0, 1, 4, 1, 0.0, 1, 0.2826401466463899
15, 241.0, 0, 2, 2, 0.0, 1, 0.04179865386750947
15, 242.0, 0, 2, 0, 0.0, 1, 0.05411848769222516
15, 243.0, 0, 2, 0, 0.0, 1, 0.059646027357604936
15, 244.0, 0, 2, 0, 0.0, 1, 0.17330823581669286
15, 245.0, 0, 1, 1, 0.0, 0, 0.08721554825018174
15, 246.0, 0, 0, 1, 0, 0, 0
16, 1.0, 0, 2, 0, 0.0, 0, 0.0
16, 2.0, 1, 3, 0, 0.0, 0, 1.0814256854756554
16, 3.0, 1, 5, 0, 0.0, 0, 1.2559462905827157
16, 4.0, 0, 7, 0, 0.0, 0, 1.2603760180273869
16, 5.0, 1, 9, 0, 0.0, 0, 1.356365191048412
16, 6.0, 1, 9, 0, 0.0, 0, 1.287337457469642
16, 7.0, 0, 10, 0, 0.0, 0, 0.9556235514719723
16, 8.0, 0, 11, 0, 0.0, 0, 1.168230593310705
16, 9.0, 0, 12, 0, 0.0, 0, 1.3211245838572987
16, 10.0, 1, 15, 0, 0.0, 0, 1.8521160770279796
16, 11.0, 0, 16, 0, 0.0, 0, 2.9419051546901827
16, 12.0, 1, 18, 0, 0.0, 0, 2.8876295036796016
16, 13.0, 1, 18, 0, 0.0, 0, 2.713557595789974
16, 14.0, 1, 20, 0, 0.0, 0, 2.366127009977525
16, 15.0, 1, 22, 0, 0.0, 0, 3.3975839748335286
16, 16.0, 1, 23, 0, 0.0, 0, 4.916904383681531
16, 17.0, 1, 23, 0, 2.0, 0, 5.59530182007219
16, 18.0, 0, 25, 0, 0.0, 0, 5.130168265056998
16, 19.0, 0, 25, 0, 0.0, 0, 6.0482758562844845
16, 20.0, 0, 27, 0, 0.0, 0, 6.40334907005504
16, 21.0, 1, 27, 0, 0.0, 1, 6.678332443626398
16, 22.0, 0, 27, 0, 0.0, 2, 6.459027977862941
16, 23.0, 0, 30, 0, 1.0, 2, 6.9746422607394845
16, 24.0, 1, 32, 0, 2.0, 3, 8.622073470103938
16, 25.0, 0, 33, 0, 2.0, 3, 9.033851152851172
16, 26.0, 1, 35, 0, 0.0, 3, 8.126499213110055
16, 27.0, 0, 38, 0, 0.0, 3, 7.984216691351217
16, 28.0, 0, 40, 0, 1.0, 3, 10.58023215084191
16, 29.0, 1, 41, 0, 0.0, 3, 8.581963630199029
16, 30.0, 1, 41, 0, 0.0, 3, 7.5625375220116275
16, 31.0, 1, 45, 1, 0.0, 3, 6.004329555604419
16, 32.0, 1, 47, 0, 0.0, 3, 6.853481335824643
16, 33.0, 1, 46, 1, 0.0, 3, 8.088094328316298
16, 34.0, 1, 47, 0, 0.0, 3, 6.789117585678565
16, 35.0, 0, 47, 1, 0.0, 4, 6.111572851917871
16, 36.0, 1, 46, 2, 0.0, 4, 5.446329211766905
16, 37.0, 1, 45, 2, 0.0, 4, 6.75285284085442
16, 38.0, 1, 44, 2, 0.0, 4, 8.016914060606647
16, 39.0, 1, 45, 0, 0.0, 4, 8.728246980337403
16, 40.0, 0, 49, 1, 0.0, 3, 7.851468167510259
16, 41.0, 1, 48, 1, 0.0, 3, 9.005586191544312
16, 42.0, 1, 50, 0, 0.0, 3, 9.347411392860515
16, 43.0, 0, 51, 2, 1.0, 5, 10.50018413352128
16, 44.0, 1, 51, 2, 0.0, 5, 10.828320184068653
16, 45.0, 0, 50, 1, 0.0, 5, 10.311310221311864
16, 46.0, 0, 48, 3, 1.0, 6, 9.967034027642404
16, 47.0, 1, 50, 2, 1.0, 6, 8.935602372367816
16, 48.0, 0, 50, 0, 0.0, 6, 9.212827542165327
16, 49.0, 1, 50, 0, 2.0, 7, 9.519018759304423
16, 50.0, 1, 50, 2, 2.0, 7, 7.8535690614403695
16, 51.0, 1, 53, 0, 3.0, 7, 8.26167977607112
16, 52.0, 1, 51, 3, 5.0, 6, 8.589699207214194
16, 53.0, 0, 50, 2, 1.0, 7, 8.413716334571493
16, 54.0, 1, 51, 1, 0.0, 9, 10.28017774864399
16, 55.0, 1, 48, 3, 3.0, 9, 11.592810380488032
16, 56.0, 1, 48, 2, 7.0, 8, 11.906708959912157
16, 57.0, 0, 47, 2, 2.0, 8, 11.285010374166829
16, 58.0, 0, 47, 0, 3.0, 8, 11.331347716639273
16, 59.0, 1, 46, 2, 6.0, 8, 11.15213991210965
16, 60.0, 0, 46, 1, 10.0, 9, 12.470443011135774
16, 61.0, 1, 45, 3, 6.0, 7, 11.399273984262525
16, 62.0, 0, 48, 0, 4.0, 8, 12.599035622461516
16, 63.0, 0, 47, 2, 6.0, 8, 13.665806349846088
16, 64.0, 1, 48, 1, 6.0, 8, 12.73132816966033
16, 65.0, 1, 47, 1, 7.0, 7, 13.512524445722011
16, 66.0, 1, 48, 1, 9.0, 7, 12.7717522711856
16, 67.0, 1, 45, 3, 11.0, 7, 13.126227705748894
16, 68.0, 1, 46, 0, 16.0, 7, 11.902711367649323
16, 69.0, 1, 46, 0, 21.0, 7, 10.650691776625605
16, 70.0, 1, 45, 1, 26.0, 6, 11.074292009486204
16, 71.0, 1, 44, 2, 15.0, 6, 11.418474448364698
16, 72.0, 1, 44, 2, 19.0, 6, 11.542733920061286
16, 73.0, 0, 44, 2, 0.0, 6, 11.46789135050858
16, 74.0, 1, 42, 2, 1.0, 7, 11.19188874932704
16, 75.0, 1, 45, 1, 2.0, 6, 11.386656166153813
16, 76.0, 1, 47, 0, 5.0, 6, 12.35934975479652
16, 77.0, 1, 47, 1, 8.0, 5, 11.500807458711382
16, 78.0, 0, 46, 1, 4.0, 5, 10.178841096319474
16, 79.0, 0, 47, 0, 6.0, 5, 9.209873545982921
16, 80.0, 1, 47, 1, 5.0, 6, 9.753061256171357
16, 81.0, 1, 45, 3, 0.0, 5, 9.795621003446042
16, 82.0, 1, 45, 3, 2.0, 5, 8.973216468653469
16, 83.0, 0, 45, 1, 1.0, 5, 8.710741884509822
16, 84.0, 1, 43, 2, 3.0, 5, 7.586168603876734
16, 85.0, 1, 45, 1, 2.0, 5, 8.294210236713406
16, 86.0, 1, 43, 2, 3.0, 5, 8.461600363554817
16, 87.0, 1, 42, 1, 5.0, 5, 8.2675035493938
16, 88.0, 1, 44, 0, 9.0, 5, 8.971765430560076
16, 89.0, 0, 43, 1, 7.0, 5, 9.68571898565204
16, 90.0, 1, 43, 2, 7.0, 4, 11.150757403590845
16, 91.0, 1, 43, 2, 13.0, 4, 13.268240438745071
16, 92.0, 1, 43, 1, 14.0, 4, 13.860696963321551
16, 93.0, 1, 40, 4, 18.0, 4, 12.905507416843035
16, 94.0, 1, 41, 1, 25.0, 4, 13.414401713590731
16, 95.0, 1, 41, 0, 28.0, 4, 13.937099273887611
16, 96.0, 1, 42, 0, 34.0, 4, 12.9772731102023
16, 97.0, 0, 41, 2, 22.0, 4, 12.504076675530579
16, 98.0, 0, 40, 3, 14.0, 3, 13.452123897704338
16, 99.0, 1, 44, 0, 7.0, 3, 14.432788244644268
16, 100.0, 0, 43, 2, 11.0, 2, 14.96642318178433
16, 101.0, 0, 44, 0, 16.0, 2, 14.175784703417941
16, 102.0, 1, 45, 0, 16.0, 3, 14.403914214754323
16, 103.0, 0, 49, 0, 20.0, 3, 12.784407208870944
16, 104.0, 0, 49, 1, 26.0, 3, 13.807108557840435
16, 105.0, 0, 49, 0, 33.0, 3, 14.680041525460702
16, 106.0, 1, 50, 1, 30.0, 3, 13.405898923246491
16, 107.0, 1, 49, 1, 37.0, 3, 14.179728934920293
16, 108.0, 1, 48, 2, 38.0, 3, 14.018445262469395
16, 109.0, 1, 47, 1, 21.0, 3, 13.767232634223307
16, 110.0, 0, 49, 0, 20.0, 3, 13.899738055566468
16, 111.0, 1, 45, 4, 17.0, 4, 14.981624888888694
16, 112.0, 1, 45, 0, 9.0, 4, 14.641651253195509
16, 113.0, 1, 46, 1, 14.0, 4, 14.12077162677765
16, 114.0, 0, 44, 3, 8.0, 5, 14.447843446785175
16, 115.0, 0, 45, 0, 10.0, 5, 14.646386084452923
16, 116.0, 1, 48, 1, 10.0, 7, 14.877786880997153
16, 117.0, 1, 48, 1, 12.0, 7, 17.229036023405712
16, 118.0, 0, 48, 2, 14.0, 7, 17.178304272216895
16, 119.0, 0, 49, 0, 19.0, 7, 17.20216369614445
16, 120.0, 1, 50, 1, 8.0, 7, 15.618488879953148
16, 121.0, 1, 52, 1, 13.0, 6, 14.715711028604105
16, 122.0, 0, 53, 2, 19.0, 6, 15.670324482221792
16, 123.0, 1, 55, 1, 24.0, 7, 16.532929728485097
16, 124.0, 1, 55, 1, 31.0, 7, 16.676982425362002
16, 125.0, 1, 56, 0, 30.0, 7, 15.612315400808964
16, 126.0, 1, 55, 1, 36.0, 7, 14.944274280924175
16, 127.0, 1, 54, 2, 44.0, 7, 15.376340883725735
16, 128.0, 1, 53, 2, 52.0, 7, 16.754956311057622
16, 129.0, 0, 55, 1, 53.0, 8, 17.908831072912864
16, 130.0, 0, 54, 2, 51.0, 7, 20.123522200039943
16, 131.0, 0, 54, 1, 57.0, 7, 20.349592420220986
16, 132.0, 1, 54, 1, 56.0, 7, 20.414419639725534
16, 133.0, 1, 54, 0, 62.0, 7, 21.56283494647077
16, 134.0, 0, 54, 2, 72.0, 6, 23.86462464628381
16, 135.0, 1, 56, 1, 83.0, 9, 25.63789568410005
16, 136.0, 0, 55, 2, 95.0, 9, 26.054487964446913
16, 137.0, 1, 54, 1, 107.0, 9, 25.017485808802842
16, 138.0, 1, 54, 1, 119.0, 9, 23.953357847004057
16, 139.0, 1, 54, 1, 133.0, 9, 23.1480937811773
16, 140.0, 1, 55, 1, 147.0, 8, 23.083662144131885
16, 141.0, 1, 57, 1, 162.0, 8, 23.481986669847064
16, 142.0, 0, 58, 0, 171.0, 9, 25.290326607914338
16, 143.0, 1, 57, 2, 167.0, 9, 25.147144067238347
16, 144.0, 0, 57, 0, 111.0, 9, 23.703536059791993
16, 145.0, 0, 58, 0, 98.0, 9, 22.838882007021134
16, 146.0, 0, 58, 1, 104.0, 9, 22.508360115546452
16, 147.0, 1, 59, 0, 111.0, 9, 20.63104075947429
16, 148.0, 1, 56, 3, 103.0, 9, 19.461991045278896
16, 149.0, 1, 56, 1, 109.0, 9, 20.202168216697498
16, 150.0, 1, 56, 1, 55.0, 9, 18.884418173510632
16, 151.0, 1, 58, 1, 16.0, 9, 17.49214722846293
16, 152.0, 1, 57, 1, 23.0, 8, 17.111357191092203
16, 153.0, 1, 57, 1, 32.0, 8, 15.946763655544258
16, 154.0, 1, 57, 1, 41.0, 8, 16.605603288291753
16, 155.0, 1, 55, 4, 45.0, 8, 16.427828138580757
16, 156.0, 1, 57, 0, 40.0, 8, 15.776017477006636
16, 157.0, 1, 55, 2, 26.0, 8, 14.737835240064133
16, 158.0, 1, 55, 2, 32.0, 7, 13.593806843790746
16, 159.0, 0, 56, 1, 0.0, 7, 13.461125022564444
16, 160.0, 0, 53, 4, 0.0, 5, 12.206256031259555
16, 161.0, 1, 53, 0, 0.0, 5, 11.03477957631763
16, 162.0, 1, 53, 1, 0.0, 5, 10.905670624523797
16, 163.0, 1, 50, 4, 2.0, 4, 10.987596222637517
16, 164.0, 0, 49, 3, 5.0, 5, 10.896654911547072
16, 165.0, 1, 49, 0, 4.0, 5, 10.496460912001366
16, 166.0, 1, 52, 0, 7.0, 5, 11.129549566705446
16, 167.0, 0, 51, 1, 9.0, 5, 12.258781529912321
16, 168.0, 0, 52, 2, 6.0, 5, 11.675981917412479
16, 169.0, 1, 52, 1, 5.0, 5, 11.441586612637547
16, 170.0, 1, 50, 3, 7.0, 3, 11.083297212519753
16, 171.0, 1, 48, 4, 10.0, 2, 11.579990614997158
16, 172.0, 1, 47, 3, 13.0, 2, 10.800448432105817
16, 173.0, 1, 48, 2, 12.0, 2, 11.156424013136963
16, 174.0, 1, 49, 2, 14.0, 2, 11.817878161014537
16, 175.0, 1, 52, 1, 16.0, 2, 10.657772359739841
16, 176.0, 0, 51, 2, 6.0, 3, 11.288718358334343
16, 177.0, 1, 51, 0, 7.0, 3, 9.244724820532614
16, 178.0, 1, 53, 0, 8.0, 3, 8.155632432345856
16, 179.0, 0, 52, 1, 9.0, 3, 9.046417804255599
16, 180.0, 0, 50, 2, 10.0, 3, 9.194872303898995
16, 181.0, 0, 50, 1, 11.0, 3, 10.70196698886218
16, 182.0, 1, 49, 2, 14.0, 4, 10.706392139550493
16, 183.0, 0, 47, 2, 16.0, 3, 11.734938146086863
16, 184.0, 1, 46, 1, 20.0, 4, 11.799985303874774
16, 185.0, 1, 47, 1, 24.0, 4, 11.60065687244915
16, 186.0, 1, 49, 2, 21.0, 3, 13.05806221270958
16, 187.0, 0, 50, 1, 23.0, 3, 15.778812715536343
16, 188.0, 1, 49, 2, 27.0, 5, 16.459015355812593
16, 189.0, 0, 50, 1, 30.0, 7, 17.164265842682592
16, 190.0, 0, 49, 3, 37.0, 8, 19.36728276435221
16, 191.0, 0, 51, 0, 46.0, 8, 20.461586154096427
16, 192.0, 1, 50, 3, 42.0, 7, 19.41664924613621
16, 193.0, 1, 51, 2, 25.0, 7, 17.15814456122169
16, 194.0, 1, 51, 0, 24.0, 7, 17.83061615972496
16, 195.0, 0, 51, 2, 20.0, 8, 16.683514656355065
16, 196.0, 1, 52, 0, 25.0, 8, 15.399858101264462
16, 197.0, 1, 50, 2, 30.0, 8, 15.194876836669417
16, 198.0, 1, 49, 2, 35.0, 8, 14.555205679655934
16, 199.0, 1, 50, 1, 41.0, 8, 13.39227874999308
16, 200.0, 1, 50, 1, 47.0, 7, 14.403734687440679
16, 201.0, 1, 50, 0, 47.0, 7, 13.929921207828956
16, 202.0, 1, 49, 1, 39.0, 7, 13.489116938282265
16, 203.0, 0, 49, 0, 43.0, 8, 14.759846870338112
16, 204.0, 0, 49, 0, 29.0, 8, 14.671630912154132
16, 205.0, 0, 49, 0, 20.0, 8, 15.327178965742148
16, 206.0, 0, 47, 2, 25.0, 7, 15.077731096506279
16, 207.0, 1, 46, 1, 20.0, 8, 15.050225505106663
16, 208.0, 0, 44, 2, 23.0, 10, 14.439818100375081
16, 209.0, 1, 41, 3, 26.0, 9, 14.592479326238394
16, 210.0, 1, 41, 0, 31.0, 9, 14.487905153761329
16, 211.0, 0, 40, 1, 35.0, 8, 14.841761032984945
16, 212.0, 1, 38, 2, 24.0, 8, 14.98177464021493
16, 213.0, 0, 35, 3, 5.0, 8, 14.145777100822517
16, 214.0, 0, 35, 0, 9.0, 8, 14.015653281502603
16, 215.0, 0, 32, 3, 14.0, 8, 13.733665445912589
16, 216.0, 1, 32, 0, 19.0, 8, 12.592486142327221
16, 217.0, 1, 31, 1, 23.0, 8, 11.896840375969981
16, 218.0, 0, 30, 1, 28.0, 8, 11.868782342843044
16, 219.0, 0, 28, 2, 33.0, 6, 11.199370238625178
16, 220.0, 0, 26, 2, 39.0, 5, 10.974136608748513
16, 221.0, 0, 25, 1, 46.0, 4, 10.784795423865848
16, 222.0, 1, 24, 1, 52.0, 4, 10.413433280732935
16, 223.0, 0, 22, 2, 48.0, 4, 9.510700581812511
16, 224.0, 1, 20, 2, 55.0, 3, 9.238107057190415
16, 225.0, 0, 19, 1, 22.0, 3, 8.680968406349738
16, 226.0, 1, 18, 1, 15.0, 3, 7.669237369795817
16, 227.0, 0, 17, 1, 18.0, 3, 6.393959883068325
16, 228.0, 0, 15, 2, 9.0, 2, 5.878143530341602
16, 229.0, 1, 13, 2, 0.0, 2, 4.97938592247114
16, 230.0, 1, 12, 1, 0.0, 2, 4.139757978085797
16, 231.0, 0, 10, 2, 0.0, 2, 2.800021494328737
16, 232.0, 0, 10, 0, 0.0, 2, 2.0116330477973534
16, 233.0, 1, 10, 0, 0.0, 2, 1.240901175551958
16, 234.0, 0, 10, 0, 0.0, 2, 0.914389493871532
16, 235.0, 0, 10, 0, 0.0, 2, 0.5901892034712368
16, 236.0, 0, 10, 0, 0.0, 2, 0.4625096370002968
16, 237.0, 1, 9, 1, 0.0, 2, 0.4373728718018697
16, 238.0, 0, 9, 0, 0.0, 2, 0.7297930046873446
16, 239.0, 0, 9, 0, 0.0, 2, 0.5508846199339263
16, 240.0, 1, 8, 1, 0.0, 2, 0.4841407308403376
16, 241.0, 0, 8, 0, 0.0, 2, 0.5956091356509656
16, 242.0, 0, 7, 1, 0.0, 2, 0.26328700904101154
16, 243.0, 1, 7, 0, 0.0, 2, 0.36479023370973174
16, 244.0, 0, 5, 2, 0.0, 2, 0.3059230084252782
16, 245.0, 1, 5, 0, 0.0, 2, 0.26240912302300856
16, 246.0, 1, 4, 1, 0.0, 2, 0.2758386881087773
16, 247.0, 0, 4, 0, 0.0, 2, 0.26730622689420613
16, 248.0, 1, 4, 0, 0.0, 2, 0.16522409151881234
16, 249.0, 0, 3, 1, 0.0, 2, 0.15683582367087823
16, 250.0, 0, 1, 2, 0.0, 1, 0.11450114961353108
16, 251.0, 0, 1, 0, 0.0, 1, 0.0065396368198946675
16, 252.0, 1, 1, 0, 0.0, 1, 0.10423020925807691
16, 253.0, 0, 1, 0, 0.0, 1, 0.033076383202878645
16, 254.0, 0, 1, 0, 0.0, 1, 0.030023012537395033
16, 255.0, 0, 1, 0, 0.0, 1, 0.08551326575857132
16, 256.0, 0, 0, 1, 0, 0, 0
17, 1.0, 0, 2, 0, 0.0, 0, 0.0
17, 2.0, 0, 3, 0, 0.0, 0, 1.0814256854756554
17, 3.0, 0, 5, 0, 0.0, 0, 1.2559462905827157
17, 4.0, 0, 7, 0, 0.0, 0, 1.2603760180273869
17, 5.0, 0, 9, 0, 0.0, 0, 1.356365191048412
17, 6.0, 1, 9, 0, 0.0, 0, 1.287337457469642
17, 7.0, 0, 10, 0, 0.0, 0, 0.9556235514719723
17, 8.0, 0, 11, 0, 0.0, 0, 1.168230593310705
17, 9.0, 0, 12, 0, 0.0, 0, 1.3211245838572987
17, 10.0, 1, 15, 0, 0.0, 0, 1.87574121140802
17, 11.0, 0, 16, 0, 0.0, 0, 2.915579636707669
17, 12.0, 0, 18, 0, 0.0, 0, 2.9505393647644302
17, 13.0, 0, 18, 0, 0.0, 0, 2.696074442852631
17, 14.0, 0, 20, 0, 0.0, 0, 2.625433262070509
17, 15.0, 1, 22, 0, 0.0, 1, 3.5919452441333553
17, 16.0, 1, 23, 0, 0.0, 1, 4.969217992845171
17, 17.0, 1, 23, 0, 2.0, 1, 5.829507570649729
17, 18.0, 1, 25, 0, 4.0, 1, 5.964352536074485
17, 19.0, 0, 25, 0, 0.0, 1, 7.116354863236442
17, 20.0, 0, 27, 0, 0.0, 1, 7.28563339944173
17, 21.0, 0, 27, 0, 2.0, 1, 8.313387525886792
17, 22.0, 1, 28, 0, 0.0, 1, 6.760111564026274
17, 23.0, 1, 30, 0, 0.0, 1, 7.44520854225503
17, 24.0, 0, 31, 0, 0.0, 1, 7.886853398955594
17, 25.0, 0, 33, 0, 2.0, 1, 8.36775767842962
17, 26.0, 0, 36, 0, 5.0, 1, 10.572951535347038
17, 27.0, 1, 38, 0, 3.0, 1, 10.891427812763137
17, 28.0, 1, 40, 0, 1.0, 1, 11.21544303299382
17, 29.0, 1, 41, 0, 2.0, 1, 12.466736980798068
17, 30.0, 0, 41, 0, 4.0, 1, 12.049614326000876
17, 31.0, 1, 46, 0, 5.0, 1, 11.087479839432334
17, 32.0, 0, 47, 1, 8.0, 1, 11.980197090795285
17, 33.0, 0, 46, 1, 12.0, 1, 12.751960641081002
17, 34.0, 0, 47, 0, 9.0, 1, 12.081201772414534
17, 35.0, 1, 46, 2, 12.0, 1, 12.151859448022199
17, 36.0, 0, 47, 0, 16.0, 3, 12.985153042276085
17, 37.0, 1, 48, 0, 18.0, 3, 13.02907578889303
17, 38.0, 1, 47, 2, 16.0, 3, 15.209976813982973
17, 39.0, 0, 45, 4, 20.0, 4, 16.270735763186995
17, 40.0, 1, 49, 0, 23.0, 4, 17.364699548222124
17, 41.0, 1, 49, 0, 18.0, 4, 18.653574223877005
17, 42.0, 0, 51, 0, 17.0, 4, 18.2051636189489
17, 43.0, 0, 53, 1, 6.0, 4, 17.86363396505484
17, 44.0, 1, 55, 0, 5.0, 5, 17.324884380266063
17, 45.0, 1, 54, 1, 8.0, 5, 17.531068852260358
17, 46.0, 0, 54, 1, 2.0, 5, 16.714936499614655
17, 47.0, 1, 56, 2, 1.0, 5, 13.705117334814645
17, 48.0, 0, 56, 0, 1.0, 5, 14.013486757307014
17, 49.0, 1, 56, 0, 0.0, 6, 13.566249746297228
17, 50.0, 1, 57, 1, 1.0, 6, 11.842686966534284
17, 51.0, 1, 59, 1, 3.0, 6, 12.451627865153068
17, 52.0, 1, 60, 0, 5.0, 6, 11.67939211327114
17, 53.0, 0, 60, 1, 0.0, 7, 11.963057561526902
17, 54.0, 0, 59, 3, 0.0, 6, 11.766568155214143
17, 55.0, 1, 57, 2, 0.0, 6, 12.643846439938185
17, 56.0, 0, 58, 1, 1.0, 5, 14.100330060826165
17, 57.0, 0, 57, 2, 4.0, 5, 14.780608396885562
17, 58.0, 1, 56, 1, 8.0, 5, 14.792927036119186
17, 59.0, 1, 56, 1, 13.0, 4, 14.546071481172842
17, 60.0, 0, 55, 2, 18.0, 4, 14.430702691980851
17, 61.0, 0, 53, 4, 24.0, 4, 15.712425613884603
17, 62.0, 0, 52, 4, 30.0, 3, 15.897801632062716
17, 63.0, 0, 49, 4, 37.0, 2, 18.82974688623581
17, 64.0, 1, 49, 2, 34.0, 2, 17.663271181095023
17, 65.0, 1, 48, 1, 38.0, 2, 17.778212184781463
17, 66.0, 0, 49, 1, 35.0, 2, 17.573412220775836
17, 67.0, 1, 48, 1, 41.0, 3, 17.95091344677049
17, 68.0, 1, 49, 0, 21.0, 3, 16.964398433911192
17, 69.0, 1, 48, 1, 25.0, 3, 15.75053997372795
17, 70.0, 1, 48, 0, 29.0, 3, 15.792684071377336
17, 71.0, 0, 47, 2, 29.0, 4, 16.152444241429738
17, 72.0, 0, 47, 2, 27.0, 3, 15.223664343283126
17, 73.0, 1, 47, 2, 30.0, 3, 14.175056751785117
17, 74.0, 1, 46, 1, 30.0, 3, 14.35716496696932
17, 75.0, 1, 48, 1, 32.0, 3, 13.34074132190956
17, 76.0, 1, 50, 1, 34.0, 3, 13.86226854498407
17, 77.0, 1, 51, 0, 36.0, 3, 14.27571579629013
17, 78.0, 1, 50, 1, 42.0, 3, 13.925962468997252
17, 79.0, 1, 51, 0, 48.0, 3, 13.000755275421218
17, 80.0, 1, 52, 0, 34.0, 3, 13.6496091226725
17, 81.0, 1, 50, 3, 41.0, 3, 13.474322393961746
17, 82.0, 0, 51, 2, 41.0, 3, 11.946475096199645
17, 83.0, 1, 51, 1, 24.0, 3, 13.279490243044826
17, 84.0, 1, 49, 2, 23.0, 3, 12.98232780066826
17, 85.0, 1, 51, 1, 28.0, 3, 12.691213387829361
17, 86.0, 1, 50, 1, 33.0, 3, 13.39800451153856
17, 87.0, 0, 48, 2, 3.0, 2, 13.090228307536213
17, 88.0, 1, 47, 3, 2.0, 2, 12.411905431395304
17, 89.0, 0, 46, 1, 2.0, 3, 13.942409348531925
17, 90.0, 0, 44, 4, 5.0, 3, 13.740105948551326
17, 91.0, 1, 44, 2, 1.0, 2, 13.576818677873272
17, 92.0, 1, 44, 1, 0.0, 2, 13.607283444622722
17, 93.0, 0, 45, 0, 1.0, 2, 13.89460767324964
17, 94.0, 1, 47, 0, 4.0, 2, 13.13083140857753
17, 95.0, 0, 45, 2, 8.0, 2, 12.80491856752946
17, 96.0, 0, 44, 2, 10.0, 2, 12.696470956548385
17, 97.0, 1, 44, 1, 7.0, 2, 13.597536356916109
17, 98.0, 1, 46, 0, 4.0, 2, 12.988704931910146
17, 99.0, 1, 48, 1, 1.0, 2, 13.823321461929693
17, 100.0, 0, 49, 1, 1.0, 2, 13.710554277461894
17, 101.0, 1, 49, 1, 2.0, 2, 11.690378573045141
17, 102.0, 0, 49, 1, 0.0, 2, 10.96550917387106
17, 103.0, 1, 52, 1, 0.0, 2, 10.859614357183093
17, 104.0, 1, 52, 1, 0.0, 2, 10.612035636021782
17, 105.0, 1, 51, 2, 2.0, 2, 11.613480467434236
17, 106.0, 1, 52, 0, 4.0, 2, 9.960035826665772
17, 107.0, 1, 50, 2, 7.0, 2, 10.354605048166484
17, 108.0, 1, 48, 3, 10.0, 2, 10.75702833725479
17, 109.0, 1, 46, 2, 13.0, 2, 10.011267203916871
17, 110.0, 0, 47, 1, 0.0, 3, 9.92323360448046
17, 111.0, 1, 46, 1, 0.0, 4, 10.13065918201994
17, 112.0, 0, 44, 2, 1.0, 5, 9.838008982030637
17, 113.0, 1, 46, 0, 1.0, 7, 9.803092338622347
17, 114.0, 1, 47, 0, 3.0, 7, 10.1533375625428
17, 115.0, 1, 47, 1, 6.0, 7, 11.407536378212667
17, 116.0, 0, 50, 1, 3.0, 7, 11.46867743196245
17, 117.0, 0, 48, 3, 0.0, 6, 12.349427572194626
17, 118.0, 1, 44, 6, 0.0, 6, 10.207221642811879
17, 119.0, 1, 44, 1, 0.0, 6, 10.143156481165787
17, 120.0, 0, 44, 2, 0.0, 5, 9.364003602610858
17, 121.0, 1, 45, 2, 0.0, 5, 8.243353482936477
17, 122.0, 0, 48, 0, 1.0, 5, 9.048749150392997
17, 123.0, 1, 50, 1, 3.0, 6, 8.477343404875016
17, 124.0, 1, 50, 1, 2.0, 6, 9.191786349697855
17, 125.0, 1, 50, 1, 3.0, 6, 9.898105528556794
17, 126.0, 1, 49, 1, 5.0, 5, 8.855920641910217
17, 127.0, 1, 48, 2, 8.0, 5, 9.370660007818742
17, 128.0, 1, 48, 1, 11.0, 4, 8.985277118760843
17, 129.0, 1, 48, 3, 15.0, 3, 10.198776679393225
17, 130.0, 1, 48, 1, 19.0, 3, 12.137371548227087
17, 131.0, 1, 48, 1, 24.0, 3, 11.180758826499574
17, 132.0, 1, 48, 1, 17.0, 2, 11.820343959417185
17, 133.0, 1, 46, 2, 21.0, 1, 11.258791951447671
17, 134.0, 0, 48, 0, 0.0, 2, 11.21186636443391
17, 135.0, 1, 48, 3, 0.0, 5, 13.38691205604527
17, 136.0, 1, 49, 0, 3.0, 5, 15.868251173922495
17, 137.0, 1, 46, 3, 10.0, 5, 16.11245755469404
17, 138.0, 0, 48, 0, 9.0, 6, 15.242272412770088
17, 139.0, 1, 47, 1, 14.0, 7, 14.807898176710202
17, 140.0, 1, 48, 1, 20.0, 8, 14.557638279691961
17, 141.0, 1, 50, 1, 26.0, 8, 16.013196346399514
17, 142.0, 0, 51, 0, 28.0, 8, 17.569952457748542
17, 143.0, 1, 51, 1, 10.0, 8, 15.157431844280158
17, 144.0, 1, 50, 1, 7.0, 8, 13.94976625638949
17, 145.0, 1, 49, 2, 9.0, 8, 12.309264960763022
17, 146.0, 1, 49, 1, 11.0, 8, 11.394354658883152
17, 147.0, 1, 48, 2, 13.0, 8, 12.050057977692479
17, 148.0, 1, 47, 1, 15.0, 8, 10.541273588884764
17, 149.0, 1, 45, 3, 17.0, 8, 9.337391003335368
17, 150.0, 1, 45, 1, 21.0, 8, 10.119612299680504
17, 151.0, 0, 47, 1, 14.0, 9, 10.128843498050777
17, 152.0, 0, 46, 1, 0.0, 9, 9.93095105822351
17, 153.0, 1, 46, 1, 1.0, 9, 10.035927694462872
17, 154.0, 0, 46, 1, 3.0, 9, 10.094636268088694
17, 155.0, 0, 46, 2, 6.0, 8, 10.62454326762196
17, 156.0, 0, 48, 0, 10.0, 8, 11.53007793004505
17, 157.0, 0, 46, 2, 9.0, 6, 10.699219698616407
17, 158.0, 1, 46, 2, 0.0, 6, 9.563340729242576
17, 159.0, 0, 48, 0, 0.0, 6, 9.260337840073912
17, 160.0, 1, 46, 3, 0.0, 4, 10.118972734155468
17, 161.0, 1, 45, 1, 1.0, 4, 8.513636328383436
17, 162.0, 0, 41, 5, 0.0, 2, 6.906327851283324
17, 163.0, 1, 38, 4, 0.0, 2, 6.4646880885219575
17, 164.0, 1, 40, 0, 0.0, 2, 5.397579758267443
17, 165.0, 0, 40, 0, 0.0, 2, 5.122777630900833
17, 166.0, 1, 42, 1, 0.0, 3, 5.750195963312896
17, 167.0, 1, 40, 2, 1.0, 3, 6.437675220639909
17, 168.0, 0, 43, 0, 0.0, 5, 7.661165848255322
17, 169.0, 1, 44, 0, 1.0, 5, 7.785611297179548
17, 170.0, 1, 43, 2, 2.0, 5, 7.895672701298836
17, 171.0, 1, 46, 0, 4.0, 5, 8.124397461924508
17, 172.0, 0, 44, 3, 1.0, 6, 10.090118075677427
17, 173.0, 1, 45, 2, 0.0, 6, 9.333717811858412
17, 174.0, 0, 45, 3, 0.0, 7, 10.309860716536761
17, 175.0, 0, 47, 2, 0.0, 6, 10.394199653324693
17, 176.0, 0, 48, 0, 1.0, 6, 10.37330060958487
17, 177.0, 1, 48, 0, 0.0, 6, 8.228562540521096
17, 178.0, 1, 48, 2, 0.0, 6, 8.268551840970597
17, 179.0, 0, 47, 1, 1.0, 5, 9.49956311682333
17, 180.0, 1, 46, 1, 3.0, 7, 10.589974887068525
17, 181.0, 0, 45, 2, 1.0, 7, 10.240918597138666
17, 182.0, 0, 44, 2, 2.0, 7, 10.173752126012532
17, 183.0, 1, 44, 0, 6.0, 8, 10.162335718647846
17, 184.0, 1, 44, 0, 11.0, 8, 11.266955354385699
17, 185.0, 0, 42, 3, 12.0, 9, 11.932650610728386
17, 186.0, 0, 47, 0, 15.0, 9, 13.753701938404028
17, 187.0, 1, 48, 1, 2.0, 10, 16.896264746217142
17, 188.0, 1, 45, 4, 3.0, 8, 16.93009897875567
17, 189.0, 0, 45, 1, 1.0, 10, 16.559954141823408
17, 190.0, 0, 48, 0, 5.0, 10, 16.52273768853686
17, 191.0, 1, 50, 0, 7.0, 10, 15.93999185308965
17, 192.0, 1, 50, 1, 11.0, 10, 15.485636504696844
17, 193.0, 0, 53, 1, 16.0, 10, 14.646706143097388
17, 194.0, 1, 52, 1, 21.0, 9, 14.114859940213274
17, 195.0, 0, 53, 1, 27.0, 9, 13.525569572714272
17, 196.0, 1, 54, 0, 33.0, 9, 13.163875491406145
17, 197.0, 1, 54, 0, 22.0, 9, 12.712158604993114
17, 198.0, 0, 53, 3, 27.0, 10, 13.014734314001386
17, 199.0, 1, 53, 1, 19.0, 9, 13.108236437077935
17, 200.0, 0, 53, 1, 22.0, 10, 12.9548365321251
17, 201.0, 1, 50, 3, 4.0, 8, 13.053078715596126
17, 202.0, 0, 49, 1, 7.0, 9, 12.586873214060988
17, 203.0, 1, 48, 1, 8.0, 9, 11.505599396880509
17, 204.0, 1, 45, 3, 11.0, 8, 10.734457567971662
17, 205.0, 1, 45, 0, 10.0, 8, 10.734752623206024
17, 206.0, 1, 40, 5, 13.0, 7, 11.051835322845426
17, 207.0, 1, 39, 1, 17.0, 7, 10.368275152913768
17, 208.0, 1, 38, 1, 22.0, 6, 10.64271633787557
17, 209.0, 1, 36, 2, 28.0, 6, 12.044484247992397
17, 210.0, 1, 36, 0, 35.0, 6, 14.656433460585113
17, 211.0, 1, 36, 0, 43.0, 6, 15.390456663186193
17, 212.0, 1, 35, 1, 53.0, 5, 16.517331727439384
17, 213.0, 1, 35, 0, 64.0, 5, 17.015912345040356
17, 214.0, 1, 33, 2, 51.0, 4, 16.036615463736986
17, 215.0, 0, 32, 1, 28.0, 4, 14.446689273009518
17, 216.0, 0, 29, 3, 25.0, 3, 12.510137462151922
17, 217.0, 0, 27, 2, 25.0, 3, 11.534923641636587
17, 218.0, 0, 27, 0, 27.0, 3, 9.58695525615748
17, 219.0, 0, 24, 3, 31.0, 2, 7.885783155577723
17, 220.0, 1, 23, 1, 14.0, 2, 5.702284255400114
17, 221.0, 0, 23, 0, 7.0, 2, 4.363807649858875
17, 222.0, 1, 22, 1, 1.0, 1, 4.50698948083895
17, 223.0, 1, 22, 0, 2.0, 1, 3.7586861254760127
17, 224.0, 0, 22, 0, 3.0, 1, 2.8612801215755943
17, 225.0, 0, 22, 0, 4.0, 1, 3.5055738896515223
17, 226.0, 0, 20, 2, 5.0, 1, 3.411860907277253
17, 227.0, 1, 18, 2, 6.0, 1, 2.8714875935036965
17, 228.0, 0, 17, 1, 0.0, 1, 2.223574074523897
17, 229.0, 0, 16, 1, 0.0, 1, 2.1728064243216334
17, 230.0, 0, 15, 1, 0.0, 1, 1.5454311225238309
17, 231.0, 1, 14, 1, 0.0, 1, 1.7746342157690087
17, 232.0, 0, 13, 1, 0.0, 1, 1.2569918354841532
17, 233.0, 1, 9, 4, 0.0, 1, 0.803270201487555
17, 234.0, 1, 9, 0, 0.0, 1, 0.8007310018552438
17, 235.0, 0, 7, 2, 0.0, 1, 0.6778847216503561
17, 236.0, 1, 5, 2, 0.0, 1, 0.5979267780491266
17, 237.0, 0, 4, 1, 0.0, 0, 0.46558499828879185
17, 238.0, 0, 4, 0, 0.0, 0, 0.3329303802335932
17, 239.0, 0, 3, 1, 0.0, 0, 0.09901777371304021
17, 240.0, 1, 3, 0, 0.0, 0, 0.2620799841331589
17, 241.0, 0, 3, 0, 0.0, 0, 0.18955394539985804
17, 242.0, 0, 2, 1, 0.0, 0, 0.09290878525329838
17, 243.0, 0, 2, 0, 0.0, 0, 0.07749411537494133
17, 244.0, 0, 1, 1, 0.0, 0, 0.05567909584479125
17, 245.0, 0, 1, 0, 0.0, 0, 0.02564612871860561
17, 246.0, 0, 0, 1, 0, 0, 0
18, 1.0, 1, 2, 0, 0.0, 0, 0.0
18, 2.0, 0, 3, 0, 0.0, 0, 1.0814256854756554
18, 3.0, 0, 5, 0, 0.0, 0, 1.2317430816274335
18, 4.0, 1, 7, 0, 0.0, 0, 1.2562929516962287
18, 5.0, 0, 9, 0, 0.0, 0, 1.3267641311373821
18, 6.0, 0, 9, 0, 0.0, 0, 1.1958048679358226
18, 7.0, 0, 10, 0, 0.0, 0, 0.8231502954305336
18, 8.0, 0, 11, 0, 0.0, 0, 1.0949618552544191
18, 9.0, 0, 12, 0, 0.0, 0, 1.613748799613663
18, 10.0, 0, 15, 0, 0.0, 0, 2.175601847651483
18, 11.0, 0, 16, 0, 0.0, 0, 2.8687765704270403
18, 12.0, 1, 18, 0, 0.0, 0, 3.1083536929101183
18, 13.0, 0, 18, 0, 0.0, 0, 2.6159818975381106
18, 14.0, 0, 20, 0, 0.0, 0, 2.537553971869176
18, 15.0, 0, 22, 0, 0.0, 0, 3.573317235925034
18, 16.0, 1, 23, 0, 0.0, 2, 4.391405767965641
18, 17.0, 1, 23, 0, 0.0, 2, 4.525890604372647
18, 18.0, 1, 25, 0, 2.0, 2, 5.512247895582545
18, 19.0, 1, 25, 0, 4.0, 2, 6.985078428803543
18, 20.0, 1, 27, 0, 7.0, 2, 6.61606997755298
18, 21.0, 1, 28, 0, 9.0, 2, 8.188545892141217
18, 22.0, 1, 28, 0, 12.0, 2, 9.084141466294767
18, 23.0, 1, 30, 0, 15.0, 2, 8.240604617231961
18, 24.0, 1, 31, 0, 19.0, 2, 8.651185598210724
18, 25.0, 1, 33, 0, 23.0, 2, 8.85390658330689
18, 26.0, 1, 36, 0, 28.0, 2, 9.59909506239406
18, 27.0, 1, 38, 0, 34.0, 2, 10.5295855721245
18, 28.0, 1, 40, 0, 40.0, 2, 10.663168934037543
18, 29.0, 1, 41, 0, 46.0, 2, 11.735689169304417
18, 30.0, 1, 41, 0, 52.0, 2, 11.680663938737862
18, 31.0, 0, 46, 0, 17.0, 3, 11.219979483489704
18, 32.0, 1, 47, 1, 7.0, 3, 10.566894062610528
18, 33.0, 0, 45, 2, 0.0, 3, 9.730600516869162
18, 34.0, 1, 46, 0, 1.0, 3, 10.72726385195743
18, 35.0, 1, 47, 0, 2.0, 3, 11.031877753418174
18, 36.0, 1, 47, 1, 3.0, 3, 12.113637694496454
18, 37.0, 0, 47, 1, 5.0, 3, 13.077517259048735
18, 38.0, 0, 47, 1, 7.0, 3, 13.309740041937335
18, 39.0, 1, 48, 0, 6.0, 6, 13.254768844196553
18, 40.0, 0, 52, 1, 1.0, 6, 12.450002697844171
18, 41.0, 1, 50, 2, 0.0, 6, 15.146037165640797
18, 42.0, 0, 52, 0, 0.0, 6, 14.061462596862295
18, 43.0, 0, 52, 3, 1.0, 6, 14.247891127704417
18, 44.0, 0, 53, 1, 4.0, 6, 15.676836001218224
18, 45.0, 1, 53, 0, 4.0, 6, 15.314790117128354
18, 46.0, 0, 52, 2, 7.0, 6, 12.45781642790118
18, 47.0, 0, 55, 1, 11.0, 6, 13.545740866899878
18, 48.0, 1, 54, 1, 15.0, 6, 13.819969275530164
18, 49.0, 1, 54, 0, 15.0, 6, 12.780530769015582
18, 50.0, 0, 56, 0, 8.0, 6, 12.100324415533926
18, 51.0, 1, 57, 2, 9.0, 4, 10.508091907426765
18, 52.0, 1, 57, 1, 10.0, 4, 11.946393736156363
18, 53.0, 1, 57, 1, 12.0, 4, 12.798391316153111
18, 54.0, 1, 57, 2, 1.0, 3, 13.12446001265526
18, 55.0, 1, 54, 3, 3.0, 3, 14.311732496101527
18, 56.0, 1, 53, 3, 6.0, 2, 13.877151194505444
18, 57.0, 1, 52, 2, 12.0, 2, 15.462116599457904
18, 58.0, 1, 52, 0, 20.0, 2, 15.231874316056581
18, 59.0, 0, 52, 1, 2.0, 2, 13.385642855894273
18, 60.0, 0, 49, 4, 0.0, 2, 12.499432091545328
18, 61.0, 0, 49, 2, 0.0, 1, 13.596483705986692
18, 62.0, 1, 51, 1, 0.0, 1, 12.190497113769519
18, 63.0, 1, 51, 1, 1.0, 1, 13.35627132451764
18, 64.0, 0, 50, 3, 5.0, 2, 13.730657528304615
18, 65.0, 0, 49, 1, 9.0, 2, 14.692167563789639
18, 66.0, 1, 50, 1, 9.0, 3, 14.096885149588383
18, 67.0, 1, 49, 1, 6.0, 3, 15.073794785767957
18, 68.0, 0, 49, 1, 0.0, 3, 13.114100761420655
18, 69.0, 0, 49, 0, 0.0, 3, 12.28459271854606
18, 70.0, 1, 49, 0, 0.0, 3, 11.122361202207328
18, 71.0, 1, 48, 2, 1.0, 3, 9.670426055409145
18, 72.0, 1, 49, 1, 2.0, 2, 8.177584956782006
18, 73.0, 1, 50, 1, 3.0, 2, 7.514700063070792
18, 74.0, 1, 47, 3, 4.0, 2, 9.25222725177817
18, 75.0, 1, 46, 4, 0.0, 2, 8.140332701882324
18, 76.0, 1, 49, 0, 0.0, 2, 8.892457747823068
18, 77.0, 0, 49, 1, 0.0, 2, 9.315788472618417
18, 78.0, 1, 48, 1, 0.0, 3, 8.456672119818627
18, 79.0, 1, 47, 2, 0.0, 3, 7.181818401261948
18, 80.0, 0, 45, 3, 0.0, 3, 6.588449183577471
18, 81.0, 0, 44, 2, 0.0, 2, 6.230034811195046
18, 82.0, 0, 47, 0, 0.0, 2, 6.630586672688574
18, 83.0, 1, 46, 2, 0.0, 2, 7.374391722681247
18, 84.0, 1, 44, 2, 1.0, 2, 7.1821406648107144
18, 85.0, 1, 45, 2, 2.0, 2, 7.6840739550355535
18, 86.0, 1, 45, 0, 4.0, 2, 7.795054074298922
18, 87.0, 1, 42, 3, 6.0, 2, 8.573174864762095
18, 88.0, 1, 43, 1, 4.0, 2, 8.856994405737378
18, 89.0, 1, 39, 4, 2.0, 2, 9.476308695826992
18, 90.0, 1, 39, 2, 2.0, 2, 10.045568692368658
18, 91.0, 1, 40, 1, 4.0, 2, 10.047659024214171
18, 92.0, 1, 40, 1, 7.0, 2, 10.763206062043466
18, 93.0, 1, 39, 2, 10.0, 2, 10.460235781950983
18, 94.0, 1, 40, 1, 13.0, 1, 10.351073132161996
18, 95.0, 1, 38, 2, 17.0, 0, 11.723746519933336
18, 96.0, 1, 39, 0, 21.0, 0, 11.091870270074141
18, 97.0, 0, 38, 2, 5.0, 1, 12.477393161090298
18, 98.0, 1, 40, 0, 6.0, 1, 10.142074728136555
18, 99.0, 1, 43, 0, 4.0, 1, 10.935870194713681
18, 100.0, 0, 44, 1, 3.0, 1, 10.279299601599734
18, 101.0, 1, 45, 0, 1.0, 1, 9.073863029972085
18, 102.0, 1, 45, 1, 2.0, 1, 8.819606689242788
18, 103.0, 1, 49, 0, 3.0, 1, 8.391436003353672
18, 104.0, 1, 48, 2, 4.0, 1, 9.364891598435406
18, 105.0, 1, 49, 0, 6.0, 1, 9.467869321872108
18, 106.0, 1, 49, 1, 8.0, 1, 9.871127941568604
18, 107.0, 1, 46, 3, 12.0, 1, 8.951335145616872
18, 108.0, 0, 45, 2, 0.0, 1, 7.718758079711351
18, 109.0, 0, 45, 0, 0.0, 1, 6.964255447213216
18, 110.0, 1, 47, 0, 0.0, 2, 7.509329783556939
18, 111.0, 1, 45, 2, 2.0, 1, 8.90494033867697
18, 112.0, 1, 43, 2, 4.0, 1, 8.834252385818278
18, 113.0, 1, 41, 4, 6.0, 1, 8.30813963576217
18, 114.0, 1, 42, 0, 11.0, 1, 8.193569007972629
18, 115.0, 1, 41, 2, 11.0, 1, 10.088866865038021
18, 116.0, 1, 44, 1, 15.0, 1, 11.409589299057583
18, 117.0, 1, 44, 1, 20.0, 1, 11.806313673347349
18, 118.0, 1, 43, 3, 25.0, 1, 12.441258438806617
18, 119.0, 1, 42, 2, 31.0, 1, 11.653563664960013
18, 120.0, 1, 42, 2, 38.0, 1, 11.185088549148476
18, 121.0, 1, 44, 1, 45.0, 1, 11.50271339907359
18, 122.0, 1, 47, 0, 52.0, 1, 11.664001072609409
18, 123.0, 1, 49, 1, 59.0, 1, 12.158515569724791
18, 124.0, 1, 48, 2, 67.0, 1, 12.549343480887638
18, 125.0, 1, 48, 1, 75.0, 1, 12.647551281257986
18, 126.0, 0, 47, 1, 3.0, 1, 12.462470659444598
18, 127.0, 1, 48, 0, 0.0, 1, 10.240956296296028
18, 128.0, 0, 45, 4, 2.0, 2, 11.157915278604781
18, 129.0, 1, 48, 0, 3.0, 3, 12.694891862394277
18, 130.0, 0, 48, 1, 3.0, 5, 13.590670242531242
18, 131.0, 1, 47, 2, 4.0, 5, 12.722009640478213
18, 132.0, 1, 46, 2, 5.0, 5, 12.4031592067794
18, 133.0, 1, 45, 1, 7.0, 5, 14.336452063463542
18, 134.0, 0, 47, 0, 8.0, 5, 14.764014760497602
18, 135.0, 1, 49, 1, 9.0, 9, 17.30145253466299
18, 136.0, 1, 50, 0, 14.0, 9, 19.07571312141375
18, 137.0, 1, 50, 0, 22.0, 9, 18.556420122926752
18, 138.0, 1, 51, 1, 30.0, 9, 18.077031782649613
18, 139.0, 1, 51, 0, 34.0, 9, 18.680602723098772
18, 140.0, 1, 52, 1, 42.0, 9, 17.019133475107793
18, 141.0, 1, 53, 2, 47.0, 9, 17.102870681688287
18, 142.0, 1, 53, 1, 40.0, 9, 17.753450723635922
18, 143.0, 1, 54, 0, 39.0, 9, 16.502866227603636
18, 144.0, 1, 54, 0, 42.0, 9, 15.155454564278488
18, 145.0, 1, 51, 4, 48.0, 6, 15.217413775450432
18, 146.0, 0, 49, 3, 0.0, 7, 14.896951089119293
18, 147.0, 1, 47, 3, 0.0, 7, 13.095611214631155
18, 148.0, 1, 46, 1, 2.0, 7, 13.753573040473128
18, 149.0, 1, 47, 0, 5.0, 7, 13.96330894919677
18, 150.0, 0, 48, 0, 8.0, 7, 14.536709408534826
18, 151.0, 1, 50, 1, 10.0, 7, 14.322909078888962
18, 152.0, 1, 48, 2, 9.0, 7, 13.747530520936103
18, 153.0, 0, 48, 1, 12.0, 7, 13.22137089804466
18, 154.0, 0, 47, 2, 10.0, 7, 13.796067370872912
18, 155.0, 0, 49, 0, 12.0, 7, 14.264779755571087
18, 156.0, 1, 49, 2, 11.0, 7, 13.826565247289535
18, 157.0, 0, 47, 2, 15.0, 7, 12.881459545144294
18, 158.0, 1, 49, 0, 6.0, 8, 13.705902982752693
18, 159.0, 1, 49, 2, 10.0, 7, 11.97615816665084
18, 160.0, 0, 48, 2, 9.0, 7, 12.487435872253398
18, 161.0, 1, 47, 1, 13.0, 7, 12.654805165985556
18, 162.0, 1, 46, 2, 19.0, 6, 12.122178969943631
18, 163.0, 1, 46, 1, 25.0, 6, 11.61075599361905
18, 164.0, 0, 47, 1, 26.0, 6, 12.623520115349077
18, 165.0, 1, 43, 4, 29.0, 6, 12.877815150241634
18, 166.0, 1, 44, 2, 26.0, 5, 13.241005372195698
18, 167.0, 1, 44, 0, 26.0, 5, 13.766535328870836
18, 168.0, 0, 47, 0, 1.0, 6, 13.615370959117245
18, 169.0, 1, 47, 1, 3.0, 5, 12.114807217068856
18, 170.0, 0, 45, 3, 6.0, 4, 11.318279053461179
18, 171.0, 0, 47, 1, 2.0, 4, 10.41091294679661
18, 172.0, 1, 47, 1, 0.0, 4, 10.676378701450274
18, 173.0, 1, 48, 2, 0.0, 4, 9.39612903173357
18, 174.0, 0, 50, 1, 0.0, 4, 10.772530162288266
18, 175.0, 1, 53, 1, 0.0, 4, 9.956637595019126
18, 176.0, 1, 53, 1, 0.0, 4, 8.582851079632782
18, 177.0, 1, 53, 0, 1.0, 4, 8.516329401025727
18, 178.0, 0, 54, 1, 0.0, 4, 7.946380915576434
18, 179.0, 1, 53, 1, 0.0, 5, 9.139875458544495
18, 180.0, 1, 52, 1, 0.0, 5, 8.579840047987016
18, 181.0, 1, 51, 2, 2.0, 5, 8.349843168545146
18, 182.0, 0, 52, 0, 0.0, 6, 8.434852005245109
18, 183.0, 0, 48, 4, 1.0, 6, 8.245595586557647
18, 184.0, 1, 48, 0, 0.0, 6, 8.162631965979656
18, 185.0, 0, 49, 0, 0.0, 7, 9.28923659439263
18, 186.0, 1, 50, 4, 2.0, 9, 11.103538364854394
18, 187.0, 0, 49, 3, 4.0, 7, 13.273466397869777
18, 188.0, 1, 46, 4, 9.0, 8, 16.935094487772016
18, 189.0, 0, 47, 0, 10.0, 9, 17.266459420746262
18, 190.0, 1, 50, 0, 14.0, 10, 15.878409185274236
18, 191.0, 1, 51, 1, 19.0, 10, 16.567437860274616
18, 192.0, 0, 51, 1, 21.0, 11, 17.12002368404393
18, 193.0, 0, 52, 3, 28.0, 10, 15.25888764068602
18, 194.0, 1, 51, 1, 29.0, 10, 15.068067316313195
18, 195.0, 0, 51, 2, 34.0, 11, 12.726250102993456
18, 196.0, 0, 51, 1, 13.0, 11, 12.548034239253695
18, 197.0, 0, 50, 1, 1.0, 10, 12.230828137432733
18, 198.0, 1, 50, 2, 0.0, 10, 9.985211607108102
18, 199.0, 0, 50, 1, 1.0, 13, 10.572078294394096
18, 200.0, 1, 50, 1, 0.0, 13, 10.77904804461831
18, 201.0, 0, 48, 2, 0.0, 12, 9.738928163550973
18, 202.0, 1, 47, 1, 0.0, 13, 10.004621502092379
18, 203.0, 1, 47, 0, 1.0, 13, 8.905210227572258
18, 204.0, 1, 45, 2, 3.0, 12, 8.099238962697934
18, 205.0, 1, 45, 0, 6.0, 12, 8.915032553926219
18, 206.0, 1, 43, 2, 9.0, 11, 10.503473789682136
18, 207.0, 1, 42, 1, 14.0, 11, 11.570297103925263
18, 208.0, 0, 41, 1, 14.0, 11, 11.929087446462953
18, 209.0, 0, 38, 3, 14.0, 10, 12.44625096276424
18, 210.0, 0, 35, 3, 19.0, 8, 15.229638482868745
18, 211.0, 1, 33, 2, 22.0, 6, 15.711102255010882
18, 212.0, 1, 33, 0, 30.0, 6, 17.761919366319145
18, 213.0, 1, 30, 3, 36.0, 5, 18.281463534519606
18, 214.0, 0, 28, 2, 35.0, 4, 17.969388612100296
18, 215.0, 1, 26, 2, 41.0, 2, 17.485235611370094
18, 216.0, 0, 25, 1, 52.0, 2, 15.82541422652649
18, 217.0, 1, 25, 0, 60.0, 2, 14.658963290416146
18, 218.0, 0, 25, 0, 48.0, 2, 12.92469725175156
18, 219.0, 0, 24, 1, 50.0, 2, 10.90451020858007
18, 220.0, 0, 24, 0, 49.0, 2, 9.65369560289102
18, 221.0, 0, 22, 2, 54.0, 2, 8.609926907396524
18, 222.0, 1, 22, 0, 41.0, 2, 7.326332139492671
18, 223.0, 1, 22, 0, 28.0, 2, 6.237759946437381
18, 224.0, 1, 22, 0, 19.0, 2, 6.036447532323831
18, 225.0, 1, 22, 0, 21.0, 2, 4.626696946756413
18, 226.0, 0, 21, 1, 12.0, 1, 3.6236820876579725
18, 227.0, 1, 21, 0, 13.0, 1, 3.1033241423326277
18, 228.0, 0, 21, 0, 14.0, 2, 3.7562463358595184
18, 229.0, 0, 18, 3, 16.0, 2, 3.9340161528367243
18, 230.0, 0, 16, 2, 16.0, 2, 3.377335961869653
18, 231.0, 0, 15, 1, 0.0, 2, 2.7252381736582407
18, 232.0, 0, 15, 0, 0.0, 2, 2.07802137170143
18, 233.0, 0, 13, 2, 0.0, 1, 1.4593097483273656
18, 234.0, 0, 11, 2, 0.0, 1, 1.184371067704065
18, 235.0, 0, 9, 2, 0.0, 1, 0.9665887847650296
18, 236.0, 0, 9, 0, 0.0, 1, 0.8355006678939905
18, 237.0, 0, 9, 0, 0.0, 1, 0.5628863018374801
18, 238.0, 0, 9, 0, 0.0, 1, 0.7147861213560329
18, 239.0, 0, 7, 2, 0.0, 1, 0.553423967852952
18, 240.0, 1, 7, 0, 0.0, 1, 0.34694539150197024
18, 241.0, 0, 4, 3, 0.0, 1, 0.15865601703220733
18, 242.0, 0, 3, 1, 0.0, 1, 0.04350802326042569
18, 243.0, 0, 3, 0, 0.0, 1, 0.1789090348260487
18, 244.0, 0, 2, 1, 0.0, 1, 0.16468245657128477
18, 245.0, 0, 2, 0, 0.0, 1, 0.14033839975570572
18, 246.0, 0, 1, 1, 0.0, 1, 0.0555361892316526
18, 247.0, 0, 1, 0, 0.0, 1, 0.020468472292655804
18, 248.0, 0, 1, 0, 0.0, 1, 0.0026042340023977317
18, 249.0, 0, 1, 0, 0.0, 1, 0.05375415807105455
18, 250.0, 0, 0, 1, 0, 0, 0
19, 1.0, 0, 2, 0, 0.0, 0, 0.0
19, 2.0, 1, 3, 0, 0.0, 0, 1.0814256854756554
19, 3.0, 0, 5, 0, 0.0, 0, 1.2559462905827157
19, 4.0, 0, 7, 0, 0.0, 0, 1.2603760180273869
19, 5.0, 0, 9, 0, 0.0, 0, 1.356365191048412
19, 6.0, 1, 9, 0, 0.0, 0, 1.287337457469642
19, 7.0, 1, 10, 0, 0.0, 0, 0.9556235514719723
19, 8.0, 0, 11, 0, 0.0, 0, 1.168230593310705
19, 9.0, 0, 12, 0, 0.0, 0, 1.3211245838572987
19, 10.0, 0, 15, 0, 0.0, 0, 1.87574121140802
19, 11.0, 1, 16, 0, 0.0, 0, 2.915579636707669
19, 12.0, 1, 18, 0, 0.0, 0, 2.9377218912341223
19, 13.0, 0, 18, 0, 0.0, 0, 2.6102026443438984
19, 14.0, 1, 20, 0, 0.0, 0, 2.274797651830965
19, 15.0, 1, 22, 0, 0.0, 0, 3.434769177266822
19, 16.0, 0, 23, 0, 0.0, 0, 4.148919486147063
19, 17.0, 1, 23, 0, 1.0, 1, 5.3782685427985415
19, 18.0, 0, 25, 0, 0.0, 1, 4.820272139237707
19, 19.0, 0, 25, 0, 0.0, 1, 6.161519513294664
19, 20.0, 0, 27, 0, 0.0, 1, 6.185620921806547
19, 21.0, 0, 27, 0, 0.0, 1, 8.410894010114873
19, 22.0, 0, 28, 0, 1.0, 1, 7.9621729045983916
19, 23.0, 0, 30, 0, 3.0, 1, 9.41362587158259
19, 24.0, 1, 31, 0, 0.0, 1, 8.997888757420077
19, 25.0, 0, 33, 0, 1.0, 3, 8.526446689605645
19, 26.0, 1, 36, 0, 1.0, 3, 8.856109617959946
19, 27.0, 1, 38, 0, 1.0, 3, 9.405633557049502
19, 28.0, 0, 40, 0, 3.0, 4, 9.749458784517667
19, 29.0, 1, 41, 0, 3.0, 4, 9.92694655429135
19, 30.0, 1, 41, 0, 4.0, 4, 9.457311691150878
19, 31.0, 1, 45, 1, 0.0, 4, 8.515639978177006
19, 32.0, 1, 46, 1, 0.0, 4, 8.244936456243167
19, 33.0, 1, 46, 0, 1.0, 4, 8.090459269781086
19, 34.0, 0, 47, 0, 0.0, 5, 7.578115237165238
19, 35.0, 1, 46, 2, 0.0, 5, 6.2505034092072975
19, 36.0, 1, 47, 0, 0.0, 5, 6.332946200337508
19, 37.0, 1, 47, 1, 0.0, 5, 6.817461870631019
19, 38.0, 1, 46, 2, 0.0, 4, 6.853456063605601
19, 39.0, 1, 47, 1, 1.0, 3, 8.724243547207658
19, 40.0, 1, 50, 1, 3.0, 3, 9.721048820672717
19, 41.0, 1, 48, 2, 5.0, 3, 11.139683471664997
19, 42.0, 1, 50, 0, 7.0, 3, 11.025846971567542
19, 43.0, 1, 53, 0, 11.0, 3, 12.927536830935656
19, 44.0, 0, 53, 1, 7.0, 6, 14.869791740482654
19, 45.0, 1, 52, 2, 10.0, 7, 13.8333719698619
19, 46.0, 0, 50, 3, 9.0, 6, 12.85344730985861
19, 47.0, 0, 52, 1, 11.0, 6, 12.866549927238726
19, 48.0, 1, 50, 3, 5.0, 5, 13.000153589616529
19, 49.0, 1, 50, 0, 7.0, 5, 12.703337160786937
19, 50.0, 1, 50, 2, 11.0, 5, 12.09225964715049
19, 51.0, 1, 52, 1, 15.0, 5, 11.421178175644771
19, 52.0, 0, 50, 3, 3.0, 5, 12.126804081553717
19, 53.0, 1, 50, 1, 5.0, 6, 11.014136397990628
19, 54.0, 1, 51, 1, 7.0, 6, 12.272296062528666
19, 55.0, 1, 49, 2, 11.0, 6, 13.58221787547114
19, 56.0, 1, 50, 1, 15.0, 6, 13.349629601890259
19, 57.0, 1, 50, 1, 19.0, 6, 13.634976650008419
19, 58.0, 0, 49, 1, 10.0, 7, 13.160908955972953
19, 59.0, 0, 49, 1, 12.0, 7, 12.39463752229933
19, 60.0, 1, 48, 2, 12.0, 7, 13.470133316922547
19, 61.0, 1, 49, 1, 16.0, 6, 13.85734717981733
19, 62.0, 1, 52, 0, 20.0, 6, 14.654835363377593
19, 63.0, 1, 51, 2, 25.0, 5, 16.356278018177385
19, 64.0, 1, 51, 2, 17.0, 4, 16.539490703720535
19, 65.0, 1, 51, 0, 20.0, 4, 17.44108741623878
19, 66.0, 1, 51, 2, 26.0, 4, 16.544651709032138
19, 67.0, 1, 49, 2, 34.0, 4, 17.28828919905053
19, 68.0, 0, 48, 2, 24.0, 4, 15.334928607407463
19, 69.0, 1, 46, 2, 29.0, 5, 14.435894663886959
19, 70.0, 1, 44, 2, 35.0, 5, 14.275657832163073
19, 71.0, 1, 45, 0, 42.0, 5, 14.892865019542967
19, 72.0, 1, 47, 0, 37.0, 5, 14.924996869635555
19, 73.0, 1, 47, 2, 38.0, 5, 15.192273576707315
19, 74.0, 1, 47, 0, 32.0, 5, 15.28203327924595
19, 75.0, 1, 51, 0, 39.0, 5, 15.446882023011645
19, 76.0, 0, 51, 2, 12.0, 4, 15.602276404694662
19, 77.0, 1, 52, 0, 9.0, 4, 15.413520566683914
19, 78.0, 1, 51, 1, 7.0, 4, 13.885476780310166
19, 79.0, 0, 48, 4, 8.0, 3, 12.898665323256148
19, 80.0, 0, 49, 0, 9.0, 3, 12.298915958738881
19, 81.0, 0, 47, 3, 12.0, 2, 12.264872812392975
19, 82.0, 0, 50, 0, 18.0, 2, 12.36875842151924
19, 83.0, 0, 50, 1, 26.0, 2, 13.897778564890098
19, 84.0, 0, 48, 2, 28.0, 2, 13.786240073913076
19, 85.0, 0, 51, 0, 29.0, 2, 13.676581708695522
19, 86.0, 1, 49, 2, 18.0, 2, 14.148805689359122
19, 87.0, 1, 48, 1, 12.0, 2, 13.117305466605812
19, 88.0, 0, 50, 0, 7.0, 4, 15.09894259878571
19, 89.0, 1, 46, 4, 8.0, 5, 14.522685179068903
19, 90.0, 0, 46, 2, 10.0, 5, 13.815492977182318
19, 91.0, 0, 48, 0, 1.0, 5, 14.268413777317011
19, 92.0, 0, 47, 2, 4.0, 5, 14.680173792451301
19, 93.0, 1, 46, 2, 4.0, 5, 13.534111864834166
19, 94.0, 1, 48, 0, 3.0, 5, 12.297670307601564
19, 95.0, 1, 46, 2, 4.0, 4, 14.571099309820084
19, 96.0, 1, 45, 2, 5.0, 4, 12.819946058409215
19, 97.0, 1, 45, 1, 1.0, 4, 12.969542968552423
19, 98.0, 1, 47, 0, 2.0, 4, 13.372968330470979
19, 99.0, 1, 50, 1, 6.0, 4, 12.818817499607096
19, 100.0, 1, 51, 0, 3.0, 4, 13.97049489906573
19, 101.0, 1, 49, 3, 5.0, 3, 11.77133661754745
19, 102.0, 1, 47, 3, 7.0, 3, 11.777989073651737
19, 103.0, 0, 50, 1, 0.0, 3, 10.285720115767583
19, 104.0, 1, 51, 0, 0.0, 3, 9.886158572070359
19, 105.0, 0, 50, 1, 0.0, 4, 10.72919763393457
19, 106.0, 1, 51, 1, 1.0, 3, 8.924647016846253
19, 107.0, 1, 51, 0, 0.0, 3, 8.621250125662757
19, 108.0, 0, 49, 3, 0.0, 3, 8.527327465767858
19, 109.0, 0, 48, 1, 0.0, 3, 8.289417593390558
19, 110.0, 0, 48, 2, 0.0, 3, 8.145697687467527
19, 111.0, 0, 46, 2, 1.0, 2, 9.537047554960772
19, 112.0, 1, 45, 1, 1.0, 3, 10.046453237412763
19, 113.0, 0, 46, 1, 2.0, 3, 10.072711616951759
19, 114.0, 1, 45, 2, 3.0, 3, 10.955757192052161
19, 115.0, 1, 43, 3, 4.0, 2, 11.064469918700553
19, 116.0, 0, 47, 0, 5.0, 3, 11.282289763485492
19, 117.0, 0, 47, 1, 2.0, 3, 12.069159463649068
19, 118.0, 1, 46, 3, 5.0, 3, 9.925853510610928
19, 119.0, 0, 42, 5, 8.0, 2, 10.574492554984618
19, 120.0, 1, 44, 0, 12.0, 2, 10.830031729401872
19, 121.0, 1, 46, 1, 13.0, 2, 10.88316080421399
19, 122.0, 0, 48, 1, 18.0, 2, 11.942462134836324
19, 123.0, 1, 48, 3, 11.0, 2, 11.851731233738446
19, 124.0, 1, 48, 1, 15.0, 2, 12.879796134941422
19, 125.0, 1, 48, 1, 19.0, 2, 12.289086481110113
19, 126.0, 1, 47, 1, 24.0, 2, 12.471807204845708
19, 127.0, 1, 47, 1, 30.0, 2, 12.307533496302398
19, 128.0, 0, 48, 0, 29.0, 4, 14.074591000675124
19, 129.0, 1, 50, 1, 36.0, 4, 15.72173155070708
19, 130.0, 1, 49, 2, 31.0, 4, 17.37303973254768
19, 131.0, 1, 50, 0, 39.0, 4, 18.116493517174213
19, 132.0, 0, 48, 3, 47.0, 4, 19.279159707548022
19, 133.0, 0, 48, 0, 56.0, 4, 19.280493393057426
19, 134.0, 1, 49, 1, 59.0, 6, 20.666770098904728
19, 135.0, 0, 50, 2, 66.0, 6, 21.051420654095274
19, 136.0, 1, 50, 1, 75.0, 6, 22.300449851655003
19, 137.0, 1, 50, 0, 84.0, 6, 22.03760539549022
19, 138.0, 0, 51, 0, 82.0, 7, 21.484955900158514
19, 139.0, 1, 51, 1, 95.0, 6, 20.106712934368346
19, 140.0, 1, 53, 0, 108.0, 6, 19.95831070180402
19, 141.0, 0, 55, 1, 112.0, 6, 21.80038978045715
19, 142.0, 1, 56, 0, 112.0, 6, 22.188704821955355
19, 143.0, 0, 56, 1, 113.0, 7, 22.517375235064517
19, 144.0, 1, 55, 1, 122.0, 9, 20.896984084319193
19, 145.0, 1, 55, 1, 133.0, 9, 21.40641510223799
19, 146.0, 1, 54, 2, 143.0, 9, 20.176941061853316
19, 147.0, 0, 54, 1, 149.0, 9, 20.594002372385475
19, 148.0, 1, 53, 1, 148.0, 9, 20.3907491679838
19, 149.0, 1, 52, 2, 157.0, 9, 19.384995600558568
19, 150.0, 1, 53, 0, 166.0, 9, 19.380375976802497
19, 151.0, 1, 55, 1, 162.0, 9, 19.517656632621417
19, 152.0, 1, 53, 2, 169.0, 8, 19.30717987005611
19, 153.0, 1, 54, 0, 180.0, 8, 19.335538635603097
19, 154.0, 1, 53, 2, 192.0, 8, 20.73362476408651
19, 155.0, 1, 54, 1, 205.0, 8, 21.179247847694104
19, 156.0, 1, 55, 1, 170.0, 7, 19.547067624441702
19, 157.0, 1, 54, 1, 153.0, 7, 19.533552781550263
19, 158.0, 1, 55, 1, 144.0, 7, 18.716419622646768
19, 159.0, 0, 53, 4, 94.0, 6, 17.55544300621244
19, 160.0, 0, 53, 1, 72.0, 5, 16.10532303538718
19, 161.0, 1, 51, 2, 74.0, 5, 14.890992209236938
19, 162.0, 1, 50, 2, 76.0, 4, 14.35913478365342
19, 163.0, 0, 49, 2, 79.0, 4, 14.022366587823983
19, 164.0, 0, 50, 1, 83.0, 4, 12.925226993721983
19, 165.0, 0, 49, 1, 90.0, 3, 13.326232218106812
19, 166.0, 1, 52, 0, 90.0, 3, 14.17256462558856
19, 167.0, 1, 50, 2, 96.0, 2, 15.5113394322476
19, 168.0, 1, 52, 1, 103.0, 2, 15.733282637297581
19, 169.0, 1, 51, 2, 107.0, 2, 15.125862367137215
19, 170.0, 0, 52, 0, 18.0, 2, 14.263866045140013
19, 171.0, 1, 53, 1, 18.0, 2, 13.713500526767394
19, 172.0, 1, 53, 2, 13.0, 2, 13.600066886786525
19, 173.0, 1, 55, 1, 8.0, 2, 14.442042408398578
19, 174.0, 0, 56, 2, 4.0, 3, 14.41036454800936
19, 175.0, 1, 58, 2, 1.0, 3, 13.324590558614888
19, 176.0, 1, 58, 1, 3.0, 3, 12.398798706843923
19, 177.0, 0, 55, 3, 5.0, 3, 11.363767769222187
19, 178.0, 0, 54, 3, 0.0, 3, 11.48903433279509
19, 179.0, 1, 53, 1, 0.0, 4, 11.529620906023576
19, 180.0, 1, 52, 1, 0.0, 5, 10.508463290164942
19, 181.0, 1, 53, 0, 2.0, 5, 11.516305707504108
19, 182.0, 1, 53, 1, 4.0, 5, 11.82066686589868
19, 183.0, 1, 52, 1, 7.0, 5, 12.93449951745832
19, 184.0, 1, 51, 1, 12.0, 5, 13.560589572779689
19, 185.0, 0, 51, 2, 1.0, 6, 13.683192878718664
19, 186.0, 1, 53, 2, 3.0, 7, 15.219357194877784
19, 187.0, 1, 54, 1, 5.0, 7, 17.938502396272177
19, 188.0, 1, 50, 5, 10.0, 6, 19.502843068693593
19, 189.0, 1, 51, 1, 13.0, 6, 17.87403376923448
19, 190.0, 1, 52, 1, 20.0, 6, 18.923068805392987
19, 191.0, 0, 52, 2, 0.0, 6, 17.714338196475364
19, 192.0, 0, 53, 1, 1.0, 6, 16.848675323852934
19, 193.0, 0, 53, 3, 3.0, 5, 15.117844564859467
19, 194.0, 0, 53, 0, 5.0, 5, 13.942358491149383
19, 195.0, 1, 54, 1, 2.0, 5, 12.440703620400553
19, 196.0, 0, 53, 2, 1.0, 4, 10.915240060549541
19, 197.0, 0, 52, 1, 1.0, 4, 12.450368140393811
19, 198.0, 1, 54, 0, 2.0, 4, 11.361563332445607
19, 199.0, 1, 55, 0, 3.0, 4, 12.110209826562418
19, 200.0, 0, 54, 2, 0.0, 4, 11.832024359702222
19, 201.0, 0, 54, 0, 0.0, 4, 11.576425151737014
19, 202.0, 0, 52, 2, 1.0, 4, 11.946503606892433
19, 203.0, 1, 51, 1, 1.0, 5, 11.493644435879297
19, 204.0, 1, 48, 3, 0.0, 5, 10.641613869397831
19, 205.0, 1, 45, 3, 1.0, 5, 11.009464838193576
19, 206.0, 1, 43, 2, 2.0, 5, 10.919053435609891
19, 207.0, 1, 42, 1, 3.0, 5, 11.81787049597449
19, 208.0, 1, 41, 1, 4.0, 4, 13.44831459498972
19, 209.0, 1, 37, 4, 9.0, 4, 13.640091578081446
19, 210.0, 1, 35, 2, 15.0, 4, 13.814232141699668
19, 211.0, 1, 35, 0, 21.0, 4, 13.37674687169377
19, 212.0, 1, 32, 3, 27.0, 2, 12.797592210765037
19, 213.0, 1, 31, 1, 28.0, 2, 13.008083537419578
19, 214.0, 1, 30, 1, 33.0, 1, 11.214924884895005
19, 215.0, 0, 30, 0, 0.0, 1, 9.796725501189632
19, 216.0, 1, 27, 3, 0.0, 1, 8.779902806740067
19, 217.0, 0, 27, 0, 0.0, 1, 8.100318135525285
19, 218.0, 1, 25, 2, 0.0, 1, 7.212226097985817
19, 219.0, 1, 25, 0, 0.0, 1, 5.741374973303111
19, 220.0, 0, 25, 0, 0.0, 1, 4.706489539189864
19, 221.0, 0, 22, 3, 0.0, 1, 3.8957185820820857
19, 222.0, 0, 19, 3, 0.0, 1, 4.121734275136486
19, 223.0, 1, 18, 1, 0.0, 1, 3.5741279369826677
19, 224.0, 0, 17, 1, 0.0, 1, 3.099393348070862
19, 225.0, 0, 16, 1, 0.0, 1, 2.8371175621284817
19, 226.0, 1, 15, 1, 0.0, 1, 2.03881653109416
19, 227.0, 0, 15, 0, 0.0, 1, 2.1193072375736475
19, 228.0, 1, 15, 0, 0.0, 1, 2.099069797191957
19, 229.0, 1, 14, 1, 0.0, 1, 1.4375441876093102
19, 230.0, 0, 13, 1, 0.0, 1, 1.7320060892888067
19, 231.0, 0, 13, 0, 0.0, 1, 1.4432017269627622
19, 232.0, 1, 11, 2, 0.0, 1, 1.2540088561385065
19, 233.0, 0, 9, 2, 0.0, 1, 0.7452523366097052
19, 234.0, 0, 8, 1, 0.0, 0, 0.4795824656710348
19, 235.0, 1, 8, 0, 0.0, 0, 0.4258934551739486
19, 236.0, 0, 5, 3, 0.0, 0, 0.26308778619736906
19, 237.0, 0, 4, 1, 0.0, 0, 0.2829090539325616
19, 238.0, 0, 4, 0, 0.0, 0, 0.3347464295924407
19, 239.0, 0, 3, 1, 0.0, 0, 0.34251837512969985
19, 240.0, 0, 3, 0, 0.0, 0, 0.29921797912705017
19, 241.0, 1, 2, 1, 0.0, 0, 0.27655625114410753
19, 242.0, 1, 2, 0, 0.0, 0, 0.28230933489392385
19, 243.0, 0, 1, 1, 0.0, 0, 0.19037812764860718
19, 244.0, 0, 1, 0, 0.0, 0, 0.06409080122361388
19, 245.0, 0, 0, 1, 0, 0, 0
20, 1.0, 1, 2, 0, 0.0, 0, 0.0
20, 2.0, 0, 3, 0, 0.0, 0, 1.0814256854756554
20, 3.0, 0, 5, 0, 0.0, 0, 1.2317430816274335
20, 4.0, 0, 7, 0, 0.0, 0, 1.2562929516962287
20, 5.0, 0, 9, 0, 0.0, 0, 1.3267641311373821
20, 6.0, 0, 9, 0, 0.0, 0, 1.2111458088704232
20, 7.0, 0, 10, 0, 0.0, 0, 0.8241869857907528
20, 8.0, 0, 11, 0, 0.0, 0, 1.1261125852745222
20, 9.0, 1, 12, 0, 0.0, 0, 1.687215381166026
20, 10.0, 1, 15, 0, 0.0, 0, 1.9984311271370045
20, 11.0, 0, 16, 0, 0.0, 0, 3.051668518032976
20, 12.0, 1, 18, 0, 0.0, 0, 3.1203151034774934
20, 13.0, 1, 18, 0, 0.0, 0, 2.760582915664262
20, 14.0, 1, 20, 0, 0.0, 0, 2.266229283295246
20, 15.0, 1, 22, 0, 0.0, 0, 3.011451544212718
20, 16.0, 1, 23, 0, 0.0, 0, 4.461447037042478
20, 17.0, 0, 23, 0, 0.0, 0, 4.391711444213143
20, 18.0, 1, 25, 0, 0.0, 0, 4.033643939767168
20, 19.0, 0, 25, 0, 1.0, 0, 5.172762122855409
20, 20.0, 0, 27, 0, 2.0, 0, 5.686880630698047
20, 21.0, 0, 27, 0, 1.0, 0, 7.329280451118058
20, 22.0, 0, 27, 0, 3.0, 0, 6.7236455212847375
20, 23.0, 0, 30, 0, 5.0, 0, 7.496221009578516
20, 24.0, 0, 32, 0, 7.0, 0, 9.2927099720456
20, 25.0, 1, 33, 0, 0.0, 1, 9.285431184753595
20, 26.0, 1, 35, 0, 0.0, 1, 8.523431509590147
20, 27.0, 0, 38, 0, 0.0, 2, 8.95741309745242
20, 28.0, 0, 40, 0, 0.0, 2, 11.07228756730934
20, 29.0, 1, 41, 0, 0.0, 2, 8.931816810895546
20, 30.0, 1, 41, 0, 0.0, 2, 8.246371152394136
20, 31.0, 0, 44, 2, 0.0, 2, 7.2055733851904655
20, 32.0, 1, 45, 0, 0.0, 2, 8.09316918111279
20, 33.0, 1, 45, 1, 0.0, 2, 7.386843299252396
20, 34.0, 0, 46, 0, 0.0, 2, 7.534784112934084
20, 35.0, 1, 44, 3, 0.0, 2, 6.0883045611675115
20, 36.0, 1, 44, 1, 0.0, 2, 6.473856868788703
20, 37.0, 1, 45, 0, 0.0, 2, 6.496846010745754
20, 38.0, 1, 46, 0, 0.0, 2, 8.18262796896269
20, 39.0, 0, 47, 1, 0.0, 2, 7.850343348362996
20, 40.0, 1, 48, 2, 1.0, 3, 8.352845786622485
20, 41.0, 0, 49, 0, 0.0, 4, 9.064462445198883
20, 42.0, 1, 50, 1, 0.0, 5, 9.457041878632996
20, 43.0, 1, 51, 2, 0.0, 5, 9.85270804626282
20, 44.0, 0, 51, 2, 0.0, 7, 11.405031034622754
20, 45.0, 1, 51, 0, 0.0, 7, 10.935315118076387
20, 46.0, 1, 51, 1, 0.0, 6, 9.242941769019675
20, 47.0, 1, 52, 3, 0.0, 6, 9.855411776026232
20, 48.0, 1, 51, 1, 1.0, 6, 10.640876603695176
20, 49.0, 1, 49, 2, 3.0, 6, 10.090723424904452
20, 50.0, 1, 51, 0, 6.0, 6, 10.50836932258067
20, 51.0, 0, 52, 2, 7.0, 8, 11.236346437267809
20, 52.0, 1, 52, 1, 8.0, 8, 11.521204185985
20, 53.0, 1, 51, 2, 10.0, 8, 12.046440401758618
20, 54.0, 0, 51, 2, 12.0, 8, 13.205864758611135
20, 55.0, 1, 49, 2, 15.0, 9, 13.28594081203751
20, 56.0, 0, 49, 2, 17.0, 10, 13.207620347110876
20, 57.0, 0, 49, 1, 12.0, 9, 13.59662493831579
20, 58.0, 0, 47, 2, 17.0, 8, 14.076753140196091
20, 59.0, 1, 45, 3, 13.0, 10, 14.979792337109519
20, 60.0, 1, 45, 1, 17.0, 10, 15.019810913825086
20, 61.0, 1, 46, 1, 25.0, 10, 15.195472027868906
20, 62.0, 0, 48, 1, 31.0, 11, 17.329426869298857
20, 63.0, 1, 49, 0, 40.0, 11, 18.007519661711704
20, 64.0, 1, 50, 1, 51.0, 10, 17.99188701771585
20, 65.0, 1, 49, 1, 62.0, 9, 19.686029333559954
20, 66.0, 1, 49, 2, 68.0, 8, 20.33707363496878
20, 67.0, 1, 49, 0, 56.0, 8, 21.47531468560727
20, 68.0, 0, 49, 1, 49.0, 8, 21.295788363270454
20, 69.0, 1, 48, 1, 60.0, 9, 21.62456257708595
20, 70.0, 0, 48, 0, 64.0, 9, 20.98575520243298
20, 71.0, 1, 48, 1, 75.0, 10, 20.8711786897814
20, 72.0, 1, 48, 2, 86.0, 10, 21.831907180190406
20, 73.0, 1, 49, 1, 78.0, 10, 22.56217235143805
20, 74.0, 1, 47, 2, 89.0, 8, 22.21094123037968
20, 75.0, 1, 51, 0, 100.0, 8, 21.073285473967946
20, 76.0, 1, 52, 1, 69.0, 8, 23.24946722681096
20, 77.0, 1, 52, 1, 59.0, 8, 22.213278173454682
20, 78.0, 1, 51, 1, 56.0, 7, 20.01247363137723
20, 79.0, 0, 51, 1, 43.0, 6, 18.93370587863178
20, 80.0, 1, 52, 0, 44.0, 6, 18.72275287850561
20, 81.0, 1, 52, 1, 38.0, 6, 18.82633432628854
20, 82.0, 1, 55, 0, 37.0, 6, 18.837880887765973
20, 83.0, 0, 55, 1, 37.0, 6, 20.33425918617389
20, 84.0, 0, 55, 0, 38.0, 6, 21.028218396668773
20, 85.0, 0, 56, 2, 46.0, 5, 20.417011052425657
20, 86.0, 1, 53, 3, 48.0, 5, 20.14633869379903
20, 87.0, 0, 52, 1, 46.0, 5, 19.349784456128933
20, 88.0, 0, 54, 0, 51.0, 5, 20.016280310045392
20, 89.0, 0, 51, 3, 50.0, 4, 21.40535159257082
20, 90.0, 1, 51, 2, 55.0, 3, 20.957921354591107
20, 91.0, 1, 52, 1, 60.0, 3, 22.23959732095919
20, 92.0, 1, 51, 2, 63.0, 3, 21.618313970543564
20, 93.0, 1, 50, 2, 66.0, 2, 19.825901551772258
20, 94.0, 1, 50, 2, 63.0, 2, 19.844695426479014
20, 95.0, 1, 50, 0, 69.0, 2, 18.43038175674009
20, 96.0, 1, 51, 0, 73.0, 2, 16.75712340130183
20, 97.0, 1, 50, 2, 79.0, 2, 16.83886878455526
20, 98.0, 1, 52, 0, 86.0, 2, 16.85270409310772
20, 99.0, 0, 55, 1, 52.0, 1, 17.28971921506932
20, 100.0, 1, 56, 0, 55.0, 1, 16.967503660989166
20, 101.0, 1, 56, 1, 60.0, 1, 17.231664667203564
20, 102.0, 1, 55, 1, 65.0, 1, 18.140812861540773
20, 103.0, 1, 58, 2, 68.0, 1, 17.170293651234964
20, 104.0, 1, 59, 0, 69.0, 1, 19.30575502578322
20, 105.0, 1, 58, 2, 72.0, 1, 17.751783868167866
20, 106.0, 0, 58, 1, 74.0, 1, 15.990102623619647
20, 107.0, 1, 58, 0, 78.0, 1, 15.431223061909229
20, 108.0, 1, 57, 2, 83.0, 1, 13.606884728898457
20, 109.0, 0, 56, 1, 86.0, 1, 14.38452721203451
20, 110.0, 1, 57, 1, 91.0, 2, 14.67800280135723
20, 111.0, 1, 55, 2, 97.0, 2, 14.867214426594334
20, 112.0, 1, 51, 4, 104.0, 3, 14.81699309354343
20, 113.0, 1, 52, 1, 111.0, 3, 14.654576711252387
20, 114.0, 1, 51, 1, 113.0, 3, 16.481917063722957
20, 115.0, 1, 52, 1, 121.0, 3, 16.526914428783392
20, 116.0, 1, 53, 3, 130.0, 3, 16.74901134340148
20, 117.0, 1, 51, 3, 139.0, 3, 17.466620244350185
20, 118.0, 1, 51, 2, 40.0, 3, 17.116832472598187
20, 119.0, 1, 52, 0, 48.0, 3, 15.405432939622647
20, 120.0, 1, 52, 2, 56.0, 3, 15.075730558067468
20, 121.0, 1, 53, 2, 65.0, 3, 15.655228441536257
20, 122.0, 1, 54, 2, 74.0, 3, 14.753058428278136
20, 123.0, 1, 55, 2, 83.0, 3, 15.351395655918024
20, 124.0, 1, 55, 1, 92.0, 3, 15.58987952464536
20, 125.0, 1, 55, 1, 102.0, 3, 15.193118470131157
20, 126.0, 1, 55, 0, 112.0, 3, 14.811033866353164
20, 127.0, 1, 54, 2, 122.0, 2, 14.687649411819914
20, 128.0, 1, 52, 3, 132.0, 2, 15.630624918251316
20, 129.0, 1, 53, 1, 142.0, 2, 17.0367256738987
20, 130.0, 0, 52, 3, 2.0, 3, 16.68885883019262
20, 131.0, 1, 51, 2, 2.0, 3, 16.104240001122736
20, 132.0, 1, 51, 1, 7.0, 3, 18.01639412872768
20, 133.0, 1, 51, 0, 12.0, 3, 18.429487442713363
20, 134.0, 1, 51, 2, 15.0, 3, 17.857582721384208
20, 135.0, 1, 51, 3, 18.0, 3, 20.263567121450695
20, 136.0, 0, 52, 0, 10.0, 3, 21.12636693795089
20, 137.0, 1, 52, 0, 13.0, 3, 19.790860327323088
20, 138.0, 1, 53, 1, 19.0, 3, 21.090808762146516
20, 139.0, 1, 53, 0, 28.0, 3, 19.683107169127616
20, 140.0, 0, 54, 1, 20.0, 3, 18.013416368630466
20, 141.0, 0, 57, 0, 25.0, 3, 19.424705168496356
20, 142.0, 0, 58, 0, 31.0, 3, 22.365133340942677
20, 143.0, 0, 58, 1, 37.0, 3, 21.937126661968026
20, 144.0, 0, 57, 1, 45.0, 3, 22.607458602272555
20, 145.0, 1, 56, 2, 34.0, 3, 20.492045140532362
20, 146.0, 0, 55, 2, 34.0, 2, 19.15794382539911
20, 147.0, 1, 54, 2, 22.0, 2, 18.00869682916687
20, 148.0, 1, 53, 1, 5.0, 2, 15.996038180166028
20, 149.0, 1, 52, 2, 3.0, 2, 14.313452246802076
20, 150.0, 1, 52, 1, 4.0, 2, 14.460496410119074
20, 151.0, 1, 54, 1, 5.0, 2, 13.276829883633638
20, 152.0, 0, 51, 3, 1.0, 1, 12.89895723201003
20, 153.0, 1, 50, 2, 0.0, 1, 10.785674941128878
20, 154.0, 1, 50, 1, 1.0, 1, 10.763543786223169
20, 155.0, 1, 51, 1, 2.0, 0, 11.231479741013601
20, 156.0, 1, 51, 2, 0.0, 0, 10.60263268091379
20, 157.0, 0, 50, 1, 0.0, 0, 10.888904669846287
20, 158.0, 1, 51, 1, 2.0, 1, 10.832238817081643
20, 159.0, 1, 53, 0, 4.0, 1, 10.851589877258407
20, 160.0, 1, 51, 3, 4.0, 1, 10.524341651658096
20, 161.0, 1, 49, 2, 6.0, 1, 10.107600241298485
20, 162.0, 0, 48, 2, 4.0, 1, 8.816687767523817
20, 163.0, 1, 48, 1, 0.0, 3, 8.54935429049012
20, 164.0, 0, 49, 1, 0.0, 3, 8.032148919646952
20, 165.0, 1, 47, 2, 0.0, 3, 9.389424162514942
20, 166.0, 0, 49, 1, 1.0, 3, 8.652572804452223
20, 167.0, 0, 46, 3, 3.0, 3, 8.238990749148968
20, 168.0, 0, 46, 3, 5.0, 3, 8.892022895690026
20, 169.0, 1, 43, 4, 0.0, 3, 9.202759370642486
20, 170.0, 0, 44, 0, 0.0, 3, 9.934002498301455
20, 171.0, 0, 46, 0, 0.0, 3, 11.887849539000886
20, 172.0, 1, 44, 4, 0.0, 3, 10.493092463852818
20, 173.0, 1, 45, 2, 0.0, 3, 9.00133736918595
20, 174.0, 1, 47, 1, 0.0, 3, 8.66660470271015
20, 175.0, 1, 50, 1, 0.0, 3, 7.301827848037449
20, 176.0, 0, 49, 2, 0.0, 3, 7.910235354338076
20, 177.0, 1, 49, 0, 0.0, 4, 8.791863609579693
20, 178.0, 1, 49, 2, 1.0, 4, 8.421923412213701
20, 179.0, 1, 49, 0, 3.0, 4, 10.31739862245396
20, 180.0, 0, 48, 1, 0.0, 3, 9.760381207549127
20, 181.0, 0, 45, 4, 0.0, 2, 9.355998283541018
20, 182.0, 0, 46, 0, 3.0, 2, 10.339731130135526
20, 183.0, 0, 44, 2, 6.0, 2, 11.48342160064018
20, 184.0, 0, 44, 0, 11.0, 2, 12.099859168984036
20, 185.0, 1, 44, 2, 6.0, 2, 11.852227522814026
20, 186.0, 0, 47, 1, 5.0, 2, 14.39185951816972
20, 187.0, 0, 47, 1, 6.0, 1, 17.48919130341967
20, 188.0, 1, 46, 4, 7.0, 2, 16.161036913811913
20, 189.0, 1, 47, 0, 11.0, 2, 17.086365722409425
20, 190.0, 0, 48, 1, 3.0, 2, 17.66210830839971
20, 191.0, 1, 48, 2, 0.0, 2, 15.42890875480079
20, 192.0, 1, 49, 1, 3.0, 2, 13.812133060983127
20, 193.0, 1, 52, 0, 4.0, 2, 14.35636507692785
20, 194.0, 1, 51, 1, 8.0, 1, 12.478688829628823
20, 195.0, 1, 53, 0, 9.0, 1, 11.433053948017312
20, 196.0, 0, 54, 0, 8.0, 1, 11.827347356673318
20, 197.0, 1, 53, 1, 6.0, 1, 9.155509102689548
20, 198.0, 0, 54, 1, 7.0, 1, 7.856243980365616
20, 199.0, 1, 53, 2, 8.0, 2, 8.592869962014845
20, 200.0, 0, 52, 2, 9.0, 3, 9.010837441544314
20, 201.0, 0, 51, 1, 12.0, 4, 10.427650724879971
20, 202.0, 1, 49, 2, 0.0, 4, 9.752923339909586
20, 203.0, 1, 49, 0, 0.0, 4, 9.45881813757138
20, 204.0, 1, 47, 2, 1.0, 4, 9.852440850368193
20, 205.0, 1, 44, 3, 3.0, 4, 9.92564160175638
20, 206.0, 1, 42, 2, 5.0, 4, 10.04613548911859
20, 207.0, 1, 39, 3, 3.0, 4, 11.235684880350359
20, 208.0, 1, 38, 1, 5.0, 4, 9.401130868732135
20, 209.0, 1, 38, 0, 9.0, 4, 9.628049170530819
20, 210.0, 0, 36, 2, 0.0, 4, 8.47025853691361
20, 211.0, 0, 36, 0, 0.0, 4, 7.990496737466646
20, 212.0, 1, 35, 1, 0.0, 4, 7.500110351169559
20, 213.0, 0, 32, 3, 1.0, 6, 7.352224364689978
20, 214.0, 1, 29, 3, 0.0, 7, 7.922449052981655
20, 215.0, 1, 28, 1, 1.0, 6, 6.701705654021489
20, 216.0, 0, 27, 1, 1.0, 5, 5.6754489146205955
20, 217.0, 0, 26, 1, 3.0, 5, 5.142619149191721
20, 218.0, 0, 25, 1, 3.0, 4, 4.407414210313055
20, 219.0, 1, 24, 1, 4.0, 4, 3.948513359232213
20, 220.0, 1, 21, 3, 5.0, 4, 3.528786135750623
20, 221.0, 0, 18, 3, 0.0, 3, 2.2722148064096523
20, 222.0, 1, 16, 2, 0.0, 3, 2.2101110929252448
20, 223.0, 1, 13, 3, 0.0, 3, 2.096293410867501
20, 224.0, 0, 13, 0, 1.0, 3, 1.9134947295779
20, 225.0, 1, 12, 1, 2.0, 3, 1.3867510507036722
20, 226.0, 0, 12, 0, 0.0, 3, 1.565813323393055
20, 227.0, 1, 12, 0, 0.0, 3, 1.28827547309958
20, 228.0, 0, 9, 3, 0.0, 3, 1.0007808438060013
20, 229.0, 0, 8, 1, 0.0, 3, 0.7533776831012564
20, 230.0, 0, 7, 1, 0.0, 3, 0.49809595710243393
20, 231.0, 0, 6, 1, 0.0, 3, 0.37362186838443145
20, 232.0, 0, 5, 1, 0.0, 3, 0.3532605153817716
20, 233.0, 0, 5, 0, 0.0, 3, 0.26523665291790977
20, 234.0, 0, 4, 1, 0.0, 3, 0.12212466396570854
20, 235.0, 0, 4, 0, 0.0, 3, 0.13800995463263455
20, 236.0, 0, 3, 1, 0.0, 2, 0.2088832706535637
20, 237.0, 1, 3, 0, 0.0, 2, 0.18970836764698262
20, 238.0, 0, 2, 1, 0.0, 2, 0.09155289004470113
20, 239.0, 1, 2, 0, 0.0, 2, 0.14735405072151408
20, 240.0, 0, 1, 1, 0.0, 1, 0.07386558392637
20, 241.0, 0, 1, 0, 0.0, 1, 0.04471686774656014
20, 242.0, 0, 1, 0, 0.0, 1, 0.027628544335328797
20, 243.0, 0, 0, 1, 0, 0, 0
21, 1.0, 0, 2, 0, 0.0, 0, 0.0
21, 2.0, 0, 3, 0, 0.0, 0, 1.0814256854756554
21, 3.0, 0, 5, 0, 0.0, 0, 1.2559462905827157
21, 4.0, 0, 7, 0, 0.0, 0, 1.2603760180273869
21, 5.0, 0, 9, 0, 0.0, 0, 1.356365191048412
21, 6.0, 0, 9, 0, 0.0, 0, 1.287337457469642
21, 7.0, 0, 10, 0, 0.0, 0, 0.9556235514719723
21, 8.0, 0, 11, 0, 0.0, 0, 1.168230593310705
21, 9.0, 0, 12, 0, 0.0, 0, 1.3211245838572987
21, 10.0, 0, 15, 0, 0.0, 0, 1.87574121140802
21, 11.0, 0, 16, 0, 0.0, 0, 2.915579636707669
21, 12.0, 1, 18, 0, 0.0, 0, 2.9377218912341223
21, 13.0, 1, 18, 0, 0.0, 0, 2.603603802247269
21, 14.0, 1, 20, 0, 0.0, 0, 2.276997265863175
21, 15.0, 1, 22, 0, 0.0, 0, 3.437096110923135
21, 16.0, 0, 23, 0, 0.0, 0, 4.1512464198033765
21, 17.0, 1, 23, 0, 1.0, 1, 5.361656124138834
21, 18.0, 1, 25, 0, 4.0, 1, 4.989375702006919
21, 19.0, 0, 25, 0, 0.0, 1, 6.309491655105942
21, 20.0, 0, 27, 0, 0.0, 1, 6.484830415955299
21, 21.0, 0, 27, 0, 2.0, 1, 8.455512949187076
21, 22.0, 0, 28, 0, 4.0, 1, 8.097619448825652
21, 23.0, 0, 30, 0, 7.0, 1, 9.589172090121771
21, 24.0, 0, 31, 0, 11.0, 1, 9.93265343788795
21, 25.0, 1, 33, 0, 0.0, 2, 9.076120078976514
21, 26.0, 1, 36, 0, 0.0, 2, 8.772239043557134
21, 27.0, 1, 38, 0, 2.0, 2, 10.346681180095185
21, 28.0, 0, 40, 0, 1.0, 3, 10.812843164347042
21, 29.0, 1, 41, 0, 2.0, 3, 9.720815317082096
21, 30.0, 1, 41, 0, 4.0, 3, 8.735631311408756
21, 31.0, 0, 45, 1, 0.0, 4, 8.080452357955288
21, 32.0, 1, 46, 1, 0.0, 4, 7.889247280216541
21, 33.0, 1, 46, 0, 0.0, 4, 6.915880977888667
21, 34.0, 1, 47, 0, 0.0, 4, 6.211704907370182
21, 35.0, 0, 46, 2, 0.0, 5, 7.291861596565723
21, 36.0, 1, 47, 0, 0.0, 5, 6.395302813288461
21, 37.0, 1, 48, 0, 0.0, 5, 5.61988376480687
21, 38.0, 1, 46, 3, 0.0, 5, 6.594099086485437
21, 39.0, 0, 46, 2, 0.0, 4, 7.420614522261552
21, 40.0, 1, 50, 0, 1.0, 6, 8.522048824014979
21, 41.0, 0, 49, 1, 0.0, 6, 9.861563948059159
21, 42.0, 1, 50, 1, 0.0, 6, 9.479889686913994
21, 43.0, 1, 52, 1, 0.0, 6, 9.065319614521437
21, 44.0, 1, 51, 2, 0.0, 6, 10.17988508292352
21, 45.0, 1, 52, 0, 1.0, 6, 9.434908520118528
21, 46.0, 1, 52, 1, 3.0, 5, 9.4319373319234
21, 47.0, 0, 52, 3, 5.0, 4, 9.730236835268848
21, 48.0, 1, 49, 4, 7.0, 4, 9.415062311724453
21, 49.0, 1, 49, 0, 9.0, 4, 10.182990091572547
21, 50.0, 1, 49, 2, 12.0, 4, 10.594919262291029
21, 51.0, 1, 52, 0, 15.0, 4, 10.563980269117264
21, 52.0, 1, 52, 1, 18.0, 3, 11.714072946062084
21, 53.0, 1, 51, 2, 23.0, 3, 12.889429614797876
21, 54.0, 1, 51, 2, 29.0, 3, 14.850094171831604
21, 55.0, 1, 47, 4, 36.0, 2, 16.774761187178242
21, 56.0, 1, 47, 2, 44.0, 1, 16.23156798408602
21, 57.0, 0, 46, 2, 25.0, 1, 14.34227670883452
21, 58.0, 0, 46, 0, 13.0, 1, 13.942861348261253
21, 59.0, 1, 47, 0, 18.0, 1, 14.837160736853264
21, 60.0, 1, 47, 1, 23.0, 1, 14.221812398289668
21, 61.0, 1, 46, 3, 29.0, 1, 14.348563502580765
21, 62.0, 1, 48, 1, 29.0, 1, 15.174799799979409
21, 63.0, 1, 47, 2, 34.0, 1, 16.292318818474552
21, 64.0, 1, 49, 0, 21.0, 1, 16.402618519463783
21, 65.0, 0, 47, 2, 17.0, 1, 17.018092119517547
21, 66.0, 0, 49, 0, 19.0, 1, 16.175633228078485
21, 67.0, 1, 49, 0, 11.0, 1, 16.159844359588522
21, 68.0, 1, 50, 0, 12.0, 1, 14.572304457588302
21, 69.0, 0, 50, 0, 11.0, 1, 14.448993177469552
21, 70.0, 1, 48, 2, 12.0, 1, 13.14947404127949
21, 71.0, 1, 49, 0, 13.0, 1, 12.3261657638959
21, 72.0, 0, 49, 2, 1.0, 1, 13.315660148119386
21, 73.0, 1, 49, 2, 0.0, 1, 13.113009400295777
21, 74.0, 1, 48, 1, 1.0, 0, 13.197861868003576
21, 75.0, 1, 51, 1, 4.0, 0, 11.989973411003149
21, 76.0, 1, 53, 0, 7.0, 0, 14.152948298028711
21, 77.0, 0, 52, 2, 8.0, 0, 14.20196410663115
21, 78.0, 0, 50, 2, 11.0, 0, 13.197671397627046
21, 79.0, 1, 51, 0, 8.0, 0, 12.607431694503466
21, 80.0, 1, 49, 3, 5.0, 0, 11.937203181070707
21, 81.0, 1, 48, 2, 2.0, 0, 13.214816738656591
21, 82.0, 1, 47, 4, 0.0, 0, 12.137496429143264
21, 83.0, 1, 48, 0, 0.0, 0, 12.03709699906671
21, 84.0, 1, 47, 1, 2.0, 0, 11.858351174671014
21, 85.0, 0, 45, 5, 1.0, 2, 11.34365915127466
21, 86.0, 1, 45, 0, 2.0, 3, 12.175844925338962
21, 87.0, 0, 44, 1, 0.0, 3, 11.2363244573796
21, 88.0, 1, 45, 1, 1.0, 3, 11.931482040675519
21, 89.0, 1, 45, 0, 4.0, 3, 12.491585751432066
21, 90.0, 1, 44, 3, 7.0, 3, 13.233788042098423
21, 91.0, 0, 45, 1, 12.0, 3, 13.772472456907908
21, 92.0, 1, 46, 0, 20.0, 3, 15.4527669813552
21, 93.0, 0, 44, 3, 28.0, 3, 16.007553008654885
21, 94.0, 0, 45, 1, 35.0, 3, 15.915285289663258
21, 95.0, 1, 45, 0, 35.0, 3, 16.85100021552883
21, 96.0, 1, 45, 1, 37.0, 3, 15.756489055003641
21, 97.0, 1, 43, 3, 39.0, 3, 15.493412071305706
21, 98.0, 1, 45, 0, 40.0, 3, 14.523038514953155
21, 99.0, 1, 47, 2, 27.0, 3, 15.05523277374449
21, 100.0, 1, 47, 1, 33.0, 2, 16.418053384689067
21, 101.0, 1, 47, 1, 39.0, 2, 14.877124194671238
21, 102.0, 1, 47, 1, 42.0, 1, 15.5392008646598
21, 103.0, 1, 50, 1, 47.0, 0, 13.568483611892184
21, 104.0, 1, 50, 1, 42.0, 0, 15.554273874578984
21, 105.0, 1, 50, 1, 36.0, 0, 15.825272589178706
21, 106.0, 1, 51, 0, 41.0, 0, 14.490896455642012
21, 107.0, 1, 50, 1, 48.0, 0, 15.728209430176447
21, 108.0, 1, 50, 1, 55.0, 0, 14.91516383779383
21, 109.0, 0, 50, 0, 0.0, 0, 12.432512235246769
21, 110.0, 1, 51, 1, 0.0, 0, 12.009001446628764
21, 111.0, 0, 51, 0, 1.0, 0, 13.22719291415308
21, 112.0, 1, 47, 4, 3.0, 1, 13.235222879225962
21, 113.0, 1, 49, 0, 7.0, 1, 13.317899038226816
21, 114.0, 1, 49, 1, 11.0, 1, 13.576771190228904
21, 115.0, 0, 47, 3, 10.0, 1, 13.514652772043661
21, 116.0, 0, 51, 0, 3.0, 1, 14.282781474463437
21, 117.0, 0, 51, 1, 5.0, 1, 15.573092722248203
21, 118.0, 1, 51, 2, 6.0, 1, 15.221058453003856
21, 119.0, 1, 50, 2, 6.0, 1, 14.545413381386336
21, 120.0, 1, 52, 0, 7.0, 1, 13.96627845293497
21, 121.0, 1, 52, 3, 10.0, 1, 13.746082720618547
21, 122.0, 0, 53, 2, 9.0, 1, 14.428010473633938
21, 123.0, 1, 55, 1, 10.0, 1, 13.617689275139735
21, 124.0, 1, 54, 2, 14.0, 1, 13.894692838637566
21, 125.0, 1, 54, 1, 18.0, 1, 14.250719149977193
21, 126.0, 0, 52, 2, 19.0, 1, 13.632811288363564
21, 127.0, 1, 53, 0, 10.0, 2, 12.016363327654789
21, 128.0, 1, 51, 3, 1.0, 2, 11.90524003957246
21, 129.0, 0, 51, 3, 3.0, 4, 13.496550201079227
21, 130.0, 1, 51, 1, 5.0, 4, 13.305528869599929
21, 131.0, 1, 52, 0, 7.0, 4, 12.972671842685326
21, 132.0, 1, 51, 2, 9.0, 4, 13.06722535071064
21, 133.0, 1, 49, 2, 12.0, 4, 14.154818629447364
21, 134.0, 1, 49, 2, 7.0, 4, 15.033179957046846
21, 135.0, 1, 52, 0, 9.0, 4, 15.89107883876049
21, 136.0, 1, 53, 0, 11.0, 4, 16.588110279959675
21, 137.0, 1, 53, 0, 16.0, 4, 17.036501765260876
21, 138.0, 1, 52, 3, 22.0, 4, 15.830690667326957
21, 139.0, 0, 52, 0, 0.0, 4, 16.260377541256556
21, 140.0, 1, 53, 1, 0.0, 4, 14.177626355890732
21, 141.0, 1, 54, 2, 2.0, 4, 15.417259864315945
21, 142.0, 0, 54, 1, 5.0, 4, 16.363262200785464
21, 143.0, 0, 53, 2, 8.0, 4, 16.01640576206178
21, 144.0, 1, 51, 2, 7.0, 3, 15.034664170793747
21, 145.0, 0, 51, 1, 7.0, 3, 13.395951848465021
21, 146.0, 0, 51, 1, 10.0, 2, 13.568794663395135
21, 147.0, 1, 50, 2, 0.0, 3, 12.013688076374997
21, 148.0, 1, 48, 2, 0.0, 2, 11.77425917865284
21, 149.0, 1, 47, 2, 1.0, 2, 10.91571078289796
21, 150.0, 1, 48, 0, 2.0, 2, 10.662678982524312
21, 151.0, 1, 49, 2, 3.0, 2, 11.471532915137098
21, 152.0, 1, 49, 0, 6.0, 2, 11.235645417815906
21, 153.0, 1, 47, 3, 9.0, 2, 10.64559209404313
21, 154.0, 1, 47, 1, 13.0, 2, 11.076289305583387
21, 155.0, 1, 47, 2, 18.0, 2, 10.717585517125718
21, 156.0, 1, 47, 1, 23.0, 2, 11.369256186394818
21, 157.0, 1, 45, 3, 29.0, 1, 11.741468814825991
21, 158.0, 0, 45, 2, 1.0, 2, 12.113166406980671
21, 159.0, 1, 44, 3, 1.0, 2, 10.686671148475098
21, 160.0, 1, 45, 0, 1.0, 2, 11.147658424486696
21, 161.0, 1, 44, 1, 2.0, 2, 10.620097312008586
21, 162.0, 1, 45, 0, 4.0, 2, 9.939684527279116
21, 163.0, 1, 42, 4, 6.0, 2, 9.754758052641405
21, 164.0, 1, 41, 3, 4.0, 2, 10.10434440420891
21, 165.0, 1, 40, 1, 7.0, 2, 10.628035658779961
21, 166.0, 1, 42, 0, 12.0, 2, 11.412330870031969
21, 167.0, 1, 41, 2, 11.0, 2, 12.629481863909309
21, 168.0, 0, 43, 1, 4.0, 3, 11.152054556755456
21, 169.0, 0, 43, 1, 1.0, 4, 11.550082756473083
21, 170.0, 1, 43, 1, 2.0, 4, 10.826910907020617
21, 171.0, 1, 44, 1, 2.0, 4, 11.305676309289499
21, 172.0, 1, 46, 0, 5.0, 4, 11.930626993522592
21, 173.0, 1, 47, 2, 8.0, 3, 11.680456938571258
21, 174.0, 1, 50, 0, 12.0, 3, 11.750110592302653
21, 175.0, 1, 53, 1, 17.0, 3, 11.220475318871326
21, 176.0, 0, 53, 1, 19.0, 3, 12.266822568451303
21, 177.0, 0, 53, 0, 20.0, 3, 11.734216689565681
21, 178.0, 1, 53, 2, 23.0, 5, 11.146354168845129
21, 179.0, 0, 51, 2, 27.0, 5, 10.676731659091304
21, 180.0, 1, 50, 1, 29.0, 7, 11.666857610697166
21, 181.0, 1, 49, 2, 32.0, 7, 11.703558355085327
21, 182.0, 1, 48, 2, 37.0, 6, 11.59622144821671
21, 183.0, 0, 48, 0, 38.0, 6, 10.69007854875507
21, 184.0, 1, 45, 3, 1.0, 5, 11.586373401859442
21, 185.0, 0, 45, 2, 2.0, 6, 12.104412476210129
21, 186.0, 1, 49, 0, 3.0, 9, 13.782527818415131
21, 187.0, 1, 50, 1, 6.0, 9, 16.179970722423114
21, 188.0, 1, 49, 2, 10.0, 9, 17.36002612383462
21, 189.0, 0, 50, 1, 3.0, 8, 15.571001205162684
21, 190.0, 1, 52, 0, 0.0, 8, 15.345116539410643
21, 191.0, 0, 52, 2, 3.0, 8, 17.110095554616436
21, 192.0, 0, 54, 0, 4.0, 8, 16.949672676991717
21, 193.0, 1, 55, 2, 7.0, 7, 13.858772853915017
21, 194.0, 0, 52, 3, 10.0, 7, 13.189403992563665
21, 195.0, 1, 53, 1, 8.0, 7, 10.764582088349274
21, 196.0, 1, 52, 2, 4.0, 7, 9.171945605310793
21, 197.0, 1, 52, 0, 0.0, 7, 9.704893388687303
21, 198.0, 1, 53, 0, 0.0, 7, 8.30475077939524
21, 199.0, 1, 53, 2, 0.0, 6, 7.8681170034966526
21, 200.0, 1, 52, 2, 0.0, 5, 8.313570399707052
21, 201.0, 1, 52, 0, 1.0, 5, 8.650339361916794
21, 202.0, 0, 49, 3, 0.0, 6, 8.971819543889072
21, 203.0, 0, 47, 2, 0.0, 6, 9.621063104826671
21, 204.0, 1, 47, 0, 1.0, 6, 8.168374721507035
21, 205.0, 0, 44, 3, 0.0, 4, 6.879542509324496
21, 206.0, 1, 42, 2, 0.0, 4, 8.576489885934366
21, 207.0, 1, 42, 0, 1.0, 4, 9.517898395940982
21, 208.0, 1, 40, 2, 3.0, 4, 10.24092711278851
21, 209.0, 1, 38, 2, 6.0, 4, 10.88191493245855
21, 210.0, 1, 37, 1, 11.0, 4, 11.081325145353173
21, 211.0, 1, 32, 5, 15.0, 3, 12.163792350034518
21, 212.0, 0, 31, 1, 3.0, 2, 10.82758703042598
21, 213.0, 0, 29, 2, 4.0, 2, 10.284188814416172
21, 214.0, 1, 28, 1, 6.0, 2, 10.092613626916602
21, 215.0, 1, 25, 3, 8.0, 2, 9.307137036996973
21, 216.0, 1, 24, 1, 7.0, 2, 9.310963502616442
21, 217.0, 1, 24, 0, 8.0, 2, 7.519916265079839
21, 218.0, 1, 23, 1, 10.0, 1, 6.317846529712049
21, 219.0, 1, 22, 1, 2.0, 1, 6.183977190839008
21, 220.0, 1, 21, 1, 0.0, 1, 4.673691702783011
21, 221.0, 1, 18, 3, 0.0, 1, 3.9265542592513656
21, 222.0, 1, 17, 1, 0.0, 1, 2.9155375343785757
21, 223.0, 0, 16, 1, 0.0, 1, 2.303084821383202
21, 224.0, 1, 15, 1, 0.0, 1, 2.225265659861294
21, 225.0, 0, 15, 0, 0.0, 1, 1.6888104845089371
21, 226.0, 0, 13, 2, 0.0, 1, 1.2485536768091938
21, 227.0, 0, 13, 0, 0.0, 1, 1.0270148779191928
21, 228.0, 0, 13, 0, 0.0, 1, 0.9104413398922864
21, 229.0, 0, 12, 1, 0.0, 1, 0.8359789129168336
21, 230.0, 0, 10, 2, 0.0, 1, 0.8037747629898195
21, 231.0, 0, 10, 0, 0.0, 1, 0.5524645897149032
21, 232.0, 0, 9, 1, 0.0, 1, 0.365650324684168
21, 233.0, 1, 8, 1, 0.0, 0, 0.4788915411749102
21, 234.0, 0, 6, 2, 0.0, 0, 0.34258146932292455
21, 235.0, 0, 6, 0, 0.0, 0, 0.26985634800202973
21, 236.0, 0, 6, 0, 0.0, 0, 0.2882082578565228
21, 237.0, 0, 6, 0, 0.0, 0, 0.31177758700916947
21, 238.0, 1, 4, 2, 0.0, 0, 0.18544177187098576
21, 239.0, 0, 3, 1, 0.0, 0, 0.09649457995951494
21, 240.0, 0, 1, 2, 0.0, 0, 0.047457322861180984
21, 241.0, 0, 0, 1, 0, 0, 0
22, 1.0, 0, 2, 0, 0.0, 0, 0.0
22, 2.0, 0, 3, 0, 0.0, 0, 1.0814256854756554
22, 3.0, 0, 5, 0, 0.0, 0, 1.2559462905827157
22, 4.0, 0, 7, 0, 0.0, 0, 1.2603760180273869
22, 5.0, 1, 9, 0, 0.0, 0, 1.356365191048412
22, 6.0, 1, 9, 0, 0.0, 0, 1.287337457469642
22, 7.0, 0, 10, 0, 0.0, 0, 0.9556235514719723
22, 8.0, 0, 11, 0, 0.0, 0, 1.168230593310705
22, 9.0, 1, 12, 0, 0.0, 0, 1.3211245838572987
22, 10.0, 0, 15, 0, 0.0, 0, 1.8521160770279796
22, 11.0, 0, 16, 0, 0.0, 0, 2.9419051546901827
22, 12.0, 1, 18, 0, 0.0, 0, 2.9383818211151675
22, 13.0, 0, 18, 0, 0.0, 0, 2.668472236361216
22, 14.0, 0, 20, 0, 0.0, 0, 2.6973802185833606
22, 15.0, 1, 22, 0, 0.0, 1, 3.794707392415738
22, 16.0, 0, 23, 0, 0.0, 1, 4.396187856129133
22, 17.0, 0, 23, 0, 1.0, 1, 4.733731096877056
22, 18.0, 0, 25, 0, 2.0, 1, 4.450485764244333
22, 19.0, 0, 25, 0, 1.0, 1, 6.342629863512254
22, 20.0, 0, 27, 0, 2.0, 1, 7.258982663892395
22, 21.0, 0, 27, 0, 0.0, 1, 8.124919724837737
22, 22.0, 1, 28, 0, 0.0, 1, 7.042237891181577
22, 23.0, 1, 30, 0, 0.0, 1, 7.904969412076828
22, 24.0, 0, 31, 0, 1.0, 1, 9.195093359226838
22, 25.0, 1, 33, 0, 3.0, 2, 9.030032229241973
22, 26.0, 1, 36, 0, 0.0, 2, 9.457975272622594
22, 27.0, 1, 38, 0, 2.0, 2, 10.095372637197874
22, 28.0, 1, 40, 0, 5.0, 2, 10.568869021886426
22, 29.0, 1, 41, 0, 6.0, 2, 11.35337199254316
22, 30.0, 0, 41, 0, 5.0, 4, 11.663750526594042
22, 31.0, 1, 46, 0, 1.0, 4, 9.338358703046696
22, 32.0, 1, 47, 1, 3.0, 4, 9.653270301361664
22, 33.0, 1, 46, 1, 5.0, 4, 10.16299705979315
22, 34.0, 0, 47, 0, 0.0, 5, 9.111272306574962
22, 35.0, 1, 47, 1, 1.0, 5, 7.835917743259508
22, 36.0, 1, 47, 1, 2.0, 5, 7.041183538701337
22, 37.0, 0, 47, 1, 0.0, 7, 7.265010494170584
22, 38.0, 1, 47, 1, 0.0, 7, 7.801094278087589
22, 39.0, 1, 47, 2, 0.0, 7, 8.256940362640218
22, 40.0, 0, 50, 1, 0.0, 7, 9.164164891468179
22, 41.0, 1, 49, 1, 2.0, 7, 11.40464875731647
22, 42.0, 1, 51, 0, 4.0, 7, 11.38057119417585
22, 43.0, 1, 53, 1, 5.0, 7, 12.248644924270874
22, 44.0, 1, 52, 2, 8.0, 7, 12.479893154019408
22, 45.0, 1, 53, 0, 9.0, 7, 12.57201532902806
22, 46.0, 1, 50, 4, 13.0, 6, 11.293607756818123
22, 47.0, 0, 52, 1, 0.0, 6, 10.884577983124228
22, 48.0, 1, 53, 0, 0.0, 7, 11.773926279747588
22, 49.0, 0, 51, 2, 4.0, 8, 12.451871286166828
22, 50.0, 1, 53, 0, 7.0, 8, 11.309509417501298
22, 51.0, 1, 54, 2, 10.0, 8, 11.751242784209754
22, 52.0, 0, 50, 5, 15.0, 6, 12.364887392504743
22, 53.0, 1, 51, 0, 18.0, 7, 13.10181509058629
22, 54.0, 0, 52, 1, 22.0, 8, 14.11773265900843
22, 55.0, 1, 49, 3, 27.0, 9, 15.32710540376937
22, 56.0, 1, 50, 1, 33.0, 9, 15.046314724762023
22, 57.0, 0, 51, 0, 39.0, 9, 14.635092773673904
22, 58.0, 1, 50, 1, 26.0, 8, 14.001508553656725
22, 59.0, 0, 49, 2, 33.0, 8, 14.850798628219035
22, 60.0, 1, 50, 0, 38.0, 9, 15.587650861721562
22, 61.0, 1, 50, 2, 40.0, 9, 15.50079777019974
22, 62.0, 0, 52, 1, 45.0, 9, 17.080176106859508
22, 63.0, 0, 51, 2, 45.0, 9, 18.02121274819275
22, 64.0, 0, 51, 2, 52.0, 8, 18.313900178115667
22, 65.0, 0, 51, 0, 60.0, 8, 19.521315807722182
22, 66.0, 1, 50, 3, 52.0, 6, 18.211990783089277
22, 67.0, 0, 50, 0, 56.0, 8, 18.624298703130815
22, 68.0, 1, 51, 0, 40.0, 8, 17.844158509986787
22, 69.0, 1, 49, 2, 28.0, 8, 15.703562685252583
22, 70.0, 1, 49, 0, 21.0, 8, 13.815833918669515
22, 71.0, 1, 50, 0, 25.0, 8, 14.186750005233087
22, 72.0, 1, 47, 5, 19.0, 6, 12.49428091811621
22, 73.0, 1, 47, 2, 23.0, 5, 13.131306087908268
22, 74.0, 1, 47, 0, 27.0, 5, 12.53953653015785
22, 75.0, 1, 50, 1, 18.0, 5, 11.280699838176648
22, 76.0, 0, 52, 0, 0.0, 6, 12.760287649973776
22, 77.0, 1, 51, 2, 1.0, 7, 10.196217621306277
22, 78.0, 0, 50, 1, 1.0, 6, 9.864867797387072
22, 79.0, 1, 51, 0, 2.0, 6, 9.372884704021573
22, 80.0, 1, 52, 0, 5.0, 7, 9.724636706374746
22, 81.0, 1, 52, 1, 5.0, 7, 10.35736432259748
22, 82.0, 0, 53, 2, 8.0, 7, 9.690687446949632
22, 83.0, 0, 51, 3, 8.0, 7, 9.81694027150061
22, 84.0, 1, 51, 0, 11.0, 7, 9.62608827623723
22, 85.0, 0, 50, 4, 6.0, 6, 9.58496850951065
22, 86.0, 1, 47, 3, 8.0, 6, 10.106211639701908
22, 87.0, 1, 44, 3, 11.0, 5, 9.848263732808235
22, 88.0, 0, 44, 2, 10.0, 6, 11.10483737580772
22, 89.0, 1, 41, 3, 2.0, 6, 11.881634485349958
22, 90.0, 0, 41, 2, 6.0, 6, 12.71303600910015
22, 91.0, 1, 43, 0, 7.0, 6, 14.305444623736669
22, 92.0, 1, 42, 2, 13.0, 6, 15.396434301194295
22, 93.0, 1, 41, 2, 11.0, 5, 15.161707691004247
22, 94.0, 1, 42, 1, 14.0, 5, 15.136350551672278
22, 95.0, 1, 41, 1, 9.0, 5, 16.533641302168416
22, 96.0, 1, 41, 1, 11.0, 5, 15.892938738413001
22, 97.0, 0, 40, 2, 13.0, 5, 13.55557551069322
22, 98.0, 1, 42, 0, 9.0, 5, 13.41668627831636
22, 99.0, 1, 45, 1, 9.0, 4, 12.327490288758154
22, 100.0, 1, 45, 1, 9.0, 4, 12.926056860640585
22, 101.0, 0, 45, 1, 6.0, 4, 11.893713899220737
22, 102.0, 1, 46, 0, 0.0, 4, 10.66173359905381
22, 103.0, 1, 50, 0, 1.0, 4, 10.230072433152067
22, 104.0, 1, 51, 0, 3.0, 4, 11.167811125043528
22, 105.0, 1, 51, 1, 5.0, 4, 11.129377238825311
22, 106.0, 0, 52, 0, 0.0, 4, 10.953087027456215
22, 107.0, 0, 51, 1, 1.0, 5, 11.31825754623167
22, 108.0, 0, 52, 0, 2.0, 5, 11.372561139365851
22, 109.0, 1, 49, 3, 2.0, 4, 11.259005306108175
22, 110.0, 1, 49, 2, 2.0, 4, 11.36358935538205
22, 111.0, 0, 46, 3, 4.0, 4, 13.605196731806968
22, 112.0, 1, 46, 0, 6.0, 6, 13.207850959489354
22, 113.0, 1, 45, 3, 10.0, 6, 13.714623115382995
22, 114.0, 1, 44, 2, 16.0, 5, 14.831205291295431
22, 115.0, 1, 43, 2, 23.0, 5, 15.487236023595969
22, 116.0, 1, 45, 2, 24.0, 4, 18.079721699351076
22, 117.0, 1, 46, 0, 32.0, 4, 18.117555033151255
22, 118.0, 1, 46, 2, 43.0, 4, 17.549982986283865
22, 119.0, 1, 46, 1, 54.0, 4, 18.124070386108173
22, 120.0, 1, 47, 1, 65.0, 3, 17.212222273337563
22, 121.0, 0, 47, 3, 23.0, 3, 16.844618079022524
22, 122.0, 0, 50, 0, 22.0, 3, 17.286104336787375
22, 123.0, 1, 52, 1, 21.0, 3, 16.80527442176141
22, 124.0, 1, 53, 0, 26.0, 3, 16.912569093546317
22, 125.0, 1, 53, 1, 31.0, 3, 17.028833294793973
22, 126.0, 1, 52, 1, 36.0, 2, 16.555628979340074
22, 127.0, 1, 52, 1, 41.0, 2, 15.81114284751218
22, 128.0, 1, 51, 2, 46.0, 2, 16.875076630691744
22, 129.0, 1, 52, 2, 51.0, 2, 18.97294632713802
22, 130.0, 0, 53, 0, 48.0, 3, 20.506702951949652
22, 131.0, 0, 54, 0, 36.0, 4, 21.48270025323822
22, 132.0, 1, 54, 1, 39.0, 4, 22.584152195761483
22, 133.0, 0, 53, 1, 43.0, 4, 22.387168675866654
22, 134.0, 1, 53, 2, 47.0, 4, 23.98059325567329
22, 135.0, 1, 56, 0, 39.0, 4, 23.76048554403754
22, 136.0, 0, 57, 0, 41.0, 4, 22.528887066140285
22, 137.0, 1, 56, 1, 45.0, 4, 22.142849745987995
22, 138.0, 1, 56, 2, 40.0, 4, 21.301294672690542
22, 139.0, 1, 55, 1, 19.0, 4, 20.934437435706666
22, 140.0, 1, 56, 1, 24.0, 4, 19.171330264332138
22, 141.0, 0, 58, 1, 27.0, 4, 19.36779321489609
22, 142.0, 0, 59, 0, 31.0, 4, 21.40643733872623
22, 143.0, 1, 59, 1, 36.0, 4, 21.090259859603982
22, 144.0, 0, 59, 0, 43.0, 4, 20.850762087109235
22, 145.0, 1, 58, 2, 48.0, 4, 19.219679141360263
22, 146.0, 0, 59, 0, 48.0, 4, 19.924039684663807
22, 147.0, 1, 58, 2, 27.0, 5, 19.55487134199344
22, 148.0, 1, 54, 4, 23.0, 4, 18.935703319755326
22, 149.0, 1, 55, 0, 23.0, 4, 18.72778060353877
22, 150.0, 1, 54, 2, 28.0, 4, 17.08804565853458
22, 151.0, 1, 54, 3, 33.0, 3, 16.495667120896215
22, 152.0, 1, 52, 2, 37.0, 3, 16.844773821568538
22, 153.0, 1, 51, 2, 40.0, 2, 16.254827972626657
22, 154.0, 1, 51, 1, 46.0, 2, 16.72151379249754
22, 155.0, 0, 52, 1, 21.0, 3, 14.991901868281657
22, 156.0, 1, 52, 2, 23.0, 4, 13.397481396198165
22, 157.0, 0, 51, 1, 26.0, 4, 13.891228344611061
22, 158.0, 1, 53, 0, 19.0, 4, 11.901841088206748
22, 159.0, 1, 53, 2, 22.0, 4, 11.114984783414434
22, 160.0, 0, 52, 2, 21.0, 4, 11.407905060720214
22, 161.0, 1, 51, 1, 6.0, 4, 10.754746420592879
22, 162.0, 1, 50, 2, 5.0, 4, 9.581661362488981
22, 163.0, 1, 50, 1, 6.0, 4, 9.45783273267516
22, 164.0, 1, 50, 2, 0.0, 3, 9.150050086023068
22, 165.0, 1, 48, 2, 0.0, 3, 7.907541048772383
22, 166.0, 1, 49, 2, 0.0, 3, 8.58316508569108
22, 167.0, 1, 46, 3, 2.0, 3, 8.882504500058998
22, 168.0, 1, 49, 0, 4.0, 3, 8.894539683173722
22, 169.0, 0, 47, 3, 0.0, 6, 9.90103058396579
22, 170.0, 1, 45, 3, 0.0, 5, 8.611682853081744
22, 171.0, 1, 47, 1, 2.0, 5, 9.5125334698689
22, 172.0, 1, 47, 1, 4.0, 5, 11.01489931508533
22, 173.0, 1, 48, 2, 8.0, 5, 11.745013030380914
22, 174.0, 1, 49, 2, 7.0, 5, 12.219664644388024
22, 175.0, 1, 52, 1, 10.0, 5, 10.992957761113248
22, 176.0, 0, 52, 1, 6.0, 7, 11.285472470484631
22, 177.0, 1, 51, 1, 7.0, 8, 10.989076108718034
22, 178.0, 1, 51, 2, 8.0, 7, 9.602066933848507
22, 179.0, 1, 49, 2, 1.0, 7, 11.661372530059245
22, 180.0, 1, 47, 2, 2.0, 6, 12.279756861502843
22, 181.0, 1, 44, 4, 3.0, 6, 12.165698252686362
22, 182.0, 1, 44, 1, 6.0, 6, 12.0259104424465
22, 183.0, 0, 44, 0, 1.0, 6, 11.544020957337992
22, 184.0, 0, 43, 1, 2.0, 5, 11.6248691989779
22, 185.0, 1, 43, 1, 0.0, 5, 11.282619855447516
22, 186.0, 0, 47, 1, 0.0, 5, 12.066923284566464
22, 187.0, 0, 49, 0, 1.0, 5, 15.103788104447178
22, 188.0, 0, 50, 0, 3.0, 5, 17.45882102803708
22, 189.0, 1, 50, 1, 3.0, 5, 16.49618426641657
22, 190.0, 1, 53, 0, 5.0, 5, 15.171176867112607
22, 191.0, 1, 53, 2, 1.0, 5, 15.299360046566305
22, 192.0, 0, 52, 2, 0.0, 4, 15.579057657180408
22, 193.0, 0, 53, 2, 1.0, 3, 15.410820941200274
22, 194.0, 0, 53, 1, 3.0, 2, 14.982654365753088
22, 195.0, 1, 53, 2, 0.0, 1, 12.395733576790143
22, 196.0, 1, 53, 1, 0.0, 1, 10.938587397121617
22, 197.0, 1, 52, 1, 0.0, 1, 10.81163884082312
22, 198.0, 1, 52, 2, 0.0, 1, 8.08318938858696
22, 199.0, 0, 53, 0, 0.0, 1, 8.224727453950278
22, 200.0, 0, 53, 1, 0.0, 1, 8.306745633977963
22, 201.0, 0, 50, 3, 0.0, 0, 9.916924267207769
22, 202.0, 0, 49, 1, 1.0, 0, 10.909499279495936
22, 203.0, 0, 48, 1, 3.0, 0, 11.056345271101417
22, 204.0, 1, 45, 3, 0.0, 0, 10.132710024103519
22, 205.0, 1, 43, 2, 1.0, 0, 10.12870766516086
22, 206.0, 1, 42, 1, 4.0, 0, 12.949910027245824
22, 207.0, 1, 40, 2, 6.0, 0, 13.406714235841086
22, 208.0, 1, 37, 3, 6.0, 0, 13.549004079413484
22, 209.0, 0, 35, 2, 9.0, 0, 13.378613551372695
22, 210.0, 0, 34, 1, 13.0, 0, 13.388447361696551
22, 211.0, 0, 33, 1, 18.0, 0, 13.573439745467187
22, 212.0, 1, 32, 1, 16.0, 0, 12.157200349910559
22, 213.0, 1, 31, 1, 15.0, 0, 11.228202752709919
22, 214.0, 0, 28, 3, 14.0, 1, 11.656288145475127
22, 215.0, 0, 28, 0, 9.0, 1, 11.249810245431096
22, 216.0, 1, 28, 0, 7.0, 1, 9.46820449205353
22, 217.0, 1, 27, 1, 3.0, 1, 8.066724722020162
22, 218.0, 1, 27, 0, 1.0, 1, 7.474784044600373
22, 219.0, 1, 26, 1, 2.0, 1, 6.618714092205152
22, 220.0, 1, 26, 0, 3.0, 1, 6.102253555744138
22, 221.0, 1, 24, 2, 0.0, 1, 4.768189258755248
22, 222.0, 0, 22, 2, 0.0, 1, 4.413717391174948
22, 223.0, 0, 20, 2, 0.0, 1, 3.750815735257246
22, 224.0, 1, 20, 0, 0.0, 1, 3.23814827039047
22, 225.0, 1, 20, 0, 0.0, 1, 3.325321271774987
22, 226.0, 0, 19, 1, 0.0, 1, 3.1213582010945453
22, 227.0, 1, 16, 3, 0.0, 1, 2.374324501648416
22, 228.0, 1, 14, 2, 0.0, 1, 1.6365927724383278
22, 229.0, 0, 12, 2, 0.0, 1, 2.185902920146245
22, 230.0, 1, 11, 1, 0.0, 1, 1.4223889485778232
22, 231.0, 0, 10, 1, 0.0, 1, 1.0939289226032756
22, 232.0, 0, 10, 0, 0.0, 1, 1.2662351209838612
22, 233.0, 0, 9, 1, 0.0, 1, 0.886107475837286
22, 234.0, 0, 7, 2, 0.0, 1, 0.7346905129958383
22, 235.0, 1, 5, 2, 0.0, 1, 0.3651520393631369
22, 236.0, 0, 5, 0, 0.0, 1, 0.2644195148131736
22, 237.0, 0, 4, 1, 0.0, 1, 0.24986013040295418
22, 238.0, 0, 4, 0, 0.0, 1, 0.15650549223928323
22, 239.0, 1, 4, 0, 0.0, 1, 0.20528924442654173
22, 240.0, 0, 3, 1, 0.0, 0, 0.02010158517724392
22, 241.0, 0, 3, 0, 0.0, 0, 0.16069699534494042
22, 242.0, 1, 2, 1, 0.0, 0, 0.1397903421051403
22, 243.0, 1, 1, 1, 0.0, 0, 0.042577965062385204
22, 244.0, 0, 1, 0, 0.0, 0, 0.08876158252276056
22, 245.0, 0, 1, 0, 0.0, 0, 0.09505892755019829
22, 246.0, 1, 1, 0, 0.0, 0, 0.05110180205452508
22, 247.0, 0, 0, 1, 0, 0, 0
23, 1.0, 0, 2, 0, 0.0, 0, 0.0
23, 2.0, 0, 3, 0, 0.0, 0, 1.0814256854756554
23, 3.0, 1, 5, 0, 0.0, 0, 1.2559462905827157
23, 4.0, 1, 7, 0, 0.0, 0, 1.2603760180273869
23, 5.0, 0, 9, 0, 0.0, 0, 1.356365191048412
23, 6.0, 0, 9, 0, 0.0, 0, 1.2083235416804996
23, 7.0, 0, 10, 0, 0.0, 0, 1.0113279673831101
23, 8.0, 1, 11, 0, 0.0, 0, 1.129802691208996
23, 9.0, 0, 12, 0, 0.0, 0, 1.3450565739990277
23, 10.0, 0, 15, 0, 0.0, 0, 1.756942660829886
23, 11.0, 0, 16, 0, 0.0, 0, 2.7246850029921044
23, 12.0, 0, 18, 0, 0.0, 0, 2.8130937915926353
23, 13.0, 1, 18, 0, 0.0, 0, 2.654887511188241
23, 14.0, 1, 20, 0, 0.0, 0, 2.3700862928673603
23, 15.0, 0, 22, 0, 0.0, 3, 4.064304684128379
23, 16.0, 0, 23, 0, 1.0, 3, 5.13133199281435
23, 17.0, 1, 23, 0, 0.0, 3, 4.564647146676614
23, 18.0, 0, 25, 0, 0.0, 3, 4.153939994539588
23, 19.0, 1, 25, 0, 1.0, 4, 6.110969553572203
23, 20.0, 1, 27, 0, 2.0, 4, 5.91815029605149
23, 21.0, 0, 28, 0, 3.0, 5, 6.983163163840354
23, 22.0, 1, 28, 0, 4.0, 5, 7.2594340764772
23, 23.0, 0, 30, 0, 5.0, 6, 7.427058881910762
23, 24.0, 1, 31, 0, 6.0, 6, 7.787776274854446
23, 25.0, 0, 33, 0, 8.0, 7, 7.889414595438092
23, 26.0, 0, 36, 0, 12.0, 7, 9.716145689215413
23, 27.0, 1, 38, 0, 3.0, 7, 9.4481173892598
23, 28.0, 1, 40, 0, 4.0, 7, 9.865934685603484
23, 29.0, 1, 41, 0, 0.0, 7, 11.218627038738587
23, 30.0, 1, 41, 0, 0.0, 7, 10.882761195876387
23, 31.0, 0, 46, 0, 2.0, 7, 9.872690895428706
23, 32.0, 0, 48, 0, 4.0, 7, 10.148613320249725
23, 33.0, 1, 45, 3, 8.0, 7, 11.642956323703713
23, 34.0, 1, 46, 0, 10.0, 7, 11.33680131057352
23, 35.0, 0, 47, 0, 13.0, 9, 11.595166240460802
23, 36.0, 1, 46, 2, 16.0, 8, 11.035272668977376
23, 37.0, 0, 46, 1, 13.0, 7, 11.319403050776735
23, 38.0, 1, 45, 2, 7.0, 6, 10.840402577810801
23, 39.0, 1, 46, 1, 10.0, 6, 11.728106704243427
23, 40.0, 1, 49, 1, 11.0, 5, 12.044384860702337
23, 41.0, 1, 48, 1, 14.0, 4, 13.122515101848768
23, 42.0, 1, 50, 0, 19.0, 4, 12.57457510233715
23, 43.0, 0, 53, 0, 15.0, 5, 12.730027935357192
23, 44.0, 1, 54, 1, 12.0, 5, 12.155792938248666
23, 45.0, 1, 50, 4, 14.0, 3, 11.733953054661148
23, 46.0, 0, 51, 0, 17.0, 4, 10.356848546348287
23, 47.0, 1, 55, 0, 19.0, 4, 10.222447143983429
23, 48.0, 1, 55, 0, 22.0, 4, 13.38218946092572
23, 49.0, 1, 55, 0, 21.0, 4, 12.769002798717219
23, 50.0, 1, 56, 1, 25.0, 4, 12.45292111482451
23, 51.0, 1, 57, 1, 29.0, 3, 13.016078217615204
23, 52.0, 0, 59, 0, 30.0, 3, 13.28587763096684
23, 53.0, 1, 55, 5, 36.0, 4, 13.360999575993286
23, 54.0, 1, 56, 1, 36.0, 4, 13.193752155468067
23, 55.0, 1, 54, 2, 16.0, 4, 15.768291200330667
23, 56.0, 0, 52, 4, 0.0, 4, 14.607635487416832
23, 57.0, 1, 51, 2, 1.0, 4, 14.478523375660007
23, 58.0, 1, 48, 3, 3.0, 4, 13.422339791170529
23, 59.0, 0, 49, 0, 4.0, 5, 12.510564548776191
23, 60.0, 1, 48, 2, 6.0, 5, 11.517082350387097
23, 61.0, 1, 47, 3, 7.0, 5, 11.718610898409615
23, 62.0, 1, 48, 2, 5.0, 5, 11.442185003390772
23, 63.0, 0, 48, 1, 3.0, 6, 11.808981666798985
23, 64.0, 0, 50, 0, 4.0, 6, 12.46300902080935
23, 65.0, 0, 50, 0, 6.0, 6, 13.364562029955815
23, 66.0, 1, 51, 1, 1.0, 7, 12.007551058297658
23, 67.0, 0, 48, 3, 2.0, 7, 13.000584470487777
23, 68.0, 0, 49, 0, 4.0, 7, 12.346631229000364
23, 69.0, 1, 48, 1, 4.0, 7, 11.972912395760584
23, 70.0, 1, 47, 1, 3.0, 7, 10.836800036714406
23, 71.0, 1, 47, 1, 5.0, 7, 11.112906769538103
23, 72.0, 1, 48, 1, 8.0, 7, 10.15690453130564
23, 73.0, 1, 48, 2, 11.0, 6, 10.65458574495131
23, 74.0, 0, 48, 0, 3.0, 6, 11.915080899193061
23, 75.0, 1, 49, 2, 3.0, 6, 10.69685078346892
23, 76.0, 0, 50, 2, 3.0, 7, 11.015709096286017
23, 77.0, 1, 49, 2, 3.0, 7, 13.09547946235524
23, 78.0, 0, 47, 2, 3.0, 7, 13.10595639057507
23, 79.0, 0, 45, 3, 5.0, 7, 12.925217829979537
23, 80.0, 1, 44, 2, 7.0, 6, 12.561755698993894
23, 81.0, 1, 45, 0, 11.0, 6, 12.785610510285426
23, 82.0, 0, 47, 1, 15.0, 6, 12.268778048230049
23, 83.0, 1, 46, 2, 17.0, 6, 12.533046442565041
23, 84.0, 0, 43, 3, 13.0, 6, 12.408094494798261
23, 85.0, 1, 46, 0, 14.0, 6, 11.998508253131057
23, 86.0, 0, 44, 2, 17.0, 6, 11.734710191471832
23, 87.0, 1, 43, 1, 14.0, 7, 11.590376030373834
23, 88.0, 1, 44, 1, 12.0, 7, 11.408865119072447
23, 89.0, 1, 42, 2, 12.0, 7, 12.559959345416022
23, 90.0, 1, 43, 1, 14.0, 7, 12.588237824433735
23, 91.0, 1, 43, 2, 16.0, 7, 13.116190959936226
23, 92.0, 1, 44, 0, 19.0, 7, 13.52408636063884
23, 93.0, 1, 44, 1, 23.0, 6, 12.69796697100836
23, 94.0, 0, 46, 0, 1.0, 7, 11.46904585678855
23, 95.0, 1, 45, 1, 0.0, 8, 10.175773818372734
23, 96.0, 1, 45, 1, 1.0, 8, 8.30133242267591
23, 97.0, 1, 45, 1, 2.0, 8, 9.541818456632498
23, 98.0, 1, 46, 1, 3.0, 7, 8.154773123743938
23, 99.0, 1, 47, 2, 4.0, 5, 8.3106719125302
23, 100.0, 1, 48, 1, 5.0, 5, 8.94712372174576
23, 101.0, 1, 47, 2, 7.0, 5, 8.089028094115006
23, 102.0, 0, 46, 2, 0.0, 5, 8.268349980860362
23, 103.0, 1, 50, 0, 0.0, 6, 8.012410668740642
23, 104.0, 0, 50, 1, 0.0, 7, 9.19934218206774
23, 105.0, 0, 49, 1, 1.0, 7, 10.862527810755337
23, 106.0, 0, 51, 0, 4.0, 7, 10.321727250101663
23, 107.0, 0, 47, 4, 8.0, 7, 10.683256117820541
23, 108.0, 0, 48, 0, 14.0, 7, 10.070645406201857
23, 109.0, 1, 43, 5, 2.0, 6, 10.633598715759755
23, 110.0, 1, 43, 2, 0.0, 5, 10.668814013499276
23, 111.0, 1, 40, 3, 2.0, 4, 12.522364124699662
23, 112.0, 1, 40, 0, 4.0, 4, 11.88144506622418
23, 113.0, 1, 39, 3, 6.0, 4, 11.12051488764823
23, 114.0, 1, 40, 0, 5.0, 4, 13.211889604669123
23, 115.0, 1, 40, 1, 8.0, 4, 12.37458496152988
23, 116.0, 1, 43, 1, 12.0, 4, 12.124699511322756
23, 117.0, 1, 44, 0, 16.0, 4, 14.425691530248663
23, 118.0, 0, 42, 4, 1.0, 3, 13.03262431425787
23, 119.0, 1, 43, 0, 0.0, 3, 10.653850254674898
23, 120.0, 0, 45, 0, 0.0, 3, 9.07166783877194
23, 121.0, 1, 47, 1, 0.0, 3, 9.427310334726895
23, 122.0, 1, 49, 1, 0.0, 3, 9.639777003974382
23, 123.0, 1, 50, 2, 1.0, 2, 9.793353482188072
23, 124.0, 1, 51, 0, 4.0, 2, 9.222982994167287
23, 125.0, 1, 51, 1, 6.0, 2, 9.519698954667295
23, 126.0, 1, 51, 0, 9.0, 2, 9.388845600307187
23, 127.0, 1, 49, 3, 12.0, 2, 8.816582630404291
23, 128.0, 0, 50, 0, 11.0, 4, 10.671519696093966
23, 129.0, 0, 52, 1, 9.0, 4, 11.319909041762875
23, 130.0, 1, 51, 2, 9.0, 4, 12.626434391395017
23, 131.0, 1, 50, 2, 9.0, 4, 12.374999465728667
23, 132.0, 1, 50, 1, 10.0, 5, 14.30520561117865
23, 133.0, 1, 49, 1, 12.0, 5, 15.050195767357975
23, 134.0, 1, 50, 1, 15.0, 5, 16.353206824664916
23, 135.0, 0, 52, 1, 16.0, 5, 17.83423999258471
23, 136.0, 0, 48, 5, 22.0, 4, 18.649986279548056
23, 137.0, 1, 47, 1, 28.0, 4, 17.936363014172414
23, 138.0, 1, 46, 2, 35.0, 4, 17.6237442031358
23, 139.0, 1, 47, 0, 44.0, 4, 19.26201363099548
23, 140.0, 0, 48, 1, 23.0, 4, 18.016879522619128
23, 141.0, 1, 50, 1, 30.0, 4, 17.293237699135478
23, 142.0, 1, 51, 0, 35.0, 4, 17.739983953482792
23, 143.0, 1, 51, 1, 43.0, 4, 17.80946764420588
23, 144.0, 0, 50, 1, 31.0, 4, 17.68517037535508
23, 145.0, 1, 50, 1, 28.0, 5, 17.554425070414005
23, 146.0, 1, 49, 2, 34.0, 4, 16.443210621331602
23, 147.0, 0, 50, 0, 38.0, 6, 16.64246135458499
23, 148.0, 1, 49, 1, 37.0, 6, 16.46383209401946
23, 149.0, 0, 48, 2, 43.0, 7, 16.097227406498128
23, 150.0, 1, 48, 1, 48.0, 7, 15.411342160706976
23, 151.0, 0, 50, 1, 39.0, 6, 14.351618560512904
23, 152.0, 0, 49, 1, 45.0, 6, 14.047189418867166
23, 153.0, 1, 49, 1, 51.0, 6, 12.908553362379385
23, 154.0, 0, 49, 1, 57.0, 8, 13.69216414952145
23, 155.0, 0, 50, 1, 47.0, 8, 14.735236485096095
23, 156.0, 1, 49, 3, 43.0, 8, 12.965967829108957
23, 157.0, 0, 49, 0, 48.0, 8, 12.340392138228642
23, 158.0, 1, 49, 2, 51.0, 8, 10.679359945858135
23, 159.0, 1, 49, 2, 30.0, 8, 10.917796515309574
23, 160.0, 0, 50, 0, 33.0, 9, 11.192461025979435
23, 161.0, 0, 50, 0, 36.0, 10, 10.783857941341823
23, 162.0, 1, 49, 2, 37.0, 9, 10.106107990170841
23, 163.0, 0, 47, 3, 24.0, 10, 9.785534843153984
23, 164.0, 0, 48, 1, 26.0, 10, 9.454139675136686
23, 165.0, 0, 45, 3, 29.0, 9, 10.499423224241456
23, 166.0, 1, 47, 1, 27.0, 10, 9.312998750409239
23, 167.0, 0, 46, 1, 29.0, 10, 10.198695334328464
23, 168.0, 0, 47, 2, 32.0, 10, 9.98363807876343
23, 169.0, 1, 46, 2, 32.0, 10, 8.462459293545892
23, 170.0, 0, 46, 1, 3.0, 11, 9.3253170031626
23, 171.0, 0, 47, 1, 5.0, 11, 10.225944111359873
23, 172.0, 1, 46, 3, 6.0, 9, 10.223728027174586
23, 173.0, 0, 47, 2, 9.0, 9, 11.400602373674994
23, 174.0, 0, 49, 1, 13.0, 8, 13.034359677913308
23, 175.0, 1, 51, 1, 0.0, 9, 11.959419655625206
23, 176.0, 1, 52, 1, 1.0, 9, 11.0916847798349
23, 177.0, 0, 52, 0, 0.0, 9, 9.599355606063863
23, 178.0, 1, 52, 2, 0.0, 9, 7.699212502191515
23, 179.0, 1, 49, 3, 0.0, 8, 7.732996914334769
23, 180.0, 1, 47, 2, 1.0, 7, 8.046324020021553
23, 181.0, 1, 46, 2, 3.0, 6, 8.409706662599948
23, 182.0, 1, 46, 1, 5.0, 6, 8.76000729334266
23, 183.0, 0, 45, 1, 0.0, 6, 8.835184868016869
23, 184.0, 1, 45, 0, 0.0, 6, 7.971791786785431
23, 185.0, 0, 45, 2, 1.0, 8, 10.208050669946012
23, 186.0, 1, 47, 2, 1.0, 8, 11.386374891327161
23, 187.0, 1, 48, 1, 1.0, 8, 13.8332649330176
23, 188.0, 1, 49, 1, 3.0, 7, 13.764490426080773
23, 189.0, 0, 49, 1, 0.0, 6, 15.057640201681918
23, 190.0, 1, 49, 2, 0.0, 6, 15.580340246977565
23, 191.0, 1, 51, 0, 1.0, 6, 16.522818634482668
23, 192.0, 1, 51, 2, 3.0, 5, 16.283677117417177
23, 193.0, 1, 52, 2, 6.0, 4, 14.489302014105297
23, 194.0, 1, 49, 3, 11.0, 4, 14.028849954573104
23, 195.0, 1, 50, 1, 12.0, 4, 11.89005414466123
23, 196.0, 1, 49, 2, 17.0, 3, 11.26191195479656
23, 197.0, 0, 49, 0, 6.0, 4, 11.684383951583637
23, 198.0, 1, 50, 0, 1.0, 4, 9.579232774092185
23, 199.0, 1, 51, 1, 2.0, 4, 9.925484963840333
23, 200.0, 1, 50, 2, 4.0, 2, 10.151412231501155
23, 201.0, 1, 50, 0, 6.0, 2, 9.7709360382915
23, 202.0, 1, 49, 1, 8.0, 1, 9.864426240877561
23, 203.0, 1, 46, 3, 10.0, 1, 9.53280463580638
23, 204.0, 1, 43, 3, 12.0, 1, 9.478383558796203
23, 205.0, 1, 40, 3, 17.0, 1, 9.835045823184002
23, 206.0, 0, 40, 0, 7.0, 2, 10.22938972595154
23, 207.0, 0, 40, 0, 8.0, 2, 11.679275806004108
23, 208.0, 0, 38, 2, 12.0, 2, 14.090511204480277
23, 209.0, 1, 38, 0, 12.0, 3, 15.7632626306538
23, 210.0, 1, 36, 2, 12.0, 3, 15.916239375898554
23, 211.0, 0, 35, 1, 16.0, 3, 15.86859444335418
23, 212.0, 1, 34, 1, 19.0, 4, 16.421719605557097
23, 213.0, 1, 32, 2, 26.0, 4, 16.369416463245717
23, 214.0, 0, 30, 2, 33.0, 4, 15.547386287377737
23, 215.0, 1, 29, 1, 40.0, 4, 14.930064790145101
23, 216.0, 0, 25, 4, 43.0, 4, 13.652419446349587
23, 217.0, 0, 25, 0, 39.0, 4, 13.07158770126107
23, 218.0, 1, 24, 1, 37.0, 4, 11.538624631520563
23, 219.0, 1, 24, 0, 36.0, 4, 10.449755740845205
23, 220.0, 0, 23, 1, 13.0, 4, 10.383427425704456
23, 221.0, 1, 22, 1, 9.0, 4, 8.566710805033756
23, 222.0, 0, 22, 0, 6.0, 4, 7.3675957393870775
23, 223.0, 1, 22, 0, 0.0, 4, 7.412460624393845
23, 224.0, 1, 21, 1, 0.0, 4, 5.232391704207185
23, 225.0, 1, 19, 2, 0.0, 4, 5.0313340221008955
23, 226.0, 1, 18, 1, 0.0, 4, 3.6902175264539707
23, 227.0, 1, 18, 0, 0.0, 4, 2.581956424392464
23, 228.0, 1, 17, 1, 0.0, 4, 2.680331595446636
23, 229.0, 0, 17, 0, 1.0, 5, 2.694279683351583
23, 230.0, 1, 15, 2, 0.0, 5, 2.841247328959037
23, 231.0, 1, 13, 2, 0.0, 4, 2.2088047855682085
23, 232.0, 1, 13, 0, 0.0, 4, 2.228503185335981
23, 233.0, 1, 13, 0, 0.0, 4, 1.5080803505140121
23, 234.0, 0, 12, 1, 0.0, 4, 1.0549116252475166
23, 235.0, 0, 11, 1, 0.0, 4, 1.434126150632629
23, 236.0, 0, 11, 0, 0.0, 4, 1.2451275413721241
23, 237.0, 0, 9, 2, 0.0, 3, 1.021091998742424
23, 238.0, 0, 8, 1, 0.0, 3, 0.7592353834236754
23, 239.0, 0, 6, 2, 0.0, 3, 0.5558764154535343
23, 240.0, 0, 6, 0, 0.0, 3, 0.46354276241258496
23, 241.0, 0, 4, 2, 0.0, 3, 0.36290990087146646
23, 242.0, 0, 3, 1, 0.0, 2, 0.1847592877740425
23, 243.0, 0, 3, 0, 0.0, 2, 0.12679633146725067
23, 244.0, 0, 3, 0, 0.0, 2, 0.22508891165941947
23, 245.0, 0, 1, 2, 0.0, 0, 0.02704108695834151
23, 246.0, 0, 1, 0, 0.0, 0, 0.10477552184688932
23, 247.0, 0, 1, 0, 0.0, 0, 0.0865670277852395
23, 248.0, 0, 1, 0, 0.0, 0, 0.06554584014240206
23, 249.0, 0, 1, 0, 0.0, 0, 0.012494910221796829
23, 250.0, 0, 1, 0, 0.0, 0, 0.090651559650194
23, 251.0, 0, 0, 1, 0, 0, 0
24, 1.0, 0, 2, 0, 0.0, 0, 0.0
24, 2.0, 1, 3, 0, 0.0, 0, 1.0814256854756554
24, 3.0, 1, 5, 0, 0.0, 0, 1.2559462905827157
24, 4.0, 0, 7, 0, 0.0, 0, 1.2603760180273869
24, 5.0, 0, 9, 0, 0.0, 0, 1.356365191048412
24, 6.0, 0, 9, 0, 0.0, 0, 1.287337457469642
24, 7.0, 0, 10, 0, 0.0, 0, 0.9556235514719723
24, 8.0, 1, 11, 0, 0.0, 0, 1.168230593310705
24, 9.0, 0, 12, 0, 0.0, 0, 1.3211245838572987
24, 10.0, 0, 15, 0, 0.0, 0, 1.8079871547397421
24, 11.0, 1, 16, 0, 0.0, 0, 2.8853175909259545
24, 12.0, 0, 18, 0, 0.0, 0, 2.835902989040532
24, 13.0, 0, 18, 0, 0.0, 0, 2.597026846749994
24, 14.0, 1, 20, 0, 0.0, 0, 2.2616112213930557
24, 15.0, 0, 22, 0, 0.0, 3, 4.023046538654081
24, 16.0, 0, 23, 0, 1.0, 3, 5.194583374768669
24, 17.0, 1, 23, 0, 0.0, 3, 4.702194607726342
24, 18.0, 0, 25, 0, 1.0, 3, 4.314125142839098
24, 19.0, 0, 25, 0, 3.0, 3, 6.160390928431002
24, 20.0, 0, 27, 0, 5.0, 3, 6.557580875089821
24, 21.0, 0, 27, 0, 4.0, 3, 8.272400640561878
24, 22.0, 1, 28, 0, 0.0, 3, 6.82537272414013
24, 23.0, 1, 30, 0, 0.0, 3, 6.71456048818539
24, 24.0, 1, 31, 0, 1.0, 3, 8.2662319377296
24, 25.0, 1, 33, 0, 2.0, 3, 8.785680315205237
24, 26.0, 0, 36, 0, 3.0, 3, 9.267936178467137
24, 27.0, 1, 38, 0, 5.0, 3, 9.365160657598253
24, 28.0, 1, 40, 0, 2.0, 3, 9.431100562867387
24, 29.0, 1, 41, 0, 4.0, 3, 10.252371504851519
24, 30.0, 1, 41, 0, 2.0, 3, 8.766709496627003
24, 31.0, 1, 46, 0, 3.0, 3, 7.132522634213941
24, 32.0, 1, 48, 0, 0.0, 3, 7.742476336586338
24, 33.0, 1, 45, 3, 1.0, 3, 8.383097606965864
24, 34.0, 1, 46, 0, 2.0, 3, 7.638788486661207
24, 35.0, 1, 46, 1, 3.0, 3, 7.621251387409632
24, 36.0, 1, 45, 2, 6.0, 2, 7.677195386208852
24, 37.0, 0, 46, 0, 7.0, 3, 9.397876572351164
24, 38.0, 1, 47, 0, 6.0, 4, 9.411895599202984
24, 39.0, 0, 47, 2, 7.0, 3, 10.813630974250161
24, 40.0, 1, 51, 0, 8.0, 3, 13.167780375980247
24, 41.0, 0, 49, 2, 11.0, 3, 13.781052320852062
24, 42.0, 1, 50, 1, 14.0, 3, 12.48970380371769
24, 43.0, 1, 52, 1, 15.0, 3, 13.016431296541345
24, 44.0, 1, 49, 4, 15.0, 2, 13.086595745966514
24, 45.0, 1, 49, 1, 18.0, 2, 11.566247941019608
24, 46.0, 1, 49, 1, 17.0, 2, 10.957562850254831
24, 47.0, 1, 50, 2, 19.0, 2, 11.930965731825214
24, 48.0, 1, 51, 0, 23.0, 2, 11.955039806260384
24, 49.0, 1, 50, 1, 28.0, 2, 13.111901501879988
24, 50.0, 1, 52, 0, 33.0, 2, 12.28724331865025
24, 51.0, 1, 55, 0, 38.0, 2, 12.107676208576448
24, 52.0, 1, 54, 2, 44.0, 2, 12.950589421362015
24, 53.0, 0, 54, 1, 1.0, 3, 12.86712578656483
24, 54.0, 1, 55, 1, 0.0, 4, 14.319126364319551
24, 55.0, 0, 52, 3, 2.0, 4, 15.950123309617284
24, 56.0, 1, 53, 1, 6.0, 5, 15.810591691355134
24, 57.0, 1, 50, 4, 11.0, 4, 15.942146211057274
24, 58.0, 0, 50, 0, 18.0, 5, 17.031281337229853
24, 59.0, 1, 50, 1, 18.0, 5, 15.657836054748383
24, 60.0, 1, 49, 2, 25.0, 4, 15.897553808524234
24, 61.0, 1, 50, 1, 33.0, 4, 16.92431428574119
24, 62.0, 1, 50, 3, 36.0, 4, 17.60341066407309
24, 63.0, 1, 50, 1, 39.0, 4, 18.45727430845066
24, 64.0, 1, 49, 3, 46.0, 4, 19.368136015605064
24, 65.0, 1, 48, 1, 43.0, 4, 20.873708328622662
24, 66.0, 1, 50, 0, 50.0, 4, 20.334236593641247
24, 67.0, 1, 50, 0, 58.0, 4, 20.32897924834042
24, 68.0, 1, 50, 1, 66.0, 4, 20.830575658025285
24, 69.0, 1, 49, 1, 62.0, 4, 20.317843106741723
24, 70.0, 1, 48, 1, 70.0, 4, 20.159280201624885
24, 71.0, 1, 48, 1, 79.0, 4, 19.306481766775555
24, 72.0, 0, 47, 3, 34.0, 4, 19.1052748567289
24, 73.0, 0, 49, 0, 34.0, 4, 20.36750521667377
24, 74.0, 1, 48, 1, 39.0, 3, 20.218886706797132
24, 75.0, 0, 51, 1, 44.0, 2, 20.367955917080486
24, 76.0, 1, 51, 2, 51.0, 2, 21.436802649049216
24, 77.0, 0, 52, 0, 58.0, 2, 21.600935903673236
24, 78.0, 0, 51, 1, 62.0, 2, 21.513742699016547
24, 79.0, 0, 52, 0, 69.0, 2, 21.22144286311772
24, 80.0, 0, 52, 1, 77.0, 2, 21.260424186694546
24, 81.0, 1, 52, 1, 56.0, 2, 20.86736542780324
24, 82.0, 1, 53, 2, 53.0, 1, 20.186699496185646
24, 83.0, 1, 54, 0, 32.0, 1, 20.472525543684974
24, 84.0, 0, 52, 2, 35.0, 2, 20.486800920119993
24, 85.0, 0, 54, 1, 40.0, 2, 19.579621116832868
24, 86.0, 1, 53, 1, 44.0, 2, 19.10618984824599
24, 87.0, 1, 52, 1, 49.0, 2, 18.16110883596405
24, 88.0, 0, 52, 2, 55.0, 3, 19.548366973954607
24, 89.0, 0, 51, 1, 63.0, 3, 20.450181847771155
24, 90.0, 0, 52, 1, 41.0, 3, 21.561921047542643
24, 91.0, 0, 53, 1, 38.0, 3, 22.597900796080527
24, 92.0, 0, 53, 1, 46.0, 3, 23.084656049596536
24, 93.0, 0, 54, 0, 38.0, 3, 23.309044050316036
24, 94.0, 1, 54, 2, 28.0, 3, 22.15039875354062
24, 95.0, 1, 54, 0, 38.0, 3, 23.4746278618373
24, 96.0, 1, 55, 0, 39.0, 3, 24.89760195182675
24, 97.0, 1, 51, 5, 43.0, 2, 24.655266835219663
24, 98.0, 0, 53, 0, 44.0, 2, 25.182571564565663
24, 99.0, 0, 55, 2, 50.0, 2, 25.286656312954964
24, 100.0, 1, 54, 2, 47.0, 2, 25.32437076639339
24, 101.0, 0, 54, 1, 44.0, 3, 23.931360469373313
24, 102.0, 1, 55, 0, 41.0, 3, 24.02908794900201
24, 103.0, 1, 59, 0, 37.0, 3, 22.540026492339983
24, 104.0, 0, 60, 0, 8.0, 3, 21.974213149714362
24, 105.0, 1, 59, 1, 12.0, 3, 19.592706435732616
24, 106.0, 1, 60, 1, 17.0, 3, 18.722237807454523
24, 107.0, 1, 60, 0, 23.0, 3, 19.531941164453418
24, 108.0, 1, 61, 0, 31.0, 3, 17.157106602855066
24, 109.0, 1, 61, 0, 39.0, 3, 17.71336021479651
24, 110.0, 1, 61, 2, 48.0, 3, 16.960396306912017
24, 111.0, 1, 58, 3, 53.0, 3, 18.112473260692987
24, 112.0, 1, 57, 1, 63.0, 3, 18.671216888219686
24, 113.0, 0, 57, 2, 23.0, 3, 17.25174354284257
24, 114.0, 0, 58, 0, 25.0, 3, 19.746616455415484
24, 115.0, 1, 58, 1, 28.0, 4, 20.188146754255516
24, 116.0, 1, 60, 2, 33.0, 4, 19.882932532249587
24, 117.0, 1, 59, 2, 39.0, 4, 20.461993747990455
24, 118.0, 1, 58, 3, 46.0, 4, 19.604726011602793
24, 119.0, 1, 56, 3, 55.0, 4, 19.275195875242723
24, 120.0, 1, 54, 4, 69.0, 4, 18.62442423128504
24, 121.0, 0, 54, 3, 31.0, 4, 18.218666829388006
24, 122.0, 1, 56, 1, 33.0, 4, 17.77197284164078
24, 123.0, 1, 58, 1, 36.0, 4, 18.83871678349266
24, 124.0, 1, 59, 0, 39.0, 4, 19.3630929179879
24, 125.0, 0, 59, 1, 40.0, 5, 19.62936813644347
24, 126.0, 1, 57, 2, 35.0, 5, 18.27489101221573
24, 127.0, 1, 56, 2, 41.0, 5, 17.597396876459783
24, 128.0, 1, 56, 1, 48.0, 5, 19.65327142481422
24, 129.0, 1, 59, 0, 43.0, 5, 19.770382474476136
24, 130.0, 1, 57, 3, 50.0, 5, 22.101470052194628
24, 131.0, 1, 57, 1, 53.0, 5, 22.054809917764576
24, 132.0, 0, 57, 1, 60.0, 4, 23.589454637384858
24, 133.0, 1, 55, 2, 62.0, 4, 24.157385551600942
24, 134.0, 0, 57, 0, 70.0, 4, 25.572663267988215
24, 135.0, 0, 58, 2, 79.0, 3, 26.65980130806613
24, 136.0, 0, 58, 1, 85.0, 3, 27.706268393039963
24, 137.0, 1, 55, 3, 95.0, 2, 27.917917031119455
24, 138.0, 1, 56, 0, 101.0, 2, 26.449288576377846
24, 139.0, 1, 57, 0, 111.0, 2, 27.906768441277222
24, 140.0, 1, 57, 2, 123.0, 1, 26.301850833826055
24, 141.0, 1, 59, 1, 127.0, 1, 26.13734567919045
24, 142.0, 1, 59, 1, 141.0, 0, 27.59166188097775
24, 143.0, 1, 60, 0, 141.0, 0, 25.999551919784626
24, 144.0, 1, 59, 1, 124.0, 0, 24.910380355614226
24, 145.0, 1, 59, 1, 109.0, 0, 23.302820836483175
24, 146.0, 1, 60, 0, 94.0, 0, 21.96237960047119
24, 147.0, 0, 59, 2, 31.0, 2, 22.080465106565928
24, 148.0, 1, 57, 2, 21.0, 2, 20.926901593442746
24, 149.0, 1, 57, 1, 25.0, 2, 21.26570555186167
24, 150.0, 1, 58, 0, 30.0, 2, 21.208383250809725
24, 151.0, 1, 59, 2, 36.0, 2, 19.07568590859946
24, 152.0, 1, 58, 1, 44.0, 2, 19.67375006314065
24, 153.0, 1, 58, 1, 53.0, 2, 18.91937857536963
24, 154.0, 1, 58, 1, 62.0, 2, 19.33421791660173
24, 155.0, 1, 57, 3, 72.0, 2, 20.655525404132646
24, 156.0, 0, 58, 1, 48.0, 2, 20.163284590418012
24, 157.0, 1, 56, 2, 34.0, 2, 18.58219921370141
24, 158.0, 0, 56, 2, 22.0, 2, 16.955252379382383
24, 159.0, 1, 57, 1, 18.0, 3, 17.88261742471436
24, 160.0, 1, 55, 3, 23.0, 3, 16.606163428197366
24, 161.0, 1, 54, 1, 21.0, 3, 16.191811848029463
24, 162.0, 1, 54, 1, 26.0, 3, 15.446815609786137
24, 163.0, 0, 54, 1, 22.0, 4, 15.663037679992797
24, 164.0, 1, 53, 3, 7.0, 4, 14.645915329830833
24, 165.0, 0, 50, 3, 8.0, 4, 12.836409128733761
24, 166.0, 1, 52, 1, 10.0, 5, 13.251745984166057
24, 167.0, 0, 52, 0, 12.0, 5, 14.428633033536721
24, 168.0, 1, 54, 1, 18.0, 5, 14.44286378737969
24, 169.0, 0, 54, 1, 25.0, 6, 14.442478468746438
24, 170.0, 0, 53, 2, 22.0, 6, 14.211348447804513
24, 171.0, 0, 54, 1, 21.0, 6, 15.258396816543861
24, 172.0, 0, 54, 2, 29.0, 6, 17.920886127996493
24, 173.0, 1, 56, 1, 18.0, 6, 16.713575915172154
24, 174.0, 1, 55, 3, 15.0, 4, 17.014062548225123
24, 175.0, 1, 59, 1, 8.0, 4, 16.530686601616736
24, 176.0, 0, 56, 3, 11.0, 4, 16.055161967994195
24, 177.0, 1, 55, 2, 15.0, 4, 12.620506456888004
24, 178.0, 1, 55, 2, 8.0, 4, 12.554038832821954
24, 179.0, 0, 54, 1, 4.0, 4, 13.223895308809054
24, 180.0, 0, 53, 1, 6.0, 4, 13.472916384447787
24, 181.0, 1, 54, 0, 6.0, 4, 12.693129884810732
24, 182.0, 0, 53, 2, 8.0, 4, 13.279984692804312
24, 183.0, 1, 50, 3, 2.0, 3, 13.589316021784542
24, 184.0, 0, 50, 0, 4.0, 3, 13.488884284324923
24, 185.0, 0, 51, 1, 7.0, 3, 12.699874361068607
24, 186.0, 1, 55, 0, 7.0, 4, 13.70297997884886
24, 187.0, 1, 53, 3, 11.0, 4, 15.92090807854376
24, 188.0, 1, 55, 1, 17.0, 4, 16.73533582498586
24, 189.0, 0, 55, 1, 19.0, 3, 18.688918595154355
24, 190.0, 1, 54, 3, 24.0, 2, 18.09273903837471
24, 191.0, 1, 54, 2, 31.0, 2, 18.722738527125202
24, 192.0, 1, 55, 1, 37.0, 2, 19.38985323071104
24, 193.0, 0, 56, 2, 36.0, 2, 19.19784043855944
24, 194.0, 1, 56, 0, 45.0, 2, 18.52955289587392
24, 195.0, 0, 56, 2, 42.0, 2, 16.564247716075567
24, 196.0, 1, 56, 1, 50.0, 2, 17.229079317842263
24, 197.0, 1, 51, 5, 58.0, 1, 15.999282231730456
24, 198.0, 1, 52, 1, 62.0, 1, 14.917222133112654
24, 199.0, 0, 53, 0, 69.0, 2, 15.958977548712493
24, 200.0, 1, 54, 0, 76.0, 2, 16.398464952132734
24, 201.0, 1, 52, 2, 84.0, 2, 16.571756373037037
24, 202.0, 1, 51, 1, 91.0, 2, 17.678931658951416
24, 203.0, 1, 49, 2, 99.0, 2, 16.374517466153087
24, 204.0, 1, 48, 1, 95.0, 2, 16.41998378052646
24, 205.0, 1, 47, 1, 91.0, 2, 16.192073240435526
24, 206.0, 1, 46, 1, 100.0, 2, 16.081094648151876
24, 207.0, 0, 46, 0, 81.0, 2, 16.116305956213164
24, 208.0, 1, 45, 1, 88.0, 3, 16.254705557179562
24, 209.0, 1, 43, 2, 74.0, 3, 16.487022804119682
24, 210.0, 0, 41, 2, 80.0, 2, 15.68785610329456
24, 211.0, 0, 40, 1, 89.0, 2, 15.43884685011444
24, 212.0, 0, 39, 1, 99.0, 2, 17.043682710239672
24, 213.0, 0, 38, 1, 109.0, 2, 17.95779035214265
24, 214.0, 0, 36, 2, 91.0, 2, 17.813579756973972
24, 215.0, 0, 34, 2, 91.0, 2, 16.75802548814388
24, 216.0, 0, 33, 1, 44.0, 2, 15.606125579730898
24, 217.0, 0, 32, 1, 41.0, 2, 15.179202644374605
24, 218.0, 0, 30, 2, 38.0, 2, 14.530499398036735
24, 219.0, 0, 29, 1, 40.0, 2, 13.494643451994431
24, 220.0, 1, 28, 1, 23.0, 2, 11.781231622807214
24, 221.0, 1, 28, 0, 0.0, 2, 10.066853859736346
24, 222.0, 0, 24, 4, 1.0, 2, 8.752639100820934
24, 223.0, 0, 22, 2, 2.0, 2, 8.286855198925364
24, 224.0, 0, 21, 1, 3.0, 2, 6.967683112413175
24, 225.0, 1, 19, 2, 5.0, 2, 6.025042910812944
24, 226.0, 1, 19, 0, 7.0, 2, 4.853533860358217
24, 227.0, 0, 18, 1, 6.0, 2, 4.031030297815555
24, 228.0, 0, 18, 0, 7.0, 2, 3.032443396501696
24, 229.0, 0, 18, 0, 8.0, 2, 2.4552396074085117
24, 230.0, 0, 17, 1, 9.0, 2, 1.897888677380882
24, 231.0, 0, 17, 0, 0.0, 2, 2.0049193454360026
24, 232.0, 0, 16, 1, 0.0, 2, 1.8623341699292801
24, 233.0, 1, 16, 0, 0.0, 2, 1.9189299188282973
24, 234.0, 0, 13, 3, 0.0, 2, 1.9130652006576803
24, 235.0, 0, 11, 2, 0.0, 2, 1.4713532722713616
24, 236.0, 0, 9, 2, 0.0, 2, 1.2317501425087283
24, 237.0, 0, 8, 1, 0.0, 1, 0.8792085551375806
24, 238.0, 0, 8, 0, 0.0, 1, 0.8691468826404343
24, 239.0, 0, 7, 1, 0.0, 1, 0.6477346196973919
24, 240.0, 1, 7, 0, 0.0, 1, 0.4103883406506714
24, 241.0, 0, 7, 0, 0.0, 1, 0.3762288296413079
24, 242.0, 0, 5, 2, 0.0, 1, 0.029080346639791088
24, 243.0, 0, 4, 1, 0.0, 1, 0.2503961501812846
24, 244.0, 1, 3, 1, 0.0, 1, 0.17867382889979666
24, 245.0, 0, 3, 0, 0.0, 1, 0.16988629892561136
24, 246.0, 1, 3, 0, 0.0, 1, 0.09794089239276005
24, 247.0, 0, 3, 0, 0.0, 1, 0.17876603465134977
24, 248.0, 1, 1, 2, 0.0, 0, 0.05491124676789383
24, 249.0, 0, 1, 0, 0.0, 0, 0.0024057124572358646
24, 250.0, 0, 1, 0, 0.0, 0, 0.06628686699567155
24, 251.0, 1, 1, 0, 0.0, 0, 0.015849539760747433
24, 252.0, 0, 0, 1, 0, 0, 0
25, 1.0, 0, 2, 0, 0.0, 0, 0.0
25, 2.0, 1, 3, 0, 0.0, 0, 1.0814256854756554
25, 3.0, 0, 5, 0, 0.0, 0, 1.2559462905827157
25, 4.0, 1, 7, 0, 0.0, 0, 1.2603760180273869
25, 5.0, 0, 9, 0, 0.0, 0, 1.356365191048412
25, 6.0, 0, 9, 0, 0.0, 0, 1.2083235416804996
25, 7.0, 0, 10, 0, 0.0, 0, 1.0113279673831101
25, 8.0, 1, 11, 0, 0.0, 0, 1.129802691208996
25, 9.0, 0, 12, 0, 0.0, 0, 1.3450565739990277
25, 10.0, 1, 15, 0, 0.0, 0, 1.756942660829886
25, 11.0, 0, 16, 0, 0.0, 0, 2.7246850029921044
25, 12.0, 1, 18, 0, 0.0, 0, 2.825911265122943
25, 13.0, 1, 18, 0, 0.0, 0, 2.740759309696973
25, 14.0, 0, 20, 0, 0.0, 0, 2.672644292912292
25, 15.0, 1, 22, 0, 0.0, 1, 3.6340354293848938
25, 16.0, 0, 23, 0, 0.0, 1, 4.320725878511987
25, 17.0, 0, 23, 0, 1.0, 1, 4.782844779486623
25, 18.0, 0, 25, 0, 2.0, 1, 4.513613122263591
25, 19.0, 0, 25, 0, 1.0, 1, 6.367634234744311
25, 20.0, 0, 27, 0, 2.0, 1, 6.743807314292003
25, 21.0, 0, 27, 0, 1.0, 1, 8.800748318628022
25, 22.0, 0, 28, 0, 3.0, 1, 8.27569239382196
25, 23.0, 0, 30, 0, 5.0, 1, 9.804426327312434
25, 24.0, 0, 31, 0, 8.0, 1, 10.362188024830564
25, 25.0, 0, 33, 0, 11.0, 1, 11.284436388440225
25, 26.0, 1, 36, 0, 1.0, 1, 9.973095686252679
25, 27.0, 1, 38, 0, 0.0, 1, 9.508940816724301
25, 28.0, 0, 40, 0, 1.0, 2, 10.820135218709938
25, 29.0, 1, 41, 0, 0.0, 2, 10.608441778265117
25, 30.0, 1, 41, 0, 1.0, 2, 9.60369044077364
25, 31.0, 1, 46, 0, 2.0, 2, 9.339828521518104
25, 32.0, 1, 47, 1, 1.0, 2, 8.248529278091784
25, 33.0, 1, 46, 1, 2.0, 2, 8.2712177478668
25, 34.0, 0, 47, 0, 0.0, 3, 7.934579144186267
25, 35.0, 0, 47, 1, 1.0, 3, 8.147632943629487
25, 36.0, 0, 47, 1, 2.0, 3, 9.355036890061736
25, 37.0, 0, 47, 1, 3.0, 3, 10.108318980893072
25, 38.0, 0, 47, 1, 5.0, 3, 11.365294494305076
25, 39.0, 0, 48, 1, 9.0, 2, 12.781126572407835
25, 40.0, 0, 51, 1, 15.0, 2, 14.28394157861462
25, 41.0, 0, 50, 1, 22.0, 2, 17.071245567024484
25, 42.0, 1, 52, 0, 0.0, 2, 14.635735804507538
25, 43.0, 0, 54, 1, 0.0, 3, 13.87907194405921
25, 44.0, 1, 55, 1, 2.0, 4, 14.930723004119454
25, 45.0, 0, 52, 3, 4.0, 4, 14.49110448249
25, 46.0, 0, 51, 2, 4.0, 3, 13.392240051508743
25, 47.0, 1, 54, 1, 1.0, 3, 12.101499320520444
25, 48.0, 1, 52, 2, 2.0, 3, 13.528843827494754
25, 49.0, 1, 51, 1, 3.0, 3, 13.458135835823862
25, 50.0, 0, 52, 1, 6.0, 4, 12.697377738389633
25, 51.0, 0, 55, 0, 10.0, 4, 14.07476209709931
25, 52.0, 1, 53, 3, 11.0, 4, 14.374738224986794
25, 53.0, 0, 54, 0, 15.0, 4, 13.827363044725471
25, 54.0, 1, 52, 4, 17.0, 5, 15.265279969877657
25, 55.0, 1, 52, 0, 23.0, 5, 17.18371054994968
25, 56.0, 0, 52, 2, 29.0, 5, 16.532763368542312
25, 57.0, 0, 50, 3, 37.0, 5, 17.680454948499186
25, 58.0, 1, 50, 0, 34.0, 5, 17.14082754925116
25, 59.0, 1, 51, 0, 28.0, 5, 16.58105875092728
25, 60.0, 1, 50, 2, 22.0, 4, 16.71051308502011
25, 61.0, 1, 51, 1, 29.0, 4, 17.86347365581784
25, 62.0, 0, 53, 1, 29.0, 4, 17.671627646130982
25, 63.0, 0, 52, 2, 26.0, 4, 18.524268476855294
25, 64.0, 1, 53, 1, 31.0, 4, 17.895349984135674
25, 65.0, 0, 53, 0, 37.0, 4, 17.826050134355956
25, 66.0, 1, 53, 2, 44.0, 5, 18.354667205736355
25, 67.0, 1, 52, 1, 37.0, 4, 18.02432603689113
25, 68.0, 1, 51, 2, 35.0, 4, 17.24330887675609
25, 69.0, 0, 51, 0, 33.0, 5, 16.5103010104332
25, 70.0, 0, 50, 1, 37.0, 5, 15.505308660453405
25, 71.0, 1, 49, 2, 41.0, 5, 12.911639251450167
25, 72.0, 1, 49, 2, 27.0, 4, 12.023171185274498
25, 73.0, 1, 51, 0, 30.0, 4, 11.469276267667142
25, 74.0, 1, 48, 3, 18.0, 4, 12.13831102931314
25, 75.0, 1, 51, 0, 10.0, 4, 10.915917172430225
25, 76.0, 1, 53, 1, 11.0, 4, 11.411913900730289
25, 77.0, 1, 51, 3, 12.0, 3, 11.320532597400977
25, 78.0, 1, 50, 1, 14.0, 3, 10.810721281915072
25, 79.0, 0, 50, 1, 0.0, 3, 9.319543428721843
25, 80.0, 0, 51, 0, 0.0, 3, 8.208386265022119
25, 81.0, 0, 49, 3, 0.0, 3, 7.960386242863984
25, 82.0, 0, 52, 0, 1.0, 3, 8.088183199814356
25, 83.0, 1, 50, 3, 0.0, 3, 7.790061826264048
25, 84.0, 1, 49, 1, 1.0, 3, 7.402324538577812
25, 85.0, 1, 50, 2, 2.0, 2, 7.620877229601833
25, 86.0, 0, 47, 3, 3.0, 2, 7.731038199895184
25, 87.0, 0, 45, 2, 1.0, 2, 8.191972276768192
25, 88.0, 1, 44, 3, 0.0, 2, 7.358172242715802
25, 89.0, 1, 42, 2, 0.0, 1, 8.251362732741649
25, 90.0, 0, 42, 2, 0.0, 1, 8.581889744303357
25, 91.0, 1, 42, 2, 0.0, 1, 7.949941069451694
25, 92.0, 1, 41, 2, 0.0, 1, 6.613773378729382
25, 93.0, 1, 42, 0, 2.0, 1, 7.908400947708548
25, 94.0, 1, 42, 2, 4.0, 1, 7.1948569742515085
25, 95.0, 0, 41, 1, 6.0, 2, 8.027910626416585
25, 96.0, 1, 42, 0, 4.0, 2, 8.331426510459352
25, 97.0, 1, 41, 2, 1.0, 2, 8.293762373376799
25, 98.0, 1, 41, 2, 2.0, 1, 7.450525858614541
25, 99.0, 1, 43, 1, 4.0, 1, 8.621658770469889
25, 100.0, 1, 43, 2, 6.0, 1, 8.093593079585292
25, 101.0, 1, 43, 1, 9.0, 1, 8.356052463332961
25, 102.0, 1, 42, 2, 8.0, 1, 8.380471959621028
25, 103.0, 1, 46, 0, 11.0, 1, 8.597663110368726
25, 104.0, 0, 46, 1, 0.0, 2, 9.874464712562167
25, 105.0, 1, 46, 0, 0.0, 3, 9.169549602662814
25, 106.0, 1, 47, 1, 1.0, 3, 9.130056889596624
25, 107.0, 1, 45, 2, 2.0, 3, 8.821083080774397
25, 108.0, 1, 43, 3, 4.0, 3, 8.085668615239925
25, 109.0, 1, 40, 3, 7.0, 3, 8.532501147877857
25, 110.0, 0, 41, 1, 0.0, 5, 7.661367508355816
25, 111.0, 0, 39, 2, 1.0, 5, 8.334161841994982
25, 112.0, 0, 39, 0, 4.0, 5, 9.203750599300122
25, 113.0, 0, 40, 1, 8.0, 5, 8.381033380203089
25, 114.0, 0, 40, 1, 9.0, 5, 11.312277942791445
25, 115.0, 1, 40, 1, 4.0, 6, 11.073728260471404
25, 116.0, 1, 44, 0, 1.0, 6, 10.217801301292326
25, 117.0, 1, 44, 1, 2.0, 6, 10.982776605698088
25, 118.0, 1, 43, 3, 3.0, 5, 9.62219145196011
25, 119.0, 1, 43, 1, 5.0, 5, 8.600967381304905
25, 120.0, 1, 44, 1, 9.0, 5, 8.74016300990064
25, 121.0, 0, 45, 2, 1.0, 4, 8.49343297792256
25, 122.0, 1, 47, 1, 0.0, 4, 8.516634736242713
25, 123.0, 1, 49, 1, 0.0, 4, 8.241246330666431
25, 124.0, 1, 49, 1, 0.0, 4, 9.732071845588507
25, 125.0, 1, 48, 2, 1.0, 4, 8.716916456754433
25, 126.0, 1, 47, 1, 4.0, 4, 8.985813755997876
25, 127.0, 1, 47, 1, 7.0, 4, 8.93248801206893
25, 128.0, 1, 47, 1, 11.0, 4, 10.92929589183959
25, 129.0, 1, 50, 0, 15.0, 4, 11.877087309674078
25, 130.0, 0, 48, 3, 13.0, 4, 14.291372116518087
25, 131.0, 0, 47, 2, 18.0, 4, 14.857307702559217
25, 132.0, 1, 47, 1, 20.0, 4, 15.733537076159106
25, 133.0, 0, 46, 1, 0.0, 4, 15.625339211879774
25, 134.0, 0, 47, 1, 2.0, 4, 16.58162197351756
25, 135.0, 1, 48, 2, 4.0, 5, 16.788718959972254
25, 136.0, 1, 49, 0, 8.0, 5, 17.563057980200483
25, 137.0, 1, 47, 2, 12.0, 4, 17.80484681375475
25, 138.0, 1, 46, 2, 16.0, 4, 15.470761796750487
25, 139.0, 1, 47, 0, 22.0, 4, 15.177199208352626
25, 140.0, 1, 49, 0, 16.0, 4, 14.623820096571325
25, 141.0, 1, 51, 1, 22.0, 4, 13.49750617385977
25, 142.0, 1, 51, 1, 25.0, 4, 14.828181218684874
25, 143.0, 1, 52, 0, 29.0, 4, 14.818108084326473
25, 144.0, 1, 50, 2, 35.0, 4, 15.735118370080635
25, 145.0, 1, 51, 0, 41.0, 4, 14.744277437436054
25, 146.0, 1, 52, 0, 49.0, 4, 13.952720397089692
25, 147.0, 1, 51, 2, 57.0, 3, 14.818348975279365
25, 148.0, 1, 51, 0, 65.0, 3, 14.79373639692993
25, 149.0, 1, 51, 1, 73.0, 2, 14.857402188556552
25, 150.0, 1, 51, 1, 81.0, 2, 15.199463364052646
25, 151.0, 0, 48, 6, 9.0, 2, 13.324663939388554
25, 152.0, 0, 47, 1, 0.0, 1, 12.681319994569488
25, 153.0, 0, 46, 2, 2.0, 1, 13.23918531322127
25, 154.0, 1, 45, 2, 6.0, 3, 14.736420447324665
25, 155.0, 1, 46, 1, 11.0, 3, 15.009173056901766
25, 156.0, 1, 47, 1, 10.0, 3, 15.387203304184412
25, 157.0, 1, 45, 2, 10.0, 3, 12.960774145744036
25, 158.0, 1, 47, 0, 15.0, 3, 12.113011092922864
25, 159.0, 1, 46, 3, 15.0, 3, 12.61767791202794
25, 160.0, 1, 47, 0, 20.0, 3, 12.192324645635804
25, 161.0, 1, 46, 1, 21.0, 3, 11.686119812267547
25, 162.0, 1, 43, 4, 26.0, 3, 12.033481554906503
25, 163.0, 1, 44, 0, 31.0, 3, 11.909915714916236
25, 164.0, 0, 46, 0, 1.0, 4, 11.276493626324
25, 165.0, 1, 44, 2, 1.0, 4, 11.56082331063798
25, 166.0, 1, 47, 0, 4.0, 4, 10.821804550744705
25, 167.0, 0, 47, 0, 1.0, 4, 13.003804006613779
25, 168.0, 1, 49, 1, 5.0, 4, 12.898377437055746
25, 169.0, 0, 48, 2, 6.0, 5, 12.888926080560685
25, 170.0, 0, 48, 1, 9.0, 5, 11.750953070197953
25, 171.0, 1, 47, 3, 10.0, 5, 12.217303280295448
25, 172.0, 1, 46, 3, 13.0, 4, 13.308781643534001
25, 173.0, 0, 49, 0, 17.0, 5, 14.549080778672927
25, 174.0, 0, 49, 3, 22.0, 5, 14.463919220250833
25, 175.0, 0, 53, 0, 28.0, 5, 14.16991907656845
25, 176.0, 1, 52, 2, 28.0, 5, 13.860811095697876
25, 177.0, 1, 52, 0, 29.0, 5, 12.990677700829837
25, 178.0, 0, 53, 1, 31.0, 5, 12.37292280389926
25, 179.0, 1, 52, 1, 9.0, 5, 12.431746774316844
25, 180.0, 0, 50, 2, 0.0, 5, 11.721216695495462
25, 181.0, 0, 50, 1, 0.0, 5, 11.562532229338677
25, 182.0, 0, 50, 1, 0.0, 5, 13.344591572266635
25, 183.0, 1, 47, 3, 0.0, 4, 12.853895935257924
25, 184.0, 0, 47, 0, 3.0, 5, 12.420955862783952
25, 185.0, 1, 47, 2, 6.0, 6, 13.925586959573168
25, 186.0, 0, 50, 1, 6.0, 7, 14.592673130082279
25, 187.0, 0, 51, 1, 11.0, 6, 18.222954125685614
25, 188.0, 1, 52, 0, 14.0, 6, 18.972018905054647
25, 189.0, 0, 52, 2, 19.0, 8, 19.867312127289008
25, 190.0, 1, 52, 2, 18.0, 8, 19.360714110215053
25, 191.0, 0, 53, 1, 21.0, 9, 19.306801085847823
25, 192.0, 1, 54, 1, 10.0, 9, 18.108541722102352
25, 193.0, 0, 56, 1, 8.0, 9, 16.084364614279647
25, 194.0, 1, 55, 1, 12.0, 9, 15.252340181876354
25, 195.0, 0, 57, 0, 16.0, 10, 14.06486288036317
25, 196.0, 1, 57, 1, 20.0, 10, 11.531810668354883
25, 197.0, 1, 54, 3, 24.0, 8, 12.632230334814897
25, 198.0, 1, 52, 4, 10.0, 8, 10.900624236858848
25, 199.0, 0, 53, 0, 1.0, 8, 12.073262786873993
25, 200.0, 0, 54, 0, 0.0, 8, 11.309322356094503
25, 201.0, 0, 53, 1, 0.0, 8, 10.848869042622766
25, 202.0, 0, 52, 1, 1.0, 8, 11.719870359114989
25, 203.0, 0, 51, 1, 3.0, 8, 11.893514954266642
25, 204.0, 0, 51, 0, 7.0, 8, 11.133522158332768
25, 205.0, 0, 49, 2, 12.0, 8, 11.539879449262774
25, 206.0, 0, 44, 5, 19.0, 6, 11.408328441152346
25, 207.0, 1, 44, 0, 2.0, 7, 10.813082071255577
25, 208.0, 0, 41, 3, 3.0, 8, 10.993273101638444
25, 209.0, 0, 40, 1, 8.0, 8, 12.98546907893424
25, 210.0, 1, 38, 2, 4.0, 7, 10.656908812727844
25, 211.0, 0, 35, 3, 6.0, 7, 11.131558444697284
25, 212.0, 1, 33, 2, 8.0, 6, 12.137848543408023
25, 213.0, 0, 32, 1, 12.0, 6, 12.580769963830669
25, 214.0, 0, 32, 0, 17.0, 6, 12.446879268947907
25, 215.0, 1, 31, 1, 20.0, 6, 11.734387613352705
25, 216.0, 1, 29, 2, 26.0, 5, 11.167878430453598
25, 217.0, 1, 27, 2, 32.0, 3, 10.729728432424388
25, 218.0, 1, 23, 4, 33.0, 3, 10.994675546511402
25, 219.0, 1, 23, 0, 38.0, 3, 9.983711547992911
25, 220.0, 0, 23, 0, 38.0, 3, 9.663443971270897
25, 221.0, 1, 22, 1, 44.0, 3, 9.281590846266118
25, 222.0, 1, 22, 0, 47.0, 3, 8.61716112236421
25, 223.0, 0, 21, 1, 52.0, 3, 7.783541927897275
25, 224.0, 0, 19, 2, 57.0, 3, 7.23157382649278
25, 225.0, 0, 18, 1, 50.0, 3, 6.361601059864811
25, 226.0, 0, 15, 3, 12.0, 2, 4.7847841996227105
25, 227.0, 1, 15, 0, 0.0, 2, 3.880024586681958
25, 228.0, 1, 15, 0, 0.0, 2, 3.308633362041151
25, 229.0, 0, 13, 2, 0.0, 1, 2.907826254762176
25, 230.0, 1, 12, 1, 0.0, 1, 2.534858594325172
25, 231.0, 0, 12, 0, 0.0, 1, 2.020851165104254
25, 232.0, 0, 11, 1, 1.0, 1, 1.8255033614910001
25, 233.0, 0, 10, 1, 2.0, 1, 1.691183826648608
25, 234.0, 0, 10, 0, 3.0, 1, 1.5127430302379405
25, 235.0, 0, 10, 0, 0.0, 1, 1.0359576368273125
25, 236.0, 0, 8, 2, 0.0, 1, 1.1687296206438713
25, 237.0, 1, 8, 0, 0.0, 1, 0.9083198051209926
25, 238.0, 1, 8, 0, 0.0, 1, 0.8102344994146282
25, 239.0, 1, 8, 0, 0.0, 1, 0.595854868928603
25, 240.0, 0, 7, 1, 0.0, 1, 0.42317408498422004
25, 241.0, 0, 5, 2, 0.0, 1, 0.27207427035242127
25, 242.0, 0, 4, 1, 0.0, 0, 0.24576550395115326
25, 243.0, 0, 4, 0, 0.0, 0, 0.2886328289473479
25, 244.0, 1, 3, 1, 0.0, 0, 0.1640414785339086
25, 245.0, 0, 2, 1, 0.0, 0, 0.014239569287951781
25, 246.0, 1, 2, 0, 0.0, 0, 0.0985566516831149
25, 247.0, 0, 1, 1, 0.0, 0, 0.058611901747024575
25, 248.0, 0, 1, 0, 0.0, 0, 0.08686988115612948
25, 249.0, 0, 1, 0, 0.0, 0, 0.06950190570828241
25, 250.0, 0, 1, 0, 0.0, 0, 0.04120699635259939
25, 251.0, 1, 0, 1, 0, 0, 0
