episode, step, phase, active_vehicles, throughput, gross_waiting_time, severe_brakes, gross_time_loss
0, 1.0, 1, 2, 0, 0.0, 0, 0.0
0, 2.0, 0, 3, 0, 0.0, 0, 1.0814256854756554
0, 3.0, 1, 5, 0, 0.0, 0, 1.2317430816274335
0, 4.0, 1, 7, 0, 0.0, 0, 1.2562929516962287
0, 5.0, 0, 9, 0, 0.0, 0, 1.3267641311373821
0, 6.0, 0, 9, 0, 0.0, 0, 1.1958048679358226
0, 7.0, 0, 10, 0, 0.0, 0, 0.8231502954305336
0, 8.0, 1, 11, 0, 0.0, 0, 1.0949618552544191
0, 9.0, 1, 12, 0, 0.0, 0, 1.613748799613663
0, 10.0, 1, 15, 0, 0.0, 0, 2.1078477909832056
0, 11.0, 0, 16, 0, 0.0, 0, 2.8385145246453254
0, 12.0, 0, 18, 0, 0.0, 0, 3.0782937096827436
0, 13.0, 0, 18, 0, 0.0, 0, 2.6843001708504266
0, 14.0, 0, 20, 0, 0.0, 0, 2.533655159371663
0, 15.0, 1, 22, 0, 0.0, 1, 3.7157370498704965
0, 16.0, 1, 23, 0, 0.0, 1, 4.433341271280053
0, 17.0, 1, 23, 0, 1.0, 1, 5.164095352786309
0, 18.0, 0, 25, 0, 0.0, 1, 4.931075435641942
0, 19.0, 0, 25, 0, 0.0, 1, 6.055790884405584
0, 20.0, 1, 27, 0, 2.0, 3, 5.818111623205197
0, 21.0, 0, 28, 0, 0.0, 4, 6.175198831667181
0, 22.0, 1, 28, 0, 0.0, 4, 7.2356158728519935
0, 23.0, 0, 30, 0, 0.0, 4, 7.054854221367785
0, 24.0, 0, 31, 0, 0.0, 4, 7.966514118071813
0, 25.0, 1, 33, 0, 0.0, 5, 6.841150254445382
0, 26.0, 0, 36, 0, 0.0, 6, 8.863121126178395
0, 27.0, 1, 38, 0, 0.0, 6, 8.67801762671069
0, 28.0, 0, 40, 0, 0.0, 7, 10.029045079950007
0, 29.0, 1, 41, 0, 1.0, 7, 9.91732450005172
0, 30.0, 0, 41, 0, 1.0, 8, 10.199830507112754
0, 31.0, 1, 45, 1, 0.0, 8, 8.05398055497259
0, 32.0, 0, 46, 1, 1.0, 8, 8.467607681676716
0, 33.0, 0, 45, 1, 3.0, 8, 9.385707889112753
0, 34.0, 0, 46, 0, 2.0, 8, 8.226853962164386
0, 35.0, 0, 47, 0, 3.0, 8, 9.018966112241184
0, 36.0, 1, 48, 0, 0.0, 8, 7.599751031131406
0, 37.0, 0, 46, 3, 1.0, 7, 7.421983577150686
0, 38.0, 1, 45, 2, 0.0, 7, 8.003035494173599
0, 39.0, 1, 46, 1, 1.0, 8, 9.436976815244288
0, 40.0, 1, 48, 2, 3.0, 8, 11.10166401569142
0, 41.0, 1, 47, 1, 5.0, 7, 13.2295884797113
0, 42.0, 0, 49, 0, 5.0, 7, 12.58879958428502
0, 43.0, 1, 50, 2, 2.0, 6, 11.25720017636518
0, 44.0, 0, 51, 1, 1.0, 5, 13.105988456710689
0, 45.0, 0, 50, 1, 3.0, 4, 13.580784412689631
0, 46.0, 0, 50, 1, 6.0, 3, 13.163189843391496
0, 47.0, 1, 53, 1, 0.0, 3, 12.640861150109655
0, 48.0, 1, 53, 0, 0.0, 3, 14.607146927508667
0, 49.0, 0, 51, 2, 1.0, 4, 13.458743700662737
0, 50.0, 0, 53, 0, 2.0, 4, 12.748386481205328
0, 51.0, 0, 52, 3, 4.0, 3, 13.539885633301898
0, 52.0, 0, 53, 1, 7.0, 3, 13.508538094557746
0, 53.0, 0, 52, 2, 13.0, 3, 13.842451332624185
0, 54.0, 0, 54, 0, 17.0, 3, 14.013131249366623
0, 55.0, 0, 52, 2, 24.0, 3, 16.321883258727734
0, 56.0, 1, 52, 2, 4.0, 4, 15.689863706420129
0, 57.0, 0, 52, 1, 9.0, 4, 15.743183071674995
0, 58.0, 0, 49, 3, 15.0, 3, 14.863779965186612
0, 59.0, 1, 48, 2, 10.0, 3, 12.868015373709744
0, 60.0, 0, 48, 1, 15.0, 2, 13.702789466621006
0, 61.0, 1, 48, 2, 14.0, 3, 13.702414776766862
0, 62.0, 1, 51, 0, 1.0, 3, 13.740270878774385
0, 63.0, 0, 51, 1, 3.0, 4, 15.223415507859313
0, 64.0, 0, 51, 2, 5.0, 4, 15.380976704625041
0, 65.0, 0, 51, 0, 11.0, 4, 16.742911272444626
0, 66.0, 1, 52, 1, 11.0, 5, 15.926281304785295
0, 67.0, 1, 50, 2, 13.0, 5, 16.285918893116946
0, 68.0, 0, 51, 0, 14.0, 5, 15.258923517954793
0, 69.0, 0, 50, 1, 15.0, 5, 15.242298602264988
0, 70.0, 0, 47, 3, 21.0, 5, 15.892338523171487
0, 71.0, 0, 47, 1, 22.0, 5, 15.150077137672083
0, 72.0, 0, 46, 3, 30.0, 4, 14.895313497965356
0, 73.0, 0, 48, 0, 38.0, 4, 15.408610374808845
0, 74.0, 0, 48, 0, 36.0, 4, 17.301694685856386
0, 75.0, 1, 51, 0, 14.0, 5, 16.762956343836628
0, 76.0, 1, 51, 3, 16.0, 4, 16.728787951509773
0, 77.0, 1, 51, 1, 21.0, 4, 17.834404262001307
0, 78.0, 0, 50, 1, 15.0, 4, 17.077686041855422
0, 79.0, 1, 50, 1, 20.0, 4, 15.684951904882698
0, 80.0, 0, 48, 3, 25.0, 4, 14.350083260999957
0, 81.0, 0, 49, 0, 30.0, 4, 13.383770994390856
0, 82.0, 0, 51, 1, 35.0, 4, 12.99446157433941
0, 83.0, 0, 49, 3, 40.0, 4, 12.546639134258454
0, 84.0, 1, 48, 1, 29.0, 4, 12.3800828361199
0, 85.0, 0, 49, 2, 36.0, 5, 12.966313883364634
0, 86.0, 0, 49, 0, 44.0, 5, 13.626109487285381
0, 87.0, 1, 49, 0, 14.0, 5, 13.774487930248705
0, 88.0, 1, 50, 1, 7.0, 5, 14.36606743009065
0, 89.0, 0, 48, 2, 3.0, 5, 15.764717628963808
0, 90.0, 0, 50, 0, 7.0, 5, 15.514292302694773
0, 91.0, 0, 51, 1, 11.0, 5, 16.803277619946737
0, 92.0, 1, 49, 3, 4.0, 5, 14.979446213440333
0, 93.0, 0, 49, 1, 5.0, 5, 13.598530258431973
0, 94.0, 0, 51, 0, 8.0, 5, 13.431444374471477
0, 95.0, 0, 46, 5, 11.0, 4, 13.82190968406063
0, 96.0, 0, 46, 1, 15.0, 4, 13.80867322516913
0, 97.0, 1, 45, 2, 13.0, 3, 13.252116302630101
0, 98.0, 0, 46, 1, 0.0, 2, 12.186294302967346
0, 99.0, 0, 49, 0, 3.0, 2, 14.641699731352462
0, 100.0, 0, 51, 0, 3.0, 2, 14.77361667292618
0, 101.0, 1, 52, 0, 2.0, 2, 12.561672697933862
0, 102.0, 1, 52, 1, 3.0, 2, 11.610197485875059
0, 103.0, 0, 52, 4, 0.0, 2, 11.627022490660991
0, 104.0, 1, 51, 2, 0.0, 5, 12.291092873016632
0, 105.0, 0, 50, 1, 0.0, 5, 12.357903002465044
0, 106.0, 0, 52, 0, 0.0, 5, 11.078204092557641
0, 107.0, 0, 48, 4, 0.0, 5, 9.339664718838286
0, 108.0, 1, 49, 0, 0.0, 5, 8.993720537949127
0, 109.0, 0, 48, 1, 1.0, 5, 9.565787388191543
0, 110.0, 1, 47, 3, 2.0, 6, 10.335383451067862
0, 111.0, 0, 47, 0, 4.0, 6, 11.449171548931734
0, 112.0, 1, 46, 1, 7.0, 6, 11.938784360228109
0, 113.0, 0, 46, 2, 12.0, 9, 13.294658270297006
0, 114.0, 1, 46, 1, 17.0, 9, 14.57593290529035
0, 115.0, 0, 45, 2, 22.0, 9, 14.014282354206676
0, 116.0, 1, 45, 4, 24.0, 9, 14.436535640803418
0, 117.0, 0, 46, 0, 20.0, 11, 15.599479259284326
0, 118.0, 0, 46, 2, 26.0, 11, 15.170883459218622
0, 119.0, 1, 43, 4, 28.0, 10, 13.850600332318878
0, 120.0, 1, 45, 0, 29.0, 10, 13.50047871936337
0, 121.0, 1, 47, 1, 34.0, 10, 14.177608266949331
0, 122.0, 0, 50, 0, 39.0, 11, 15.9169325455252
0, 123.0, 1, 52, 1, 46.0, 11, 16.38818384017245
0, 124.0, 0, 52, 1, 54.0, 11, 17.423440192408993
0, 125.0, 1, 51, 1, 45.0, 11, 16.912253903289532
0, 126.0, 1, 52, 0, 36.0, 11, 16.514127421963767
0, 127.0, 0, 52, 1, 44.0, 13, 18.9541965149158
0, 128.0, 1, 51, 2, 50.0, 12, 18.700484340060452
0, 129.0, 1, 51, 3, 58.0, 11, 18.91697171441813
0, 130.0, 1, 51, 0, 67.0, 11, 19.97326002948779
0, 131.0, 1, 52, 1, 69.0, 11, 19.863476330578127
0, 132.0, 0, 53, 0, 36.0, 11, 20.34002054640152
0, 133.0, 0, 51, 2, 38.0, 11, 20.275056914835044
0, 134.0, 0, 53, 0, 46.0, 11, 20.21499980196085
0, 135.0, 0, 55, 1, 56.0, 10, 21.541567596280718
0, 136.0, 0, 54, 1, 67.0, 9, 23.44437610065987
0, 137.0, 0, 54, 1, 82.0, 8, 23.173431454520376
0, 138.0, 0, 56, 0, 91.0, 8, 23.561503736655812
0, 139.0, 0, 56, 0, 107.0, 8, 24.408565824993026
0, 140.0, 1, 57, 1, 74.0, 8, 23.809925449703698
0, 141.0, 0, 59, 1, 75.0, 9, 24.81369413237743
0, 142.0, 0, 60, 0, 63.0, 9, 26.95079300984607
0, 143.0, 0, 60, 1, 51.0, 8, 24.967325906452093
0, 144.0, 1, 59, 1, 57.0, 7, 22.64629430333255
0, 145.0, 1, 59, 1, 53.0, 7, 19.73371343697511
0, 146.0, 0, 56, 4, 55.0, 8, 20.075074670399665
0, 147.0, 1, 56, 1, 60.0, 7, 17.55255814518328
0, 148.0, 0, 54, 2, 65.0, 7, 16.514848379889855
0, 149.0, 1, 54, 1, 71.0, 7, 15.214033609655484
0, 150.0, 1, 53, 2, 62.0, 7, 15.024886803470684
0, 151.0, 0, 56, 0, 68.0, 9, 16.491604757691825
0, 152.0, 1, 54, 2, 64.0, 9, 15.660102844976002
0, 153.0, 1, 55, 0, 54.0, 9, 15.680175069635078
0, 154.0, 1, 55, 1, 58.0, 9, 15.151932343564955
0, 155.0, 0, 56, 1, 2.0, 11, 14.738970368146877
0, 156.0, 1, 55, 3, 1.0, 12, 12.654320433682903
0, 157.0, 1, 55, 0, 2.0, 12, 12.941249370920083
0, 158.0, 0, 57, 0, 0.0, 13, 11.520313216259412
0, 159.0, 0, 58, 1, 1.0, 13, 11.037492181606295
0, 160.0, 1, 55, 4, 0.0, 13, 10.440060313773392
0, 161.0, 1, 52, 3, 0.0, 11, 8.814373414853334
0, 162.0, 0, 49, 4, 1.0, 10, 7.97219069120004
0, 163.0, 1, 49, 1, 2.0, 11, 8.209160019257212
0, 164.0, 0, 48, 3, 3.0, 12, 8.556346445519507
0, 165.0, 0, 45, 3, 5.0, 11, 8.376585993374796
0, 166.0, 0, 47, 1, 7.0, 11, 7.862367927023852
0, 167.0, 0, 45, 2, 9.0, 11, 7.902818009108245
0, 168.0, 0, 47, 1, 12.0, 10, 8.008366574716256
0, 169.0, 1, 46, 2, 8.0, 10, 8.07822920313911
0, 170.0, 0, 46, 1, 9.0, 11, 9.641097547435185
0, 171.0, 0, 48, 0, 12.0, 11, 10.756257184367461
0, 172.0, 0, 46, 4, 16.0, 9, 11.5256043326368
0, 173.0, 0, 46, 3, 20.0, 7, 11.905810483756134
0, 174.0, 1, 47, 2, 0.0, 6, 9.904975749641228
0, 175.0, 0, 50, 1, 0.0, 8, 9.074499384406316
0, 176.0, 0, 50, 1, 1.0, 8, 10.146894073242924
0, 177.0, 0, 50, 0, 3.0, 8, 9.535595093667615
0, 178.0, 1, 49, 3, 0.0, 8, 8.707559098999738
0, 179.0, 0, 48, 1, 0.0, 8, 8.016091030805395
0, 180.0, 0, 47, 1, 0.0, 8, 7.183038765309369
0, 181.0, 1, 46, 2, 1.0, 7, 7.530099117381913
0, 182.0, 0, 47, 0, 3.0, 8, 8.977077422379407
0, 183.0, 1, 45, 2, 7.0, 8, 10.191806341502959
0, 184.0, 0, 44, 1, 7.0, 10, 11.877875668461666
0, 185.0, 0, 45, 1, 9.0, 9, 11.699979353376625
0, 186.0, 1, 48, 1, 9.0, 10, 13.754019692314797
0, 187.0, 1, 48, 1, 6.0, 10, 16.244479168451516
0, 188.0, 0, 49, 2, 10.0, 10, 16.994646984156034
0, 189.0, 0, 49, 1, 13.0, 10, 19.153024259422146
0, 190.0, 0, 51, 0, 22.0, 10, 20.030157215768856
0, 191.0, 0, 52, 1, 22.0, 10, 18.85137131370448
0, 192.0, 0, 49, 5, 31.0, 8, 17.962323577836617
0, 193.0, 1, 50, 2, 11.0, 7, 17.092669545634067
0, 194.0, 0, 50, 0, 10.0, 7, 14.104800309863233
0, 195.0, 0, 51, 1, 15.0, 6, 13.487631382282595
0, 196.0, 1, 52, 0, 20.0, 6, 12.204313448190755
0, 197.0, 1, 52, 0, 25.0, 6, 10.07721380736735
0, 198.0, 0, 53, 1, 26.0, 7, 11.504880503410142
0, 199.0, 1, 53, 1, 25.0, 7, 11.980886614442916
0, 200.0, 1, 52, 2, 23.0, 6, 11.578607929293087
0, 201.0, 0, 51, 1, 13.0, 6, 12.537633496758072
0, 202.0, 1, 50, 1, 0.0, 6, 11.332031138988473
0, 203.0, 0, 48, 2, 0.0, 7, 10.611391590332511
0, 204.0, 1, 48, 0, 0.0, 7, 9.932089413955698
0, 205.0, 1, 47, 1, 1.0, 7, 10.673503272747467
0, 206.0, 1, 45, 2, 2.0, 7, 10.85652884050986
0, 207.0, 1, 42, 3, 4.0, 5, 11.314538258373926
0, 208.0, 0, 41, 1, 2.0, 6, 10.213829780734256
0, 209.0, 1, 40, 1, 3.0, 6, 8.190946681743373
0, 210.0, 0, 38, 2, 0.0, 5, 9.166234665441234
0, 211.0, 0, 36, 2, 0.0, 5, 9.059204314790614
0, 212.0, 1, 33, 3, 2.0, 5, 8.277170976782232
0, 213.0, 0, 33, 0, 4.0, 7, 10.010994758252524
0, 214.0, 0, 33, 0, 5.0, 7, 10.649854100889636
0, 215.0, 0, 31, 2, 10.0, 7, 10.17911787631591
0, 216.0, 0, 29, 2, 15.0, 6, 8.925498654290289
0, 217.0, 0, 27, 2, 20.0, 5, 8.277323535546323
0, 218.0, 0, 26, 1, 25.0, 4, 7.619585404725543
0, 219.0, 0, 22, 4, 25.0, 3, 6.385535265535676
0, 220.0, 1, 21, 1, 9.0, 3, 5.295999824443503
0, 221.0, 1, 20, 1, 10.0, 3, 3.9286001763251597
0, 222.0, 1, 20, 0, 12.0, 3, 4.336052285093577
0, 223.0, 0, 18, 2, 14.0, 2, 3.8513926197734984
0, 224.0, 0, 15, 3, 13.0, 2, 3.106674376700272
0, 225.0, 0, 15, 0, 0.0, 2, 2.4612243345263205
0, 226.0, 1, 13, 2, 0.0, 2, 1.766880059040659
0, 227.0, 1, 12, 1, 0.0, 2, 1.0897798398014844
0, 228.0, 0, 11, 1, 0.0, 2, 1.0417064468568267
0, 229.0, 1, 11, 0, 0.0, 2, 0.9875423764240256
0, 230.0, 1, 10, 1, 0.0, 2, 0.555076380249635
0, 231.0, 0, 10, 0, 0.0, 2, 0.46817794821300573
0, 232.0, 1, 9, 1, 0.0, 2, 0.3657874998710442
0, 233.0, 0, 8, 1, 0.0, 2, 0.4207585997833849
0, 234.0, 1, 7, 1, 0.0, 2, 0.3988531902505166
0, 235.0, 0, 6, 1, 0.0, 2, 0.41883534515971554
0, 236.0, 0, 5, 1, 0.0, 1, 0.37597668836537856
0, 237.0, 0, 3, 2, 0.0, 1, 0.11943565411401025
0, 238.0, 0, 2, 1, 0.0, 1, 0.08176659208066717
0, 239.0, 1, 2, 0, 0.0, 1, 0.16381499029960978
0, 240.0, 1, 2, 0, 0.0, 1, 0.021072272550362925
0, 241.0, 0, 2, 0, 0.0, 1, 0.11714660230605212
0, 242.0, 1, 1, 1, 0.0, 1, 0.06929446049506005
0, 243.0, 1, 0, 1, 0, 0, 0
1, 1.0, 0, 2, 0, 0.0, 0, 0.0
1, 2.0, 1, 3, 0, 0.0, 0, 1.0814256854756554
1, 3.0, 0, 5, 0, 0.0, 0, 1.2559462905827157
1, 4.0, 1, 7, 0, 0.0, 0, 1.2603760180273869
1, 5.0, 1, 9, 0, 0.0, 0, 1.356365191048412
1, 6.0, 1, 9, 0, 0.0, 0, 1.2083235416804996
1, 7.0, 0, 10, 0, 0.0, 0, 1.0113279673831101
1, 8.0, 0, 11, 0, 0.0, 0, 1.129802691208996
1, 9.0, 1, 12, 0, 0.0, 0, 1.3450565739990277
1, 10.0, 0, 15, 0, 0.0, 0, 1.8010715831181234
1, 11.0, 0, 16, 0, 0.0, 0, 2.7812725667563325
1, 12.0, 1, 18, 0, 0.0, 0, 2.9155726236672708
1, 13.0, 0, 18, 0, 0.0, 0, 2.7329317428960915
1, 14.0, 0, 20, 0, 0.0, 0, 2.7529107670952704
1, 15.0, 0, 22, 0, 0.0, 0, 3.784021432738239
1, 16.0, 0, 23, 0, 1.0, 0, 5.068582777462147
1, 17.0, 0, 23, 0, 2.0, 0, 5.029309347715281
1, 18.0, 0, 25, 0, 5.0, 0, 4.674658435135038
1, 19.0, 0, 25, 0, 8.0, 0, 6.521872635248576
1, 20.0, 0, 27, 0, 11.0, 0, 6.884107074929098
1, 21.0, 1, 27, 0, 0.0, 1, 6.995165786542669
1, 22.0, 0, 28, 0, 0.0, 1, 5.367860660016337
1, 23.0, 1, 30, 0, 1.0, 2, 7.278023724081257
1, 24.0, 0, 31, 0, 2.0, 2, 7.875975314126505
1, 25.0, 0, 33, 0, 3.0, 2, 7.582726187124109
1, 26.0, 0, 36, 0, 5.0, 2, 8.708153377447083
1, 27.0, 0, 38, 0, 2.0, 2, 9.870389693016044
1, 28.0, 1, 40, 0, 0.0, 2, 8.972708752613144
1, 29.0, 1, 41, 0, 0.0, 2, 10.04944934859633
1, 30.0, 1, 41, 0, 1.0, 2, 9.892965328486214
1, 31.0, 0, 46, 0, 3.0, 2, 9.345862256018648
1, 32.0, 0, 48, 0, 6.0, 2, 10.012500316103877
1, 33.0, 1, 45, 3, 10.0, 2, 10.9984401292977
1, 34.0, 1, 46, 0, 14.0, 2, 10.251589516793427
1, 35.0, 1, 47, 0, 19.0, 2, 10.161350687560425
1, 36.0, 0, 46, 2, 9.0, 3, 10.874996924266574
1, 37.0, 1, 46, 1, 11.0, 4, 10.160377915684254
1, 38.0, 0, 46, 1, 13.0, 5, 12.012028865594045
1, 39.0, 1, 46, 2, 15.0, 4, 11.395272186421714
1, 40.0, 0, 49, 1, 18.0, 4, 12.22259257829409
1, 41.0, 1, 48, 1, 23.0, 4, 12.867729344740154
1, 42.0, 0, 50, 0, 2.0, 6, 12.564110298361896
1, 43.0, 0, 53, 0, 1.0, 7, 13.4506908447743
1, 44.0, 1, 54, 1, 2.0, 8, 13.573965922563827
1, 45.0, 1, 52, 2, 2.0, 8, 12.969405369186758
1, 46.0, 1, 52, 1, 3.0, 8, 12.799352850081442
1, 47.0, 0, 55, 1, 1.0, 9, 12.463563523662598
1, 48.0, 0, 54, 1, 1.0, 9, 14.444315567163525
1, 49.0, 1, 54, 0, 2.0, 10, 13.377049358925554
1, 50.0, 1, 55, 1, 5.0, 10, 12.81715768359991
1, 51.0, 1, 58, 0, 8.0, 10, 14.4531080162437
1, 52.0, 1, 55, 4, 12.0, 10, 15.647292137656171
1, 53.0, 0, 55, 1, 4.0, 9, 14.60560576084338
1, 54.0, 1, 53, 4, 0.0, 8, 12.38665261440882
1, 55.0, 1, 52, 1, 1.0, 8, 14.098273488494693
1, 56.0, 0, 52, 2, 2.0, 7, 12.289520780238117
1, 57.0, 1, 53, 0, 4.0, 7, 14.027478824314107
1, 58.0, 0, 51, 2, 5.0, 8, 13.304734307595634
1, 59.0, 1, 51, 1, 10.0, 8, 11.662851420928668
1, 60.0, 0, 51, 1, 14.0, 8, 12.44159663988629
1, 61.0, 0, 49, 4, 16.0, 6, 12.770726278541394
1, 62.0, 0, 50, 2, 21.0, 5, 13.407089949680103
1, 63.0, 0, 50, 1, 15.0, 5, 15.947556617908146
1, 64.0, 0, 51, 1, 19.0, 4, 15.740964925664095
1, 65.0, 0, 50, 1, 24.0, 4, 16.241659337749837
1, 66.0, 1, 50, 2, 19.0, 3, 15.433083254544984
1, 67.0, 1, 50, 0, 21.0, 3, 15.089294513640372
1, 68.0, 0, 49, 2, 1.0, 3, 14.277436584200197
1, 69.0, 0, 49, 0, 2.0, 3, 14.074272054614825
1, 70.0, 1, 46, 3, 4.0, 3, 12.48081685218043
1, 71.0, 1, 47, 0, 7.0, 3, 10.735968469092189
1, 72.0, 0, 46, 3, 9.0, 1, 11.857882927573833
1, 73.0, 0, 48, 0, 12.0, 1, 12.88330528173523
1, 74.0, 1, 48, 0, 7.0, 1, 13.362049534179013
1, 75.0, 1, 47, 4, 1.0, 0, 12.627939865528901
1, 76.0, 0, 48, 2, 2.0, 2, 13.436832756810446
1, 77.0, 0, 49, 0, 4.0, 2, 14.748698324615921
1, 78.0, 0, 48, 1, 9.0, 2, 14.015201497548832
1, 79.0, 1, 49, 0, 9.0, 2, 12.480027386965503
1, 80.0, 0, 49, 1, 13.0, 3, 11.99789508218971
1, 81.0, 1, 50, 0, 18.0, 4, 13.406636410189538
1, 82.0, 1, 51, 2, 17.0, 4, 12.26068415581906
1, 83.0, 1, 48, 4, 23.0, 4, 12.154050410227763
1, 84.0, 0, 46, 2, 23.0, 5, 12.277115066195588
1, 85.0, 0, 47, 2, 28.0, 5, 11.970510269563077
1, 86.0, 0, 45, 2, 34.0, 5, 12.348027542032717
1, 87.0, 1, 45, 0, 38.0, 5, 12.25657715174449
1, 88.0, 1, 45, 2, 43.0, 5, 11.814169956237304
1, 89.0, 0, 42, 3, 42.0, 5, 12.963248641683217
1, 90.0, 1, 43, 1, 48.0, 5, 14.164153676742549
1, 91.0, 0, 45, 0, 54.0, 7, 16.37739118560346
1, 92.0, 1, 46, 0, 60.0, 7, 16.277174594635614
1, 93.0, 0, 46, 1, 65.0, 7, 16.101080470241584
1, 94.0, 1, 45, 3, 69.0, 7, 16.60264177280836
1, 95.0, 1, 44, 1, 75.0, 7, 16.257697397034004
1, 96.0, 0, 44, 1, 67.0, 8, 16.325883239057898
1, 97.0, 0, 43, 2, 75.0, 9, 17.054952164846107
1, 98.0, 0, 45, 0, 24.0, 9, 17.227653924609083
1, 99.0, 0, 47, 1, 31.0, 8, 17.79338720460009
1, 100.0, 1, 47, 2, 27.0, 8, 16.789082639070646
1, 101.0, 1, 48, 0, 21.0, 8, 14.813051363910276
1, 102.0, 1, 48, 1, 24.0, 7, 14.646067727739581
1, 103.0, 1, 52, 0, 28.0, 7, 13.564378792793214
1, 104.0, 0, 53, 0, 16.0, 8, 13.030676805412222
1, 105.0, 1, 53, 0, 0.0, 9, 14.402611406651301
1, 106.0, 1, 55, 0, 2.0, 9, 12.955883152953348
1, 107.0, 1, 53, 2, 3.0, 8, 12.361771446823866
1, 108.0, 0, 52, 2, 0.0, 7, 10.99419256744759
1, 109.0, 1, 50, 2, 0.0, 7, 10.022866146143507
1, 110.0, 0, 52, 0, 1.0, 9, 9.53513004849159
1, 111.0, 0, 49, 3, 3.0, 8, 10.276711385558706
1, 112.0, 0, 48, 1, 7.0, 8, 9.211918901915674
1, 113.0, 0, 49, 1, 11.0, 8, 9.266799016228685
1, 114.0, 0, 48, 2, 8.0, 8, 11.021351064273034
1, 115.0, 0, 47, 2, 11.0, 7, 11.715768516439214
1, 116.0, 1, 50, 1, 0.0, 7, 11.164925243447561
1, 117.0, 1, 50, 1, 1.0, 7, 10.33447420918371
1, 118.0, 1, 49, 3, 3.0, 7, 9.709127561518514
1, 119.0, 1, 48, 2, 5.0, 5, 8.752255657331956
1, 120.0, 1, 48, 2, 7.0, 5, 7.82807319095518
1, 121.0, 0, 50, 1, 0.0, 5, 6.7609932980039895
1, 122.0, 1, 51, 2, 0.0, 4, 7.18508701156234
1, 123.0, 0, 49, 5, 1.0, 6, 8.421012384332077
1, 124.0, 1, 49, 1, 1.0, 6, 8.672825862087706
1, 125.0, 1, 48, 2, 2.0, 5, 8.067794584151777
1, 126.0, 0, 47, 1, 0.0, 6, 8.714324165572279
1, 127.0, 0, 46, 2, 2.0, 6, 9.169586986548373
1, 128.0, 1, 46, 1, 5.0, 7, 10.376559376468037
1, 129.0, 1, 49, 0, 8.0, 7, 11.26742368034806
1, 130.0, 0, 49, 1, 9.0, 9, 12.464051684118232
1, 131.0, 0, 48, 2, 13.0, 8, 12.430199896325908
1, 132.0, 0, 45, 4, 13.0, 6, 14.062529881806896
1, 133.0, 1, 45, 0, 13.0, 6, 15.476531441448717
1, 134.0, 1, 46, 1, 16.0, 6, 16.46347945038453
1, 135.0, 1, 49, 0, 20.0, 6, 18.468206015007535
1, 136.0, 1, 48, 2, 26.0, 6, 18.608746568759628
1, 137.0, 1, 46, 2, 34.0, 6, 18.631001278402902
1, 138.0, 1, 46, 1, 43.0, 5, 18.35242142039988
1, 139.0, 1, 47, 0, 54.0, 5, 18.48371462153625
1, 140.0, 0, 49, 0, 18.0, 5, 17.21362069359762
1, 141.0, 1, 51, 1, 19.0, 5, 14.90261496099735
1, 142.0, 0, 52, 0, 19.0, 6, 16.527830852337875
1, 143.0, 1, 51, 2, 22.0, 6, 16.597383783239003
1, 144.0, 0, 50, 1, 15.0, 6, 15.756522743660923
1, 145.0, 1, 51, 0, 17.0, 6, 14.613744913803986
1, 146.0, 1, 52, 0, 5.0, 6, 12.34089548175086
1, 147.0, 0, 51, 2, 8.0, 5, 12.578617280556584
1, 148.0, 1, 50, 1, 5.0, 5, 11.91126114707578
1, 149.0, 0, 51, 0, 1.0, 5, 11.085027579783857
1, 150.0, 1, 49, 3, 0.0, 3, 10.561852097260324
1, 151.0, 1, 51, 1, 0.0, 3, 9.10886002660853
1, 152.0, 1, 50, 1, 1.0, 3, 9.353229826177879
1, 153.0, 1, 50, 1, 2.0, 3, 9.034144745497933
1, 154.0, 0, 47, 4, 1.0, 4, 9.406128334022135
1, 155.0, 0, 48, 1, 3.0, 4, 10.505345692354048
1, 156.0, 0, 49, 1, 6.0, 4, 10.124078453830355
1, 157.0, 0, 49, 0, 10.0, 4, 10.533037853564684
1, 158.0, 1, 47, 4, 3.0, 2, 9.987747897767546
1, 159.0, 1, 49, 0, 3.0, 2, 11.16271553110266
1, 160.0, 0, 46, 4, 6.0, 2, 10.997845724503733
1, 161.0, 1, 46, 0, 6.0, 2, 10.788203495494818
1, 162.0, 0, 42, 5, 7.0, 2, 10.768316837135854
1, 163.0, 1, 40, 3, 6.0, 4, 11.02261139247413
1, 164.0, 0, 41, 1, 3.0, 5, 9.832152653694857
1, 165.0, 1, 41, 0, 2.0, 6, 10.400775110772742
1, 166.0, 0, 42, 2, 0.0, 5, 9.872034049285629
1, 167.0, 1, 40, 2, 1.0, 6, 10.739768666200455
1, 168.0, 0, 42, 1, 2.0, 7, 10.067988613270256
1, 169.0, 1, 42, 1, 0.0, 7, 10.01654591995559
1, 170.0, 1, 43, 0, 0.0, 7, 10.975681691713849
1, 171.0, 1, 44, 1, 1.0, 7, 11.911085177894043
1, 172.0, 0, 44, 2, 2.0, 7, 13.571782399029397
1, 173.0, 1, 45, 2, 0.0, 7, 13.551108827687203
1, 174.0, 0, 47, 0, 0.0, 8, 12.527650063902428
1, 175.0, 1, 51, 1, 0.0, 9, 10.71613659090347
1, 176.0, 1, 50, 1, 1.0, 9, 10.664170859476066
1, 177.0, 0, 51, 0, 0.0, 9, 9.407976324786594
1, 178.0, 1, 52, 1, 0.0, 9, 8.108051199671587
1, 179.0, 0, 50, 2, 1.0, 9, 8.28799235038631
1, 180.0, 1, 48, 2, 1.0, 9, 9.599057799706921
1, 181.0, 1, 49, 0, 2.0, 9, 8.803126575416451
1, 182.0, 0, 50, 0, 1.0, 10, 7.267282377082731
1, 183.0, 1, 47, 3, 0.0, 9, 7.456115705819579
1, 184.0, 0, 46, 1, 0.0, 8, 8.609280794725846
1, 185.0, 1, 48, 0, 0.0, 9, 8.963250430974012
1, 186.0, 0, 52, 0, 0.0, 9, 10.789180204783314
1, 187.0, 0, 51, 2, 0.0, 8, 13.243981058460689
1, 188.0, 0, 51, 3, 1.0, 6, 13.516693253203607
1, 189.0, 1, 50, 2, 0.0, 6, 13.576506001268521
1, 190.0, 1, 49, 3, 0.0, 5, 12.960793173558095
1, 191.0, 1, 51, 0, 1.0, 5, 13.361052749822
1, 192.0, 0, 53, 0, 0.0, 5, 12.74737089631218
1, 193.0, 0, 53, 3, 1.0, 5, 12.223870067920942
1, 194.0, 1, 51, 2, 1.0, 4, 10.282058103494116
1, 195.0, 1, 53, 0, 0.0, 4, 7.90280118226665
1, 196.0, 1, 51, 3, 0.0, 3, 8.105202921192673
1, 197.0, 0, 50, 1, 0.0, 2, 8.456520552397128
1, 198.0, 0, 51, 1, 1.0, 2, 8.525881283210705
1, 199.0, 1, 50, 2, 1.0, 2, 8.714139382262188
1, 200.0, 0, 50, 1, 0.0, 3, 7.738773439320255
1, 201.0, 0, 49, 1, 0.0, 3, 9.150719989868204
1, 202.0, 1, 47, 2, 0.0, 3, 7.9741025401021615
1, 203.0, 0, 45, 2, 1.0, 5, 9.300301876375599
1, 204.0, 1, 43, 2, 0.0, 4, 9.299577952921108
1, 205.0, 0, 40, 3, 1.0, 5, 9.297172459740583
1, 206.0, 1, 39, 1, 2.0, 6, 11.491852255178586
1, 207.0, 0, 37, 2, 3.0, 5, 11.88300050942867
1, 208.0, 0, 35, 2, 4.0, 5, 12.45939087184843
1, 209.0, 0, 35, 0, 2.0, 5, 12.840970805879813
1, 210.0, 0, 33, 2, 5.0, 5, 12.977593639485367
1, 211.0, 0, 31, 2, 9.0, 5, 12.71572200827639
1, 212.0, 0, 30, 1, 11.0, 5, 12.59739308137646
1, 213.0, 0, 30, 0, 12.0, 5, 13.45633695166537
1, 214.0, 0, 29, 1, 19.0, 5, 13.728994185265723
1, 215.0, 0, 27, 2, 27.0, 5, 13.651408107867319
1, 216.0, 0, 26, 1, 29.0, 4, 12.924648489403289
1, 217.0, 1, 24, 2, 19.0, 4, 11.286673911507847
1, 218.0, 1, 24, 0, 15.0, 4, 9.50804165119732
1, 219.0, 1, 22, 2, 11.0, 4, 8.058807234753251
1, 220.0, 1, 22, 0, 0.0, 4, 6.996148716580432
1, 221.0, 1, 21, 1, 0.0, 3, 5.969850357393568
1, 222.0, 0, 21, 0, 2.0, 3, 5.379445504907143
1, 223.0, 0, 19, 2, 2.0, 2, 5.018395857029865
1, 224.0, 1, 18, 1, 3.0, 2, 4.321502000627519
1, 225.0, 1, 18, 0, 0.0, 2, 3.083061461212554
1, 226.0, 0, 17, 1, 0.0, 2, 2.7673376926101296
1, 227.0, 1, 17, 0, 0.0, 2, 2.4926780680521485
1, 228.0, 1, 17, 0, 0.0, 2, 1.8483497106312878
1, 229.0, 1, 15, 2, 0.0, 2, 2.121048100613608
1, 230.0, 0, 14, 1, 0.0, 1, 1.5814426810216897
1, 231.0, 0, 13, 1, 0.0, 0, 0.8642940100339187
1, 232.0, 0, 12, 1, 0.0, 0, 0.7728798271511099
1, 233.0, 1, 11, 1, 0.0, 0, 0.5774832541691968
1, 234.0, 1, 9, 2, 0.0, 0, 0.5185551090077096
1, 235.0, 1, 8, 1, 0.0, 0, 0.607932311298959
1, 236.0, 0, 6, 2, 0.0, 0, 0.2934639756880273
1, 237.0, 0, 6, 0, 0.0, 0, 0.31370483084834255
1, 238.0, 1, 4, 2, 0.0, 0, 0.25216659375327843
1, 239.0, 1, 3, 1, 0.0, 0, 0.18330363740391853
1, 240.0, 0, 3, 0, 0.0, 0, 0.21316585786034103
1, 241.0, 0, 2, 1, 0.0, 0, 0.05200600706672809
1, 242.0, 0, 2, 0, 0.0, 0, 0.13954577878011243
1, 243.0, 1, 1, 1, 0.0, 0, 0.042825735186069025
1, 244.0, 1, 0, 1, 0, 0, 0
2, 1.0, 1, 2, 0, 0.0, 0, 0.0
2, 2.0, 1, 3, 0, 0.0, 0, 1.0814256854756554
2, 3.0, 1, 5, 0, 0.0, 0, 1.2317430816274335
2, 4.0, 0, 7, 0, 0.0, 0, 1.2562929516962287
2, 5.0, 1, 9, 0, 0.0, 0, 1.3267641311373821
2, 6.0, 0, 9, 0, 0.0, 0, 1.2111458088704232
2, 7.0, 1, 10, 0, 0.0, 0, 0.8241869857907528
2, 8.0, 0, 11, 0, 0.0, 0, 1.1261125852745222
2, 9.0, 0, 12, 0, 0.0, 0, 1.687215381166026
2, 10.0, 0, 15, 0, 0.0, 0, 1.9748059927569641
2, 11.0, 0, 16, 0, 0.0, 0, 3.0779940360154896
2, 12.0, 1, 18, 0, 0.0, 0, 2.9856463234264496
2, 13.0, 1, 18, 0, 0.0, 0, 2.7031708397920147
2, 14.0, 0, 20, 0, 0.0, 0, 2.5187649189282757
2, 15.0, 0, 22, 0, 0.0, 0, 3.6203061221832162
2, 16.0, 1, 23, 0, 0.0, 2, 4.391470883891706
2, 17.0, 0, 23, 0, 0.0, 2, 4.417017169614597
2, 18.0, 0, 25, 0, 0.0, 2, 4.785941626876723
2, 19.0, 0, 25, 0, 1.0, 2, 6.319202872783895
2, 20.0, 0, 27, 0, 3.0, 2, 6.835124070962463
2, 21.0, 1, 27, 0, 3.0, 3, 6.637641729134227
2, 22.0, 1, 28, 0, 4.0, 3, 8.370733153805357
2, 23.0, 1, 30, 0, 7.0, 3, 8.944682208015049
2, 24.0, 0, 31, 0, 8.0, 5, 9.10396215838304
2, 25.0, 0, 33, 0, 10.0, 5, 9.978907406566298
2, 26.0, 1, 36, 0, 12.0, 6, 11.215355930309679
2, 27.0, 0, 38, 0, 9.0, 8, 11.994603294961522
2, 28.0, 0, 40, 0, 2.0, 8, 12.523678217429064
2, 29.0, 1, 41, 0, 4.0, 8, 12.304972704960722
2, 30.0, 1, 41, 0, 7.0, 8, 12.304805084157465
2, 31.0, 0, 45, 1, 8.0, 9, 12.872905515110023
2, 32.0, 0, 47, 0, 14.0, 9, 13.601852866188354
2, 33.0, 0, 45, 2, 15.0, 9, 13.85995408672753
2, 34.0, 0, 46, 0, 21.0, 9, 13.141077085530764
2, 35.0, 1, 47, 0, 21.0, 9, 12.34170778089381
2, 36.0, 0, 47, 1, 16.0, 11, 12.81620746370343
2, 37.0, 1, 46, 2, 19.0, 11, 12.278373779444589
2, 38.0, 1, 46, 1, 16.0, 10, 13.759377483451102
2, 39.0, 0, 47, 1, 8.0, 11, 14.192194531740455
2, 40.0, 0, 50, 1, 11.0, 11, 15.066055034780623
2, 41.0, 1, 50, 0, 11.0, 11, 15.267969278528367
2, 42.0, 0, 52, 0, 1.0, 12, 16.25128295289507
2, 43.0, 0, 54, 1, 4.0, 12, 15.928754949480652
2, 44.0, 0, 56, 0, 8.0, 12, 16.073009494982205
2, 45.0, 0, 54, 2, 12.0, 12, 16.306363751715747
2, 46.0, 0, 55, 0, 17.0, 12, 16.043844620640336
2, 47.0, 1, 58, 1, 0.0, 11, 14.078212109418216
2, 48.0, 1, 57, 1, 0.0, 10, 15.396950186007764
2, 49.0, 0, 57, 0, 1.0, 10, 15.575234060783224
2, 50.0, 0, 59, 0, 3.0, 10, 15.169736022933966
2, 51.0, 1, 58, 4, 7.0, 9, 15.966521766246288
2, 52.0, 0, 58, 1, 11.0, 10, 16.442092556225425
2, 53.0, 0, 59, 0, 11.0, 10, 15.519552665981925
2, 54.0, 0, 58, 3, 10.0, 8, 15.469629672655843
2, 55.0, 0, 55, 3, 9.0, 6, 16.121746337894983
2, 56.0, 0, 55, 2, 13.0, 5, 15.932290676707183
2, 57.0, 1, 54, 2, 10.0, 5, 16.719052247917464
2, 58.0, 0, 52, 2, 7.0, 6, 15.419759466015648
2, 59.0, 1, 51, 2, 10.0, 6, 14.036722018442287
2, 60.0, 1, 51, 1, 9.0, 6, 14.531013569186385
2, 61.0, 0, 52, 1, 10.0, 6, 14.211657330888313
2, 62.0, 0, 54, 1, 12.0, 6, 14.050416347445173
2, 63.0, 1, 54, 1, 5.0, 7, 14.589797219895644
2, 64.0, 1, 55, 1, 7.0, 8, 14.426963450767191
2, 65.0, 1, 55, 0, 11.0, 8, 16.595997461408214
2, 66.0, 1, 54, 3, 16.0, 8, 14.238195457607137
2, 67.0, 1, 54, 0, 19.0, 8, 14.497706628771494
2, 68.0, 1, 52, 3, 23.0, 7, 14.825741440153417
2, 69.0, 0, 50, 2, 21.0, 9, 14.604017201782128
2, 70.0, 1, 49, 1, 21.0, 9, 13.098098598768509
2, 71.0, 1, 49, 1, 26.0, 9, 13.147569771076313
2, 72.0, 0, 50, 1, 12.0, 9, 13.30504145909854
2, 73.0, 0, 50, 2, 19.0, 8, 13.585699066610651
2, 74.0, 1, 49, 1, 24.0, 8, 14.4964148722727
2, 75.0, 1, 49, 3, 30.0, 6, 13.887053275430757
2, 76.0, 0, 49, 3, 33.0, 7, 14.67410670492023
2, 77.0, 0, 49, 1, 13.0, 7, 15.316777758738663
2, 78.0, 1, 48, 1, 12.0, 7, 14.139768450037511
2, 79.0, 0, 48, 1, 7.0, 7, 12.773330582607025
2, 80.0, 1, 46, 3, 1.0, 7, 12.492860968620123
2, 81.0, 1, 45, 2, 3.0, 7, 11.311928720947442
2, 82.0, 0, 47, 1, 3.0, 7, 9.729625683495403
2, 83.0, 0, 47, 1, 5.0, 7, 10.078791774324198
2, 84.0, 0, 47, 0, 6.0, 7, 9.38516889216336
2, 85.0, 0, 46, 4, 2.0, 7, 9.092692340268641
2, 86.0, 0, 45, 1, 3.0, 7, 9.408794592445119
2, 87.0, 1, 45, 0, 5.0, 8, 9.235438950485268
2, 88.0, 0, 46, 1, 9.0, 7, 9.594126412435754
2, 89.0, 1, 45, 1, 8.0, 8, 10.939054607528758
2, 90.0, 0, 45, 2, 11.0, 8, 11.211255071738567
2, 91.0, 0, 46, 1, 11.0, 8, 12.159315499039895
2, 92.0, 1, 47, 0, 12.0, 8, 11.555319508743198
2, 93.0, 0, 47, 1, 3.0, 8, 10.737456001887953
2, 94.0, 1, 46, 3, 3.0, 7, 10.532558389944914
2, 95.0, 0, 43, 3, 5.0, 6, 10.119963552370399
2, 96.0, 0, 43, 1, 7.0, 5, 9.605833702788559
2, 97.0, 1, 42, 2, 6.0, 5, 8.933236191254622
2, 98.0, 1, 43, 1, 7.0, 4, 7.829518771089124
2, 99.0, 0, 45, 1, 0.0, 3, 9.815406702013647
2, 100.0, 0, 47, 0, 2.0, 3, 10.500596790019273
2, 101.0, 0, 47, 1, 4.0, 3, 11.096668523997378
2, 102.0, 1, 47, 1, 3.0, 3, 12.241715941888746
2, 103.0, 1, 48, 3, 5.0, 2, 12.284077718598335
2, 104.0, 1, 49, 0, 7.0, 2, 13.640413317820686
2, 105.0, 0, 50, 0, 9.0, 2, 13.281349297994197
2, 106.0, 0, 48, 3, 12.0, 2, 12.441382746016274
2, 107.0, 1, 48, 0, 15.0, 2, 12.388608760832682
2, 108.0, 1, 45, 4, 9.0, 2, 10.915355094818686
2, 109.0, 0, 42, 3, 11.0, 3, 10.921122527570319
2, 110.0, 1, 42, 2, 2.0, 5, 10.992069348925526
2, 111.0, 0, 42, 0, 3.0, 7, 12.598640711349741
2, 112.0, 0, 42, 0, 5.0, 7, 13.293318041458743
2, 113.0, 1, 41, 3, 7.0, 6, 12.639676138951932
2, 114.0, 0, 42, 0, 11.0, 8, 14.487548241089835
2, 115.0, 1, 43, 0, 13.0, 9, 16.53454319909858
2, 116.0, 0, 46, 1, 18.0, 8, 16.53646559876785
2, 117.0, 0, 45, 2, 24.0, 8, 17.643789408716017
2, 118.0, 0, 47, 0, 30.0, 8, 16.99237815748039
2, 119.0, 0, 47, 1, 38.0, 8, 16.91160907623511
2, 120.0, 0, 47, 2, 46.0, 8, 16.23283554460058
2, 121.0, 1, 49, 1, 46.0, 8, 16.59681182587136
2, 122.0, 0, 51, 1, 53.0, 9, 17.840629238059098
2, 123.0, 0, 52, 2, 61.0, 9, 18.566767739959808
2, 124.0, 1, 53, 0, 67.0, 9, 18.4116999891338
2, 125.0, 1, 53, 1, 75.0, 9, 16.948758672016673
2, 126.0, 0, 53, 0, 72.0, 9, 17.680757328816828
2, 127.0, 0, 51, 3, 79.0, 8, 17.36697077825017
2, 128.0, 0, 51, 1, 88.0, 8, 17.920813376643594
2, 129.0, 1, 54, 0, 87.0, 8, 18.399231776972407
2, 130.0, 1, 55, 0, 94.0, 8, 19.896679874139906
2, 131.0, 1, 55, 1, 103.0, 7, 20.422238409371925
2, 132.0, 0, 55, 1, 112.0, 8, 21.089518946325335
2, 133.0, 0, 55, 0, 123.0, 8, 22.87315044076491
2, 134.0, 1, 55, 2, 114.0, 9, 22.89945521545278
2, 135.0, 1, 57, 1, 125.0, 10, 23.72986162186168
2, 136.0, 1, 58, 0, 137.0, 10, 25.813961601811705
2, 137.0, 0, 56, 2, 148.0, 11, 26.62734574820994
2, 138.0, 0, 57, 1, 159.0, 11, 26.725285240970035
2, 139.0, 0, 55, 2, 154.0, 10, 28.364703341106683
2, 140.0, 1, 55, 2, 165.0, 10, 26.961147848358937
2, 141.0, 1, 58, 0, 179.0, 10, 27.10551570181642
2, 142.0, 0, 58, 1, 189.0, 10, 29.02100054844231
2, 143.0, 0, 57, 2, 204.0, 9, 29.388525854995702
2, 144.0, 0, 56, 1, 222.0, 9, 29.59860131563088
2, 145.0, 1, 56, 1, 170.0, 9, 28.455577851624657
2, 146.0, 0, 57, 0, 112.0, 10, 28.04304430733851
2, 147.0, 0, 58, 0, 121.0, 11, 27.76577683638604
2, 148.0, 0, 58, 0, 133.0, 11, 26.919852729458682
2, 149.0, 1, 58, 1, 139.0, 10, 27.038165751739932
2, 150.0, 1, 58, 1, 150.0, 10, 25.890011886130527
2, 151.0, 0, 61, 0, 162.0, 11, 26.296768560804445
2, 152.0, 1, 60, 1, 172.0, 11, 25.29537209454043
2, 153.0, 1, 61, 0, 187.0, 11, 24.940535523124716
2, 154.0, 1, 59, 3, 203.0, 10, 26.18732446598438
2, 155.0, 0, 60, 1, 214.0, 10, 25.641823280915673
2, 156.0, 0, 61, 1, 200.0, 10, 26.209739534559848
2, 157.0, 1, 58, 3, 217.0, 10, 25.76730781658891
2, 158.0, 0, 58, 2, 177.0, 9, 25.04483984432159
2, 159.0, 1, 60, 0, 193.0, 9, 25.403440171186315
2, 160.0, 0, 61, 0, 194.0, 9, 24.674803333246576
2, 161.0, 0, 61, 0, 155.0, 9, 24.72901182840374
2, 162.0, 0, 60, 2, 118.0, 9, 24.416657873965498
2, 163.0, 1, 59, 2, 124.0, 9, 21.663786607948666
2, 164.0, 1, 57, 4, 133.0, 8, 20.595798530585043
2, 165.0, 0, 56, 1, 136.0, 8, 20.252902993624645
2, 166.0, 1, 57, 2, 145.0, 8, 19.205195358028153
2, 167.0, 0, 55, 2, 154.0, 7, 18.52344442857118
2, 168.0, 0, 57, 1, 135.0, 7, 19.353680349633088
2, 169.0, 1, 58, 0, 143.0, 7, 19.65124619747159
2, 170.0, 1, 59, 0, 152.0, 7, 20.471436385149154
2, 171.0, 0, 60, 2, 163.0, 7, 20.37733377480886
2, 172.0, 0, 61, 0, 172.0, 7, 22.473690306515607
2, 173.0, 0, 61, 3, 184.0, 6, 22.417307100107852
2, 174.0, 1, 62, 2, 169.0, 6, 22.0545680982882
2, 175.0, 0, 65, 1, 169.0, 7, 21.991484810058896
2, 176.0, 1, 66, 0, 175.0, 7, 20.817973535771962
2, 177.0, 1, 64, 2, 184.0, 6, 19.552091742382146
2, 178.0, 1, 63, 3, 193.0, 6, 19.63447549011488
2, 179.0, 1, 63, 0, 203.0, 6, 20.62088781530693
2, 180.0, 1, 60, 3, 214.0, 6, 20.570594276283938
2, 181.0, 0, 56, 5, 223.0, 6, 20.1061643231524
2, 182.0, 0, 57, 0, 201.0, 6, 19.838897000412896
2, 183.0, 1, 56, 1, 210.0, 6, 18.290648489441438
2, 184.0, 0, 56, 0, 214.0, 6, 18.27885565893556
2, 185.0, 0, 57, 0, 221.0, 6, 18.62765078421521
2, 186.0, 0, 61, 1, 230.0, 6, 20.906903307389527
2, 187.0, 0, 61, 2, 239.0, 5, 23.52512357866633
2, 188.0, 1, 60, 2, 241.0, 5, 24.15897453162452
2, 189.0, 0, 60, 1, 248.0, 6, 23.43647060328529
2, 190.0, 0, 63, 0, 260.0, 7, 25.178659865046146
2, 191.0, 1, 63, 2, 270.0, 7, 25.602701886765807
2, 192.0, 0, 63, 1, 282.0, 6, 24.130100481467203
2, 193.0, 0, 64, 2, 297.0, 6, 24.25497893410716
2, 194.0, 1, 64, 1, 303.0, 6, 22.916085558498068
2, 195.0, 0, 62, 4, 310.0, 6, 21.580484864143042
2, 196.0, 1, 62, 1, 311.0, 6, 21.168981820897518
2, 197.0, 0, 61, 1, 310.0, 6, 20.46690124660485
2, 198.0, 0, 61, 2, 312.0, 5, 19.228650729179996
2, 199.0, 0, 59, 3, 322.0, 5, 19.212066225855228
2, 200.0, 1, 60, 0, 326.0, 5, 19.05106600115462
2, 201.0, 0, 58, 2, 335.0, 7, 19.40836517875104
2, 202.0, 1, 56, 2, 342.0, 8, 18.822199666197783
2, 203.0, 1, 55, 1, 353.0, 8, 19.876427800151387
2, 204.0, 0, 53, 2, 363.0, 8, 19.540842613586545
2, 205.0, 0, 52, 1, 376.0, 8, 20.949897127082075
2, 206.0, 1, 52, 0, 388.0, 8, 22.507332784340278
2, 207.0, 0, 51, 1, 394.0, 8, 21.739802957053097
2, 208.0, 0, 50, 1, 406.0, 8, 22.225342491432425
2, 209.0, 1, 48, 2, 418.0, 9, 21.496736179745437
2, 210.0, 1, 46, 2, 431.0, 8, 22.29175358906188
2, 211.0, 1, 43, 3, 444.0, 7, 23.299133426221562
2, 212.0, 0, 42, 1, 457.0, 6, 22.464615427217637
2, 213.0, 0, 40, 2, 469.0, 6, 22.44796939692035
2, 214.0, 1, 38, 2, 483.0, 5, 21.380658675450157
2, 215.0, 0, 37, 1, 498.0, 7, 22.20007547866245
2, 216.0, 0, 36, 1, 515.0, 7, 22.12733781900117
2, 217.0, 0, 35, 1, 533.0, 6, 21.69624342742065
2, 218.0, 0, 35, 0, 551.0, 6, 21.01097266493957
2, 219.0, 0, 35, 0, 546.0, 6, 20.20932202504949
2, 220.0, 1, 33, 2, 551.0, 5, 19.129864705077853
2, 221.0, 0, 33, 0, 559.0, 5, 17.179272214450613
2, 222.0, 1, 32, 1, 573.0, 5, 17.236840891741842
2, 223.0, 1, 30, 2, 587.0, 5, 16.49281591909954
2, 224.0, 0, 30, 0, 601.0, 5, 15.68605123716633
2, 225.0, 1, 26, 4, 615.0, 5, 15.120875058512594
2, 226.0, 0, 25, 1, 629.0, 4, 14.497725253407335
2, 227.0, 1, 24, 1, 632.0, 4, 14.565219116934097
2, 228.0, 0, 24, 0, 638.0, 4, 14.136974693755528
2, 229.0, 1, 24, 0, 650.0, 4, 13.623482512714757
2, 230.0, 1, 23, 1, 662.0, 4, 13.475810833217482
2, 231.0, 1, 23, 0, 674.0, 4, 12.986409424418182
2, 232.0, 1, 22, 1, 686.0, 4, 12.849704466348246
2, 233.0, 0, 21, 1, 698.0, 4, 12.587185084642
2, 234.0, 1, 21, 0, 710.0, 4, 12.48446699317756
2, 235.0, 0, 21, 0, 722.0, 4, 12.389194351733188
2, 236.0, 0, 19, 2, 734.0, 3, 12.4664454518464
2, 237.0, 0, 19, 0, 746.0, 3, 12.373229167927494
2, 238.0, 1, 18, 1, 758.0, 3, 12.160008921005184
2, 239.0, 0, 16, 2, 770.0, 2, 12.17318162751045
2, 240.0, 1, 15, 1, 782.0, 2, 12.218627929520684
2, 241.0, 1, 15, 0, 794.0, 2, 12.248841721614404
2, 242.0, 0, 15, 0, 806.0, 2, 12.347130013813876
2, 243.0, 0, 15, 0, 818.0, 2, 12.306859359258487
2, 244.0, 1, 13, 2, 830.0, 2, 12.151029623232684
2, 245.0, 0, 13, 0, 842.0, 2, 12.040620599543
2, 246.0, 1, 12, 1, 854.0, 1, 11.99987930759152
2, 247.0, 1, 12, 0, 866.0, 1, 11.999862234596215
2, 248.0, 0, 12, 0, 878.0, 1, 11.999885703552025
2, 249.0, 1, 12, 0, 890.0, 1, 11.999908215572901
2, 250.0, 0, 12, 0, 902.0, 1, 11.999912355577429
2, 251.0, 1, 12, 0, 914.0, 1, 11.999940243224017
2, 252.0, 1, 12, 0, 926.0, 1, 11.999944732872166
2, 253.0, 1, 12, 0, 938.0, 1, 11.999954648974409
2, 254.0, 1, 12, 0, 950.0, 1, 11.999938011246812
2, 255.0, 0, 12, 0, 962.0, 1, 11.999954329789873
2, 256.0, 0, 12, 0, 974.0, 1, 11.999952430008165
2, 257.0, 1, 12, 0, 986.0, 1, 11.99995181303946
2, 258.0, 1, 12, 0, 998.0, 1, 11.999961219349373
2, 259.0, 0, 12, 0, 1010.0, 1, 11.999935322016228
2, 260.0, 0, 12, 0, 1022.0, 1, 11.999950122367636
2, 261.0, 0, 12, 0, 1034.0, 1, 11.999951171121808
2, 262.0, 0, 12, 0, 1046.0, 1, 11.999959439391276
2, 263.0, 1, 12, 0, 1058.0, 1, 11.999951245672108
2, 264.0, 0, 12, 0, 1070.0, 1, 11.999940322293043
2, 265.0, 1, 12, 0, 1082.0, 1, 11.99992505969388
2, 266.0, 1, 12, 0, 1094.0, 1, 11.999907047495498
2, 267.0, 1, 12, 0, 1106.0, 1, 11.999924315169068
2, 268.0, 1, 12, 0, 1118.0, 1, 11.999903432905342
2, 269.0, 1, 12, 0, 1130.0, 1, 11.9999227985966
2, 270.0, 0, 12, 0, 1142.0, 1, 11.999932230266921
2, 271.0, 0, 12, 0, 1154.0, 1, 11.999950547148217
2, 272.0, 0, 12, 0, 1166.0, 1, 11.999941060945815
2, 273.0, 0, 12, 0, 1178.0, 1, 11.999947036345844
2, 274.0, 0, 12, 0, 1190.0, 1, 11.999943095141163
2, 275.0, 0, 12, 0, 1202.0, 1, 11.999936015096722
2, 276.0, 0, 12, 0, 1214.0, 1, 11.999940368688897
2, 277.0, 0, 12, 0, 1226.0, 1, 11.999953924091955
2, 278.0, 1, 12, 0, 1238.0, 1, 11.999937144514746
2, 279.0, 1, 12, 0, 1250.0, 1, 11.999913727245001
2, 280.0, 1, 12, 0, 1262.0, 1, 11.999916001781799
2, 281.0, 1, 12, 0, 1274.0, 1, 11.999928171184962
2, 282.0, 1, 12, 0, 1286.0, 1, 11.999929686376134
2, 283.0, 1, 12, 0, 1298.0, 1, 11.99991363891516
2, 284.0, 1, 12, 0, 1310.0, 1, 11.99992080042793
2, 285.0, 0, 12, 0, 1322.0, 1, 11.999929679094492
2, 286.0, 0, 12, 0, 1334.0, 1, 11.999945521062358
2, 287.0, 1, 12, 0, 1346.0, 1, 11.99995845995224
2, 288.0, 0, 12, 0, 1358.0, 1, 11.999946781797888
2, 289.0, 1, 12, 0, 1370.0, 1, 11.999934636480134
2, 290.0, 1, 12, 0, 1382.0, 1, 11.999948741303143
2, 291.0, 1, 12, 0, 1394.0, 1, 11.999935715209546
2, 292.0, 0, 12, 0, 1406.0, 1, 11.999914581106168
2, 293.0, 1, 12, 0, 1418.0, 1, 11.99990073411027
2, 294.0, 0, 12, 0, 1430.0, 1, 11.999886279876876
2, 295.0, 0, 12, 0, 1442.0, 1, 11.999887151339067
2, 296.0, 0, 12, 0, 1454.0, 1, 11.999919461467869
2, 297.0, 0, 12, 0, 1466.0, 1, 11.999897504896268
2, 298.0, 1, 12, 0, 1478.0, 1, 11.999887489685506
2, 299.0, 1, 12, 0, 1490.0, 1, 11.99986698265377
2, 300.0, 0, 12, 0, 1502.0, 1, 11.99989112710071
2, 301.0, 0, 12, 0, 1514.0, 1, 11.999871154673002
2, 302.0, 1, 12, 0, 1526.0, 1, 11.999879664180781
2, 303.0, 0, 12, 0, 1538.0, 1, 11.999869262736269
2, 304.0, 1, 12, 0, 1550.0, 1, 11.999868342244767
2, 305.0, 1, 12, 0, 1562.0, 1, 11.999882911889841
2, 306.0, 0, 12, 0, 1574.0, 1, 11.999899672994445
2, 307.0, 0, 12, 0, 1586.0, 1, 11.999877545491302
2, 308.0, 0, 12, 0, 1598.0, 1, 11.999899579704106
2, 309.0, 1, 12, 0, 1610.0, 1, 11.999875086300023
2, 310.0, 0, 12, 0, 1622.0, 1, 11.999894958265514
2, 311.0, 1, 12, 0, 1634.0, 1, 11.999873222964936
2, 312.0, 0, 12, 0, 1646.0, 1, 11.99989213307694
2, 313.0, 1, 12, 0, 1658.0, 1, 11.99990709335728
2, 314.0, 0, 12, 0, 1670.0, 1, 11.999887256942884
2, 315.0, 1, 12, 0, 1682.0, 1, 11.999917640806927
2, 316.0, 0, 12, 0, 1694.0, 1, 11.999928123000785
2, 317.0, 0, 12, 0, 1706.0, 1, 11.999940156869911
2, 318.0, 1, 12, 0, 1718.0, 1, 11.999935289320632
2, 319.0, 0, 12, 0, 1730.0, 1, 11.99993045627454
2, 320.0, 1, 12, 0, 1742.0, 1, 11.999935678498673
2, 321.0, 0, 12, 0, 1754.0, 1, 11.99993198480729
2, 322.0, 1, 12, 0, 1766.0, 1, 11.99994744200339
2, 323.0, 1, 12, 0, 1778.0, 1, 11.99993645662326
2, 324.0, 0, 12, 0, 1790.0, 1, 11.99991557722683
2, 325.0, 0, 12, 0, 1802.0, 1, 11.999915253075386
2, 326.0, 1, 12, 0, 1814.0, 1, 11.999898866861884
2, 327.0, 1, 12, 0, 1826.0, 1, 11.99991018875761
2, 328.0, 1, 12, 0, 1838.0, 1, 11.999932732460167
2, 329.0, 0, 12, 0, 1850.0, 1, 11.999928645164204
2, 330.0, 1, 12, 0, 1862.0, 1, 11.999929447294988
2, 331.0, 0, 12, 0, 1874.0, 1, 11.999934071847292
2, 332.0, 0, 12, 0, 1886.0, 1, 11.999938889471338
2, 333.0, 0, 12, 0, 1898.0, 1, 11.999950463215868
2, 334.0, 1, 12, 0, 1910.0, 1, 11.999939840160835
2, 335.0, 0, 12, 0, 1922.0, 1, 11.99994674924801
2, 336.0, 1, 12, 0, 1934.0, 1, 11.999949074890282
2, 337.0, 1, 12, 0, 1946.0, 1, 11.99992410218897
2, 338.0, 1, 12, 0, 1958.0, 1, 11.999925492231426
2, 339.0, 0, 12, 0, 1970.0, 1, 11.999933846535157
2, 340.0, 1, 12, 0, 1982.0, 1, 11.999949808143981
2, 341.0, 0, 12, 0, 1994.0, 1, 11.999950525701081
2, 342.0, 0, 12, 0, 2006.0, 1, 11.99994831502812
2, 343.0, 0, 12, 0, 2018.0, 1, 11.99995374003359
2, 344.0, 0, 12, 0, 2030.0, 1, 11.999945585101273
2, 345.0, 0, 12, 0, 2042.0, 1, 11.999944145167518
2, 346.0, 1, 12, 0, 2054.0, 1, 11.999932405680852
2, 347.0, 1, 12, 0, 2066.0, 1, 11.999947656206729
2, 348.0, 0, 12, 0, 2078.0, 1, 11.999943239853764
2, 349.0, 1, 12, 0, 2090.0, 1, 11.999922630570637
2, 350.0, 0, 12, 0, 2102.0, 1, 11.999919635726371
2, 351.0, 1, 12, 0, 2114.0, 1, 11.999942128567596
2, 352.0, 0, 12, 0, 2126.0, 1, 11.999923826228184
2, 353.0, 1, 12, 0, 2138.0, 1, 11.99994378430165
2, 354.0, 0, 12, 0, 2150.0, 1, 11.999933392927943
2, 355.0, 0, 12, 0, 2162.0, 1, 11.99993237438116
2, 356.0, 0, 12, 0, 2174.0, 1, 11.999930290958616
2, 357.0, 0, 12, 0, 2186.0, 1, 11.999905293082321
2, 358.0, 0, 12, 0, 2198.0, 1, 11.999896226814059
2, 359.0, 0, 12, 0, 2210.0, 1, 11.999924706374657
2, 360.0, 1, 12, 0, 2222.0, 1, 11.99990590899344
2, 361.0, 1, 12, 0, 2234.0, 1, 11.999879997937313
2, 362.0, 0, 12, 0, 2246.0, 1, 11.999905381895019
2, 363.0, 1, 12, 0, 2258.0, 1, 11.999935584229888
2, 364.0, 0, 12, 0, 2270.0, 1, 11.99992560912142
2, 365.0, 0, 12, 0, 2282.0, 1, 11.999944560529059
2, 366.0, 0, 12, 0, 2294.0, 1, 11.999921984123603
2, 367.0, 1, 12, 0, 2306.0, 1, 11.999927135992067
2, 368.0, 1, 12, 0, 2318.0, 1, 11.999900603759585
2, 369.0, 1, 12, 0, 2330.0, 1, 11.999912485569126
2, 370.0, 0, 12, 0, 2342.0, 1, 11.999910521742834
2, 371.0, 1, 12, 0, 2354.0, 1, 11.99991323575074
2, 372.0, 0, 12, 0, 2366.0, 1, 11.99993625313752
2, 373.0, 0, 12, 0, 2378.0, 1, 11.999919248636559
2, 374.0, 1, 12, 0, 2390.0, 1, 11.999903626554556
2, 375.0, 1, 12, 0, 2402.0, 1, 11.99988563473326
2, 376.0, 0, 12, 0, 2414.0, 1, 11.999912922920942
2, 377.0, 0, 12, 0, 2426.0, 1, 11.999943081048286
2, 378.0, 0, 12, 0, 2438.0, 1, 11.999956989415296
2, 379.0, 0, 12, 0, 2450.0, 1, 11.999948945775941
2, 380.0, 0, 12, 0, 2462.0, 1, 11.999949796633842
2, 381.0, 0, 12, 0, 2474.0, 1, 11.999946268085523
2, 382.0, 0, 12, 0, 2486.0, 1, 11.99992737904708
2, 383.0, 0, 12, 0, 2498.0, 1, 11.99994103243364
2, 384.0, 1, 12, 0, 2510.0, 1, 11.999917322324109
2, 385.0, 1, 12, 0, 2522.0, 1, 11.999894262594978
2, 386.0, 0, 12, 0, 2534.0, 1, 11.999903480808428
2, 387.0, 0, 12, 0, 2546.0, 1, 11.999888054377351
2, 388.0, 1, 12, 0, 2558.0, 1, 11.99991473892382
2, 389.0, 0, 12, 0, 2570.0, 1, 11.999903279958488
2, 390.0, 1, 12, 0, 2582.0, 1, 11.999932187874549
2, 391.0, 0, 12, 0, 2594.0, 1, 11.999950895574898
2, 392.0, 0, 12, 0, 2606.0, 1, 11.99994421398867
2, 393.0, 1, 12, 0, 2618.0, 1, 11.999931183025808
2, 394.0, 1, 12, 0, 2630.0, 1, 11.999943360602629
2, 395.0, 0, 12, 0, 2642.0, 1, 11.99993776929233
2, 396.0, 0, 12, 0, 2654.0, 1, 11.999929315370252
2, 397.0, 0, 12, 0, 2666.0, 1, 11.999920520476735
2, 398.0, 0, 12, 0, 2678.0, 1, 11.999914973871569
2, 399.0, 1, 12, 0, 2690.0, 1, 11.999915086250098
2, 400.0, 1, 12, 0, 2702.0, 1, 11.999923653625217
2, 401.0, 0, 12, 0, 2714.0, 1, 11.999936190528047
2, 402.0, 1, 12, 0, 2726.0, 1, 11.999945000626354
2, 403.0, 1, 12, 0, 2738.0, 1, 11.999957772861364
2, 404.0, 0, 12, 0, 2750.0, 1, 11.999938677051261
2, 405.0, 0, 12, 0, 2762.0, 1, 11.999934003896726
2, 406.0, 0, 12, 0, 2774.0, 1, 11.999932991436197
2, 407.0, 0, 12, 0, 2786.0, 1, 11.999940560424477
2, 408.0, 1, 12, 0, 2798.0, 1, 11.999934922948114
2, 409.0, 0, 12, 0, 2810.0, 1, 11.999912154480171
2, 410.0, 1, 12, 0, 2822.0, 1, 11.999890329056257
2, 411.0, 0, 12, 0, 2834.0, 1, 11.999889251650927
2, 412.0, 0, 12, 0, 2846.0, 1, 11.999865446504486
2, 413.0, 0, 12, 0, 2858.0, 1, 11.99988824677041
2, 414.0, 0, 12, 0, 2870.0, 1, 11.999875368300934
2, 415.0, 1, 12, 0, 2882.0, 1, 11.999883425472603
2, 416.0, 1, 12, 0, 2894.0, 1, 11.999920869072525
2, 417.0, 0, 12, 0, 2906.0, 1, 11.99991574928805
2, 418.0, 1, 12, 0, 2918.0, 1, 11.999906195222366
2, 419.0, 1, 12, 0, 2930.0, 1, 11.999908922481211
2, 420.0, 1, 12, 0, 2942.0, 1, 11.999892990833132
2, 421.0, 1, 12, 0, 2954.0, 1, 11.999878184242107
2, 422.0, 0, 12, 0, 2966.0, 1, 11.9998701290437
2, 423.0, 1, 12, 0, 2978.0, 1, 11.999861364340518
2, 424.0, 1, 12, 0, 2990.0, 1, 11.999867956733112
2, 425.0, 1, 12, 0, 3002.0, 1, 11.999916490513499
2, 426.0, 1, 12, 0, 3014.0, 1, 11.99992759561951
2, 427.0, 1, 12, 0, 3026.0, 1, 11.999937136309768
2, 428.0, 1, 12, 0, 3038.0, 1, 11.99992760548173
2, 429.0, 0, 12, 0, 3050.0, 1, 11.999902440739447
2, 430.0, 0, 12, 0, 3062.0, 1, 11.999876979692829
2, 431.0, 1, 12, 0, 3074.0, 1, 11.99985379855633
2, 432.0, 0, 12, 0, 3086.0, 1, 11.999835605961664
2, 433.0, 0, 12, 0, 3098.0, 1, 11.999824630812611
2, 434.0, 0, 12, 0, 3110.0, 1, 11.999839881040998
2, 435.0, 1, 12, 0, 3122.0, 1, 11.999906984791437
2, 436.0, 0, 12, 0, 3134.0, 1, 11.999916260683335
2, 437.0, 0, 12, 0, 3146.0, 1, 11.999928263964705
2, 438.0, 0, 12, 0, 3158.0, 1, 11.999946691665627
2, 439.0, 1, 12, 0, 2869.0, 1, 11.999955312750387
2, 440.0, 1, 12, 0, 2281.0, 1, 10.968087684527518
2, 441.0, 0, 12, 0, 2290.0, 1, 9.94067993354588
2, 442.0, 0, 12, 0, 2010.0, 1, 9.655481893536688
2, 443.0, 1, 12, 0, 1201.0, 1, 9.149766060116946
2, 444.0, 0, 12, 0, 479.0, 1, 8.383742430260895
2, 445.0, 0, 12, 0, 243.0, 1, 7.28159399932818
2, 446.0, 1, 12, 0, 244.0, 1, 6.1347582812569215
2, 447.0, 0, 12, 0, 245.0, 1, 5.0893626951068995
2, 448.0, 0, 12, 0, 246.0, 1, 4.057055608631686
2, 449.0, 0, 12, 0, 247.0, 1, 2.769805173213342
2, 450.0, 0, 12, 0, 248.0, 1, 1.9448208163968275
2, 451.0, 0, 12, 0, 0.0, 1, 1.4855677167779788
2, 452.0, 1, 11, 1, 0.0, 0, 1.2552890625619852
2, 453.0, 0, 11, 0, 0.0, 0, 1.0938213048564762
2, 454.0, 0, 10, 1, 0.0, 0, 0.8988914192357811
2, 455.0, 1, 10, 0, 0.0, 0, 0.705238750825032
2, 456.0, 0, 9, 1, 0.0, 0, 0.6867726547788209
2, 457.0, 0, 9, 0, 0.0, 0, 0.6134135347206779
2, 458.0, 0, 9, 0, 0.0, 0, 0.42468866012217177
2, 459.0, 0, 9, 0, 0.0, 0, 0.5474965659949476
2, 460.0, 0, 9, 0, 0.0, 0, 0.5044382040520929
2, 461.0, 0, 6, 3, 0.0, 0, 0.31556283505287297
2, 462.0, 0, 4, 2, 0.0, 0, 0.33571199066796
2, 463.0, 0, 3, 1, 0.0, 0, 0.20130258848831772
2, 464.0, 1, 3, 0, 0.0, 0, 0.07788645555490348
2, 465.0, 0, 1, 2, 0.0, 0, 0.06707835920968819
2, 466.0, 1, 1, 0, 0.0, 0, 0.05737574150805358
2, 467.0, 0, 0, 1, 0, 0, 0
3, 1.0, 0, 2, 0, 0.0, 0, 0.0
3, 2.0, 1, 3, 0, 0.0, 0, 1.0814256854756554
3, 3.0, 0, 5, 0, 0.0, 0, 1.2559462905827157
3, 4.0, 0, 7, 0, 0.0, 0, 1.2603760180273869
3, 5.0, 1, 9, 0, 0.0, 0, 1.356365191048412
3, 6.0, 0, 9, 0, 0.0, 0, 1.287337457469642
3, 7.0, 0, 10, 0, 0.0, 0, 0.9556235514719723
3, 8.0, 0, 11, 0, 0.0, 0, 1.168230593310705
3, 9.0, 0, 12, 0, 0.0, 0, 1.3211245838572987
3, 10.0, 1, 15, 0, 0.0, 0, 1.8521160770279796
3, 11.0, 0, 16, 0, 0.0, 0, 2.9419051546901827
3, 12.0, 1, 18, 0, 0.0, 0, 2.8876295036796016
3, 13.0, 0, 18, 0, 0.0, 0, 2.720156437886603
3, 14.0, 0, 20, 0, 0.0, 0, 2.705338279943629
3, 15.0, 1, 22, 0, 0.0, 1, 3.6513570054935833
3, 16.0, 0, 23, 0, 0.0, 1, 4.3141470430297515
3, 17.0, 0, 23, 0, 1.0, 1, 4.679227689454196
3, 18.0, 1, 25, 0, 2.0, 1, 4.273149264535239
3, 19.0, 0, 25, 0, 1.0, 1, 6.285844691724199
3, 20.0, 0, 27, 0, 2.0, 1, 7.270562044374222
3, 21.0, 0, 27, 0, 2.0, 1, 8.068287705761199
3, 22.0, 0, 28, 0, 4.0, 1, 8.035538297701464
3, 23.0, 1, 30, 0, 0.0, 2, 8.635773220963765
3, 24.0, 1, 31, 0, 0.0, 2, 8.819082812053026
3, 25.0, 0, 33, 0, 1.0, 4, 10.174220839988381
3, 26.0, 0, 36, 0, 3.0, 4, 11.143136680847714
3, 27.0, 1, 38, 0, 0.0, 4, 10.541559963698788
3, 28.0, 0, 40, 0, 0.0, 5, 11.542827579002124
3, 29.0, 0, 41, 0, 2.0, 5, 12.915023029264377
3, 30.0, 1, 41, 0, 2.0, 5, 10.924695400908671
3, 31.0, 1, 46, 0, 3.0, 5, 9.132949195547711
3, 32.0, 0, 47, 1, 5.0, 5, 11.349752341102175
3, 33.0, 0, 46, 1, 5.0, 5, 11.164610639375642
3, 34.0, 1, 47, 0, 10.0, 5, 9.89673527063774
3, 35.0, 1, 47, 1, 11.0, 5, 9.747348761439483
3, 36.0, 1, 47, 1, 15.0, 5, 9.844627789572549
3, 37.0, 1, 47, 1, 19.0, 5, 11.239905073101054
3, 38.0, 1, 47, 1, 17.0, 5, 11.547498523352935
3, 39.0, 0, 48, 1, 20.0, 4, 12.12518031402777
3, 40.0, 0, 50, 2, 25.0, 4, 13.51959797515575
3, 41.0, 0, 49, 1, 21.0, 3, 15.975627955069292
3, 42.0, 0, 50, 1, 13.0, 2, 15.61910282148728
3, 43.0, 0, 53, 0, 9.0, 2, 15.357174868421495
3, 44.0, 1, 54, 1, 2.0, 3, 15.026572159501539
3, 45.0, 1, 51, 3, 3.0, 2, 13.812094360024211
3, 46.0, 1, 51, 1, 1.0, 1, 12.930088601113066
3, 47.0, 1, 55, 0, 3.0, 1, 12.194214631333589
3, 48.0, 1, 55, 0, 6.0, 1, 14.263951958317778
3, 49.0, 0, 54, 1, 5.0, 1, 12.738670438085897
3, 50.0, 1, 56, 0, 5.0, 1, 11.28680037494764
3, 51.0, 1, 57, 2, 7.0, 1, 12.81588223236713
3, 52.0, 1, 57, 1, 11.0, 1, 13.0514361856361
3, 53.0, 1, 55, 3, 15.0, 1, 13.76757679757877
3, 54.0, 0, 56, 1, 12.0, 2, 13.197940744349818
3, 55.0, 0, 54, 2, 11.0, 2, 14.538499257453022
3, 56.0, 1, 54, 2, 13.0, 2, 15.54865962781646
3, 57.0, 1, 53, 2, 17.0, 2, 16.23042852306246
3, 58.0, 0, 52, 1, 15.0, 2, 14.2802339758448
3, 59.0, 1, 52, 1, 19.0, 2, 12.963411936421865
3, 60.0, 0, 50, 3, 23.0, 2, 13.767915910984492
3, 61.0, 1, 48, 4, 27.0, 3, 15.007525526666948
3, 62.0, 1, 50, 1, 32.0, 3, 15.5811352842444
3, 63.0, 1, 51, 0, 39.0, 3, 16.933551195303323
3, 64.0, 1, 52, 1, 38.0, 3, 17.35722832895473
3, 65.0, 0, 51, 1, 19.0, 3, 18.54482090226844
3, 66.0, 0, 52, 1, 16.0, 3, 17.3094837572737
3, 67.0, 1, 49, 3, 16.0, 3, 17.34090876652605
3, 68.0, 1, 50, 0, 16.0, 3, 16.764944129710816
3, 69.0, 0, 48, 2, 16.0, 5, 17.93656855363582
3, 70.0, 1, 47, 1, 19.0, 5, 15.774110661915406
3, 71.0, 0, 48, 0, 22.0, 5, 14.39839943375599
3, 72.0, 0, 49, 1, 25.0, 5, 15.150107501333725
3, 73.0, 0, 48, 3, 29.0, 5, 14.912312072360306
3, 74.0, 0, 47, 1, 33.0, 5, 15.88050056700526
3, 75.0, 0, 48, 2, 36.0, 5, 15.835748212324964
3, 76.0, 1, 50, 1, 27.0, 5, 15.713562728950734
3, 77.0, 0, 50, 1, 29.0, 4, 17.476788154161717
3, 78.0, 1, 50, 0, 9.0, 4, 17.413033917484796
3, 79.0, 1, 48, 3, 11.0, 4, 16.208030669059283
3, 80.0, 1, 49, 0, 14.0, 4, 15.829307688103817
3, 81.0, 0, 48, 2, 18.0, 5, 16.00872593781246
3, 82.0, 1, 51, 0, 23.0, 5, 14.385147795058861
3, 83.0, 0, 52, 0, 26.0, 5, 15.05953046469139
3, 84.0, 1, 50, 2, 31.0, 5, 13.84128335563379
3, 85.0, 0, 51, 2, 37.0, 6, 14.177793082220232
3, 86.0, 1, 48, 3, 43.0, 7, 14.524633506047328
3, 87.0, 0, 48, 0, 50.0, 9, 14.390692402600752
3, 88.0, 0, 50, 0, 40.0, 9, 15.021976965161189
3, 89.0, 0, 46, 4, 48.0, 8, 16.637107682677556
3, 90.0, 0, 48, 0, 57.0, 8, 16.445921851041998
3, 91.0, 0, 50, 0, 62.0, 8, 17.497699595256194
3, 92.0, 0, 50, 1, 72.0, 8, 17.680369660971895
3, 93.0, 1, 51, 0, 49.0, 8, 16.360156157657066
3, 94.0, 0, 51, 2, 40.0, 8, 15.456677928337344
3, 95.0, 1, 48, 3, 30.0, 9, 15.6915382794356
3, 96.0, 1, 47, 2, 22.0, 9, 14.498258575065902
3, 97.0, 1, 46, 2, 15.0, 8, 14.90134258883964
3, 98.0, 0, 47, 1, 9.0, 8, 14.87874260872052
3, 99.0, 1, 49, 1, 11.0, 8, 13.782575958949948
3, 100.0, 1, 49, 2, 8.0, 7, 13.251691099172307
3, 101.0, 0, 49, 1, 2.0, 6, 12.342118966511803
3, 102.0, 1, 50, 0, 0.0, 6, 11.537604721547892
3, 103.0, 1, 54, 0, 0.0, 6, 11.251304968836868
3, 104.0, 1, 55, 0, 0.0, 6, 10.722663310426356
3, 105.0, 1, 54, 2, 0.0, 6, 10.880517033160329
3, 106.0, 1, 54, 1, 1.0, 6, 11.312829975738481
3, 107.0, 1, 53, 1, 3.0, 6, 9.946434304161347
3, 108.0, 0, 51, 3, 1.0, 6, 9.51906206676615
3, 109.0, 1, 50, 1, 1.0, 5, 8.295155003395335
3, 110.0, 1, 52, 0, 0.0, 5, 8.985269172407046
3, 111.0, 0, 49, 3, 0.0, 5, 10.034885583281277
3, 112.0, 1, 49, 0, 0.0, 7, 8.89793797686082
3, 113.0, 1, 48, 3, 0.0, 6, 9.427214180978666
3, 114.0, 1, 45, 4, 1.0, 5, 9.496591052532228
3, 115.0, 1, 45, 1, 2.0, 4, 9.960700713677738
3, 116.0, 0, 48, 1, 0.0, 4, 10.493226940837491
3, 117.0, 0, 48, 1, 0.0, 4, 11.168781110904716
3, 118.0, 1, 46, 4, 0.0, 3, 9.0702172685038
3, 119.0, 0, 45, 2, 0.0, 3, 9.523756215760848
3, 120.0, 0, 45, 2, 0.0, 3, 10.054562344546444
3, 121.0, 0, 46, 2, 0.0, 3, 9.767391184136034
3, 122.0, 1, 48, 1, 2.0, 3, 10.601083576468255
3, 123.0, 1, 48, 3, 5.0, 3, 10.297835903924016
3, 124.0, 0, 49, 0, 4.0, 4, 11.181311000468789
3, 125.0, 1, 50, 0, 4.0, 4, 9.924167792418046
3, 126.0, 1, 50, 0, 5.0, 4, 10.022639033373352
3, 127.0, 0, 48, 3, 0.0, 3, 9.670318289512947
3, 128.0, 1, 47, 2, 0.0, 3, 8.526777671135354
3, 129.0, 0, 47, 3, 0.0, 5, 9.603093955024532
3, 130.0, 0, 47, 1, 1.0, 5, 11.62154153710772
3, 131.0, 0, 46, 2, 5.0, 5, 12.059072484974154
3, 132.0, 1, 45, 2, 3.0, 5, 10.798153420278036
3, 133.0, 0, 45, 0, 6.0, 7, 11.501881136325986
3, 134.0, 1, 46, 1, 6.0, 8, 12.997567869649624
3, 135.0, 0, 49, 0, 4.0, 9, 13.858197913257168
3, 136.0, 0, 49, 1, 7.0, 9, 14.120855578511566
3, 137.0, 0, 48, 1, 10.0, 9, 14.46062892333115
3, 138.0, 0, 50, 0, 14.0, 9, 15.458673772469526
3, 139.0, 0, 48, 2, 20.0, 9, 16.10044814854142
3, 140.0, 1, 49, 1, 15.0, 8, 15.144798686060021
3, 141.0, 1, 49, 3, 16.0, 8, 15.96476299099809
3, 142.0, 0, 49, 1, 8.0, 8, 16.475758377475046
3, 143.0, 1, 49, 1, 11.0, 8, 14.413701634666278
3, 144.0, 0, 48, 1, 14.0, 8, 14.447849169436017
3, 145.0, 0, 49, 0, 14.0, 8, 12.693375242709026
3, 146.0, 0, 47, 3, 18.0, 7, 12.58197123567004
3, 147.0, 0, 48, 0, 23.0, 7, 13.00585863208353
3, 148.0, 0, 46, 2, 25.0, 6, 13.103028469241382
3, 149.0, 1, 47, 0, 24.0, 6, 13.554967424287016
3, 150.0, 0, 48, 0, 9.0, 6, 13.073688702328257
3, 151.0, 0, 49, 2, 11.0, 5, 12.556842654826577
3, 152.0, 0, 46, 3, 13.0, 5, 12.144042988691908
3, 153.0, 1, 45, 2, 15.0, 4, 11.082683066194601
3, 154.0, 0, 46, 0, 12.0, 5, 12.077708888924535
3, 155.0, 0, 45, 3, 14.0, 5, 12.850304671036094
3, 156.0, 1, 46, 1, 15.0, 5, 11.044052219772345
3, 157.0, 0, 45, 1, 15.0, 5, 10.888963896894493
3, 158.0, 1, 44, 3, 18.0, 4, 10.271517432114248
3, 159.0, 0, 43, 3, 23.0, 4, 11.022891505953012
3, 160.0, 0, 44, 0, 11.0, 4, 12.267505306305326
3, 161.0, 0, 43, 1, 16.0, 4, 12.672807117963346
3, 162.0, 1, 43, 1, 9.0, 4, 10.859316869314737
3, 163.0, 0, 44, 0, 12.0, 6, 11.344551936284933
3, 164.0, 0, 45, 1, 15.0, 6, 11.005666021656651
3, 165.0, 1, 42, 3, 7.0, 6, 10.835456525132859
3, 166.0, 1, 44, 1, 8.0, 6, 9.775715597493273
3, 167.0, 1, 43, 1, 9.0, 6, 9.858446320470497
3, 168.0, 0, 46, 0, 10.0, 6, 9.427906834066649
3, 169.0, 0, 44, 3, 11.0, 6, 10.169104178359039
3, 170.0, 1, 44, 1, 0.0, 6, 8.925293696474348
3, 171.0, 0, 44, 3, 1.0, 5, 10.6464023132233
3, 172.0, 0, 45, 0, 4.0, 5, 11.397495763224216
3, 173.0, 0, 46, 2, 7.0, 4, 11.604328239160534
3, 174.0, 1, 49, 0, 0.0, 4, 10.389837621595536
3, 175.0, 0, 53, 0, 1.0, 5, 11.04178108488533
3, 176.0, 0, 54, 0, 3.0, 5, 11.168813865571654
3, 177.0, 1, 53, 1, 0.0, 5, 8.961260048704315
3, 178.0, 1, 52, 3, 0.0, 4, 8.096523093390477
3, 179.0, 1, 50, 2, 0.0, 3, 10.661325541622436
3, 180.0, 0, 48, 2, 0.0, 4, 10.468935066099228
3, 181.0, 1, 49, 0, 1.0, 4, 10.22257499971684
3, 182.0, 0, 49, 1, 0.0, 5, 10.563564887863318
3, 183.0, 1, 47, 2, 4.0, 6, 10.364604802436835
3, 184.0, 1, 47, 0, 9.0, 6, 11.309531449052265
3, 185.0, 1, 44, 4, 14.0, 5, 13.511114136726517
3, 186.0, 0, 48, 1, 12.0, 6, 15.799418484633861
3, 187.0, 1, 49, 1, 17.0, 7, 18.701488998723455
3, 188.0, 0, 48, 2, 15.0, 7, 20.05838019321177
3, 189.0, 1, 48, 1, 19.0, 7, 17.910183911007316
3, 190.0, 0, 51, 0, 17.0, 8, 17.75076058354975
3, 191.0, 0, 51, 2, 15.0, 8, 17.845654760941137
3, 192.0, 0, 52, 0, 21.0, 8, 17.64734585409529
3, 193.0, 1, 54, 1, 24.0, 8, 15.678545895057779
3, 194.0, 0, 52, 3, 29.0, 9, 14.80298174361848
3, 195.0, 1, 54, 0, 35.0, 9, 13.395507295968262
3, 196.0, 1, 55, 0, 35.0, 9, 13.88725505168945
3, 197.0, 1, 54, 1, 27.0, 9, 13.626354095455008
3, 198.0, 1, 53, 3, 21.0, 9, 12.314288554928282
3, 199.0, 1, 53, 1, 24.0, 8, 11.830631560557844
3, 200.0, 1, 53, 1, 27.0, 8, 10.908886210049628
3, 201.0, 0, 52, 1, 27.0, 10, 12.490110825423404
3, 202.0, 0, 50, 2, 30.0, 9, 12.855857752240437
3, 203.0, 1, 49, 1, 14.0, 8, 11.39102076917987
3, 204.0, 1, 47, 2, 16.0, 7, 10.907612802947854
3, 205.0, 0, 45, 2, 20.0, 7, 12.647555256189733
3, 206.0, 0, 42, 3, 26.0, 5, 13.717966279969726
3, 207.0, 0, 42, 0, 28.0, 5, 14.353978369050715
3, 208.0, 0, 41, 1, 36.0, 5, 15.166269655276544
3, 209.0, 1, 38, 3, 32.0, 4, 15.806355214314873
3, 210.0, 0, 35, 3, 37.0, 3, 16.33915315107337
3, 211.0, 1, 35, 0, 44.0, 3, 16.97045816627684
3, 212.0, 0, 33, 2, 51.0, 3, 17.260859848539837
3, 213.0, 1, 32, 1, 61.0, 3, 17.12737356770921
3, 214.0, 0, 29, 3, 61.0, 2, 16.714044121419356
3, 215.0, 1, 29, 0, 72.0, 2, 15.34824745233976
3, 216.0, 0, 29, 0, 80.0, 2, 14.51229472306099
3, 217.0, 1, 28, 1, 91.0, 1, 14.851255458023262
3, 218.0, 1, 27, 1, 102.0, 1, 14.117122246065017
3, 219.0, 1, 26, 1, 99.0, 1, 14.01686229733431
3, 220.0, 0, 24, 2, 109.0, 1, 13.271771776327196
3, 221.0, 0, 24, 0, 112.0, 1, 12.717746805958534
3, 222.0, 0, 24, 0, 118.0, 1, 12.215647872183606
3, 223.0, 0, 23, 1, 126.0, 1, 11.207086129561795
3, 224.0, 0, 23, 0, 134.0, 1, 10.548808452026586
3, 225.0, 0, 20, 3, 142.0, 1, 9.923744048550615
3, 226.0, 0, 20, 0, 150.0, 1, 9.442163897971671
3, 227.0, 0, 19, 1, 158.0, 1, 8.844928919968588
3, 228.0, 1, 19, 0, 147.0, 1, 8.373362508464979
3, 229.0, 1, 19, 0, 135.0, 1, 8.067276797875415
3, 230.0, 0, 17, 2, 96.0, 1, 7.438146650699788
3, 231.0, 0, 16, 1, 57.0, 1, 7.286657760552663
3, 232.0, 1, 16, 0, 0.0, 1, 5.88541902485843
3, 233.0, 0, 15, 1, 0.0, 1, 4.658304541032425
3, 234.0, 0, 14, 1, 0.0, 1, 4.046270986179664
3, 235.0, 1, 13, 1, 0.0, 1, 2.9484762412848973
3, 236.0, 1, 13, 0, 0.0, 1, 3.1562111916290654
3, 237.0, 0, 13, 0, 0.0, 1, 2.5687532987610027
3, 238.0, 0, 12, 1, 0.0, 1, 2.2092798357429047
3, 239.0, 1, 12, 0, 0.0, 1, 2.0713503652723944
3, 240.0, 0, 12, 0, 0.0, 1, 1.7095070070161444
3, 241.0, 1, 12, 0, 0.0, 1, 1.8601151061712748
3, 242.0, 1, 11, 1, 0.0, 1, 1.1870131123669605
3, 243.0, 0, 10, 1, 0.0, 1, 1.195782560938607
3, 244.0, 0, 8, 2, 0.0, 1, 1.4834220788911772
3, 245.0, 0, 7, 1, 0.0, 1, 0.9506074206704795
3, 246.0, 0, 7, 0, 0.0, 1, 0.6760752423982268
3, 247.0, 1, 5, 2, 0.0, 1, 0.369932840939331
3, 248.0, 1, 5, 0, 0.0, 1, 0.18255355300499687
3, 249.0, 1, 4, 1, 0.0, 1, 0.24474204533858668
3, 250.0, 1, 2, 2, 0.0, 0, 0.05972368620043156
3, 251.0, 0, 2, 0, 0.0, 0, 0.10736484220831954
3, 252.0, 0, 2, 0, 0.0, 0, 0.15096709083224624
3, 253.0, 0, 2, 0, 0.0, 0, 0.04996995296482609
3, 254.0, 1, 1, 1, 0.0, 0, 0.05716374894191745
3, 255.0, 0, 1, 0, 0.0, 0, 0.06446233142341384
3, 256.0, 1, 1, 0, 0.0, 0, 0.09021939862082462
3, 257.0, 0, 1, 0, 0.0, 0, 0.014979996155311426
3, 258.0, 1, 1, 0, 0.0, 0, 0.05849763543778863
3, 259.0, 0, 0, 1, 0, 0, 0
4, 1.0, 0, 2, 0, 0.0, 0, 0.0
4, 2.0, 0, 3, 0, 0.0, 0, 1.0814256854756554
4, 3.0, 0, 5, 0, 0.0, 0, 1.2559462905827157
4, 4.0, 1, 7, 0, 0.0, 0, 1.2603760180273869
4, 5.0, 1, 9, 0, 0.0, 0, 1.356365191048412
4, 6.0, 0, 9, 0, 0.0, 0, 1.2083235416804996
4, 7.0, 0, 10, 0, 0.0, 0, 1.0113279673831101
4, 8.0, 1, 11, 0, 0.0, 0, 1.129802691208996
4, 9.0, 1, 12, 0, 0.0, 0, 1.3450565739990277
4, 10.0, 0, 15, 0, 0.0, 0, 1.7333175264498455
4, 11.0, 1, 16, 0, 0.0, 0, 2.751010520974618
4, 12.0, 0, 18, 0, 0.0, 0, 2.8137537214736805
4, 13.0, 1, 18, 0, 0.0, 0, 2.713157103205558
4, 14.0, 0, 20, 0, 0.0, 0, 2.7331254945607317
4, 15.0, 1, 22, 0, 0.0, 1, 3.743868916799795
4, 16.0, 1, 23, 0, 1.0, 1, 5.170771690008155
4, 17.0, 1, 23, 0, 3.0, 1, 5.785839772500602
4, 18.0, 1, 25, 0, 5.0, 1, 6.150389801091704
4, 19.0, 1, 25, 0, 8.0, 1, 8.039862522156126
4, 20.0, 1, 27, 0, 12.0, 1, 7.567150420674796
4, 21.0, 0, 28, 0, 5.0, 2, 8.769535792290052
4, 22.0, 0, 28, 0, 0.0, 2, 9.291353647781962
4, 23.0, 0, 30, 0, 1.0, 2, 9.11004662674113
4, 24.0, 1, 31, 0, 1.0, 3, 9.36814228575361
4, 25.0, 1, 33, 0, 2.0, 3, 9.611783532649607
4, 26.0, 0, 36, 0, 1.0, 3, 10.52518989020175
4, 27.0, 1, 38, 0, 1.0, 3, 11.154675757938543
4, 28.0, 0, 40, 0, 6.0, 4, 12.944413692798753
4, 29.0, 0, 41, 0, 8.0, 5, 14.180170528046824
4, 30.0, 0, 41, 0, 12.0, 5, 14.118741133801345
4, 31.0, 1, 46, 0, 12.0, 5, 12.507440919159345
4, 32.0, 0, 47, 1, 13.0, 5, 12.59592198669785
4, 33.0, 0, 46, 1, 13.0, 5, 12.927528376470358
4, 34.0, 0, 47, 0, 15.0, 5, 13.526322659154348
4, 35.0, 1, 48, 0, 8.0, 5, 11.824194883378762
4, 36.0, 1, 48, 1, 10.0, 5, 11.729648560623744
4, 37.0, 1, 49, 0, 2.0, 5, 10.758351204706758
4, 38.0, 1, 49, 1, 0.0, 5, 10.288522710448055
4, 39.0, 0, 51, 0, 0.0, 6, 10.248855924689822
4, 40.0, 1, 53, 2, 0.0, 7, 11.680609553997996
4, 41.0, 1, 50, 3, 1.0, 6, 11.985094493769095
4, 42.0, 0, 51, 1, 0.0, 7, 12.04228211350802
4, 43.0, 0, 54, 0, 1.0, 7, 13.361886154525157
4, 44.0, 0, 56, 0, 2.0, 7, 14.91529296675921
4, 45.0, 0, 56, 0, 4.0, 7, 14.958164619978676
4, 46.0, 0, 56, 1, 8.0, 7, 15.388236965799612
4, 47.0, 1, 60, 0, 1.0, 7, 14.489598605183401
4, 48.0, 1, 56, 4, 0.0, 5, 16.51215890014862
4, 49.0, 1, 53, 3, 1.0, 5, 15.401404199993824
4, 50.0, 0, 53, 2, 0.0, 4, 14.631095501273506
4, 51.0, 1, 53, 2, 2.0, 6, 13.1999987255344
4, 52.0, 0, 54, 1, 5.0, 6, 13.95440038789313
4, 53.0, 0, 53, 2, 9.0, 5, 14.20913117282858
4, 54.0, 1, 53, 2, 6.0, 5, 12.75516622174721
4, 55.0, 1, 51, 2, 8.0, 6, 16.20706901890989
4, 56.0, 0, 53, 0, 11.0, 7, 16.1593141412656
4, 57.0, 0, 50, 4, 16.0, 7, 17.429203081516746
4, 58.0, 1, 50, 0, 19.0, 7, 16.138179851872344
4, 59.0, 0, 50, 1, 14.0, 7, 14.788219477643485
4, 60.0, 1, 51, 0, 11.0, 7, 16.45526863434968
4, 61.0, 1, 53, 0, 14.0, 7, 15.545561414606453
4, 62.0, 0, 56, 0, 15.0, 9, 16.487065517766165
4, 63.0, 0, 55, 2, 21.0, 7, 17.498568263699017
4, 64.0, 0, 55, 2, 27.0, 7, 17.131281625292107
4, 65.0, 0, 54, 1, 34.0, 7, 18.557842489226182
4, 66.0, 0, 53, 3, 43.0, 7, 18.195451066747257
4, 67.0, 0, 50, 3, 54.0, 6, 18.72458827663425
4, 68.0, 0, 49, 2, 57.0, 6, 19.345411245446133
4, 69.0, 1, 49, 0, 47.0, 6, 18.937960193343795
4, 70.0, 0, 47, 2, 35.0, 6, 18.580027461835584
4, 71.0, 0, 48, 0, 42.0, 6, 18.38896734736805
4, 72.0, 1, 49, 1, 40.0, 6, 17.883339287768386
4, 73.0, 1, 51, 0, 43.0, 6, 18.16689482341473
4, 74.0, 1, 49, 2, 31.0, 5, 19.379739202643687
4, 75.0, 1, 51, 1, 33.0, 5, 18.930029201254015
4, 76.0, 1, 52, 2, 37.0, 5, 19.025473042912893
4, 77.0, 0, 52, 1, 37.0, 5, 18.82186194561405
4, 78.0, 1, 50, 2, 44.0, 4, 18.411785057813134
4, 79.0, 1, 51, 0, 53.0, 4, 17.63856879323317
4, 80.0, 0, 52, 0, 61.0, 4, 17.889406942604204
4, 81.0, 0, 50, 3, 71.0, 3, 16.72379350648665
4, 82.0, 0, 52, 1, 82.0, 3, 16.771425445084425
4, 83.0, 1, 52, 1, 66.0, 3, 16.149320913594494
4, 84.0, 1, 50, 2, 57.0, 4, 15.749675007051291
4, 85.0, 1, 53, 0, 33.0, 4, 15.823571889888534
4, 86.0, 1, 52, 1, 30.0, 4, 16.739322660129694
4, 87.0, 0, 51, 1, 14.0, 4, 16.055192386449185
4, 88.0, 1, 51, 2, 5.0, 4, 14.938156477059394
4, 89.0, 0, 50, 1, 5.0, 3, 14.741801117454528
4, 90.0, 1, 52, 0, 3.0, 4, 14.35120808485306
4, 91.0, 1, 52, 2, 6.0, 4, 12.98266619829012
4, 92.0, 0, 51, 2, 6.0, 5, 14.375340962006762
4, 93.0, 0, 51, 1, 8.0, 5, 13.440196782378335
4, 94.0, 0, 53, 0, 11.0, 5, 14.035899196384452
4, 95.0, 0, 50, 3, 15.0, 5, 14.573319065292505
4, 96.0, 1, 50, 1, 12.0, 4, 13.372032223291868
4, 97.0, 0, 50, 1, 4.0, 4, 13.753977584443717
4, 98.0, 1, 50, 2, 8.0, 4, 14.148328981093021
4, 99.0, 1, 53, 0, 8.0, 4, 13.994434857628828
4, 100.0, 1, 52, 3, 4.0, 4, 13.85120345895288
4, 101.0, 1, 50, 3, 3.0, 4, 12.94399350522146
4, 102.0, 0, 51, 0, 1.0, 5, 13.010968936432409
4, 103.0, 1, 52, 3, 0.0, 5, 11.121615828044897
4, 104.0, 1, 51, 2, 0.0, 5, 11.942588417413914
4, 105.0, 0, 50, 2, 0.0, 4, 10.990405214418423
4, 106.0, 1, 50, 1, 0.0, 4, 8.400420811527992
4, 107.0, 0, 48, 2, 0.0, 4, 8.872379337696529
4, 108.0, 1, 48, 1, 1.0, 4, 8.454340313581705
4, 109.0, 0, 47, 1, 2.0, 5, 8.30771469879046
4, 110.0, 0, 48, 1, 0.0, 4, 9.443144827644495
4, 111.0, 0, 48, 0, 1.0, 4, 10.829142229275583
4, 112.0, 0, 46, 2, 2.0, 4, 11.48798389570828
4, 113.0, 1, 46, 2, 1.0, 4, 11.68320813993976
4, 114.0, 1, 45, 2, 3.0, 4, 11.251172612870175
4, 115.0, 1, 45, 1, 6.0, 4, 13.181234297166966
4, 116.0, 0, 47, 2, 3.0, 3, 13.448072176471294
4, 117.0, 0, 47, 1, 3.0, 2, 13.440303419949934
4, 118.0, 0, 47, 2, 6.0, 1, 13.06154343824052
4, 119.0, 0, 44, 4, 10.0, 1, 11.899964639290202
4, 120.0, 0, 45, 1, 14.0, 1, 11.980059863853848
4, 121.0, 0, 48, 0, 13.0, 1, 13.086393205933017
4, 122.0, 0, 47, 4, 15.0, 1, 14.439069444056772
4, 123.0, 1, 49, 1, 8.0, 1, 13.057854914905416
4, 124.0, 0, 50, 0, 8.0, 3, 14.383234703435981
4, 125.0, 0, 51, 0, 9.0, 3, 14.8950690724708
4, 126.0, 1, 50, 1, 6.0, 3, 14.254172243884252
4, 127.0, 1, 51, 0, 9.0, 3, 13.548308683808006
4, 128.0, 0, 49, 3, 13.0, 3, 14.662200961185581
4, 129.0, 0, 50, 2, 9.0, 2, 14.793158866228714
4, 130.0, 1, 49, 2, 13.0, 2, 15.22073779914271
4, 131.0, 0, 49, 1, 12.0, 2, 14.835894246752071
4, 132.0, 1, 49, 1, 11.0, 3, 15.476430396678417
4, 133.0, 1, 49, 0, 15.0, 3, 16.091351842878822
4, 134.0, 0, 49, 2, 18.0, 4, 16.518873192184834
4, 135.0, 1, 52, 0, 23.0, 6, 16.88159864387835
4, 136.0, 0, 53, 0, 28.0, 6, 16.92024008286978
4, 137.0, 0, 53, 0, 34.0, 6, 17.34882065173643
4, 138.0, 1, 55, 0, 42.0, 6, 15.407376785029031
4, 139.0, 1, 53, 2, 32.0, 6, 16.128194827531658
4, 140.0, 0, 53, 2, 39.0, 6, 16.500681832146114
4, 141.0, 1, 54, 2, 39.0, 7, 16.33758405813679
4, 142.0, 1, 55, 0, 45.0, 7, 17.417518636529167
4, 143.0, 0, 54, 2, 31.0, 8, 18.1902829363319
4, 144.0, 0, 52, 2, 38.0, 8, 18.24745101364985
4, 145.0, 1, 53, 0, 45.0, 8, 16.67117600797233
4, 146.0, 1, 53, 1, 53.0, 8, 16.763341243872567
4, 147.0, 0, 52, 2, 49.0, 9, 18.56528905342535
4, 148.0, 0, 49, 3, 54.0, 9, 17.665882224500148
4, 149.0, 1, 50, 0, 29.0, 9, 17.083466667204508
4, 150.0, 1, 48, 3, 21.0, 8, 15.944225428365865
4, 151.0, 1, 50, 1, 26.0, 8, 14.862884287494051
4, 152.0, 1, 49, 1, 31.0, 8, 13.815010165662883
4, 153.0, 0, 47, 3, 11.0, 7, 13.207396246166782
4, 154.0, 0, 47, 1, 14.0, 7, 12.613918928771882
4, 155.0, 0, 48, 1, 18.0, 7, 13.220842258227863
4, 156.0, 0, 50, 0, 22.0, 7, 14.108136611115377
4, 157.0, 0, 46, 4, 9.0, 6, 12.861771204264281
4, 158.0, 1, 48, 0, 4.0, 6, 11.960928309084847
4, 159.0, 0, 50, 0, 3.0, 6, 11.29725207931645
4, 160.0, 0, 49, 2, 4.0, 6, 11.944340493393229
4, 161.0, 1, 48, 1, 0.0, 6, 10.885734859255802
4, 162.0, 0, 47, 2, 0.0, 6, 9.562193482219405
4, 163.0, 0, 47, 1, 0.0, 5, 8.79946498961103
4, 164.0, 0, 49, 0, 1.0, 5, 8.593233597185925
4, 165.0, 1, 46, 3, 0.0, 3, 8.241339941105563
4, 166.0, 0, 46, 3, 0.0, 3, 7.115875534788354
4, 167.0, 0, 45, 1, 0.0, 2, 7.400778879522492
4, 168.0, 0, 46, 2, 0.0, 2, 8.848920612391819
4, 169.0, 0, 47, 0, 2.0, 2, 10.85799141576644
4, 170.0, 0, 46, 2, 4.0, 2, 11.290473017636842
4, 171.0, 0, 48, 1, 6.0, 2, 11.847428185268585
4, 172.0, 1, 47, 2, 0.0, 2, 12.222867561499642
4, 173.0, 0, 49, 1, 0.0, 2, 10.828792611618898
4, 174.0, 0, 51, 1, 0.0, 2, 11.445223458580216
4, 175.0, 0, 52, 3, 0.0, 1, 11.186567894076811
4, 176.0, 1, 50, 3, 0.0, 1, 9.269940718237098
4, 177.0, 0, 50, 0, 0.0, 1, 7.8836032991326475
4, 178.0, 1, 49, 3, 1.0, 3, 7.466846597665299
4, 179.0, 1, 48, 1, 1.0, 3, 8.095961703688719
4, 180.0, 0, 47, 1, 0.0, 4, 7.826521623537747
4, 181.0, 0, 47, 1, 1.0, 4, 8.509986684530718
4, 182.0, 0, 47, 1, 2.0, 4, 8.771885333190767
4, 183.0, 0, 46, 1, 4.0, 4, 8.409941701448755
4, 184.0, 0, 44, 2, 6.0, 4, 8.451982541562742
4, 185.0, 0, 45, 0, 9.0, 4, 9.180982559230397
4, 186.0, 0, 50, 0, 12.0, 4, 10.833402741506546
4, 187.0, 0, 52, 0, 17.0, 4, 14.232835276996589
4, 188.0, 1, 51, 2, 0.0, 4, 14.927494673465686
4, 189.0, 0, 51, 1, 1.0, 7, 14.72727458253028
4, 190.0, 1, 50, 4, 4.0, 6, 13.283115096681524
4, 191.0, 0, 50, 2, 7.0, 7, 13.801074649213973
4, 192.0, 0, 50, 1, 10.0, 8, 15.170055745066193
4, 193.0, 0, 50, 3, 8.0, 7, 13.486792546546054
4, 194.0, 0, 50, 1, 6.0, 7, 12.243105666958336
4, 195.0, 0, 51, 1, 8.0, 7, 10.735866539129066
4, 196.0, 1, 50, 2, 4.0, 7, 9.240327237483466
4, 197.0, 1, 50, 0, 0.0, 7, 8.204667607208894
4, 198.0, 0, 50, 2, 0.0, 9, 8.683530582698548
4, 199.0, 0, 51, 0, 2.0, 9, 9.660454398971542
4, 200.0, 1, 51, 1, 0.0, 10, 8.841844921263641
4, 201.0, 0, 48, 3, 0.0, 11, 9.396280817063097
4, 202.0, 0, 47, 1, 1.0, 10, 10.043208962547208
4, 203.0, 1, 45, 2, 0.0, 10, 7.843975451618543
4, 204.0, 1, 44, 1, 1.0, 10, 7.736704246611619
4, 205.0, 0, 41, 3, 3.0, 10, 9.297161034622347
4, 206.0, 1, 40, 1, 5.0, 11, 11.498454286173946
4, 207.0, 0, 40, 0, 9.0, 11, 10.967412891050312
4, 208.0, 1, 37, 3, 12.0, 10, 11.242463067884543
4, 209.0, 0, 36, 1, 17.0, 10, 12.397918813392934
4, 210.0, 1, 33, 3, 21.0, 10, 12.966936247847634
4, 211.0, 0, 32, 1, 27.0, 10, 13.231155487427467
4, 212.0, 0, 29, 3, 35.0, 9, 14.349958633016662
4, 213.0, 0, 29, 0, 39.0, 9, 14.849114634067478
4, 214.0, 0, 28, 1, 48.0, 8, 14.780535461451953
4, 215.0, 1, 25, 3, 47.0, 6, 12.902795433657097
4, 216.0, 1, 25, 0, 45.0, 6, 12.678917923465551
4, 217.0, 1, 25, 0, 47.0, 6, 12.96818357957206
4, 218.0, 0, 24, 1, 29.0, 6, 12.17930110636857
4, 219.0, 1, 23, 1, 35.0, 6, 11.298241256581303
4, 220.0, 0, 22, 1, 22.0, 6, 10.241604142369503
4, 221.0, 1, 22, 0, 26.0, 6, 9.412182616344493
4, 222.0, 1, 21, 1, 31.0, 6, 8.053225668138676
4, 223.0, 0, 21, 0, 17.0, 6, 7.09812455958996
4, 224.0, 0, 21, 0, 20.0, 6, 6.182897768996242
4, 225.0, 1, 20, 1, 23.0, 5, 5.334922386754066
4, 226.0, 1, 18, 2, 26.0, 5, 4.501789756560045
4, 227.0, 0, 17, 1, 29.0, 5, 4.174279461412631
4, 228.0, 0, 16, 1, 32.0, 5, 3.6178860421184655
4, 229.0, 1, 15, 1, 35.0, 4, 3.566075109872709
4, 230.0, 1, 14, 1, 14.0, 4, 3.0431495658916106
4, 231.0, 1, 14, 0, 0.0, 4, 2.5839123116034433
4, 232.0, 0, 13, 1, 0.0, 4, 2.0318881235223607
4, 233.0, 1, 12, 1, 0.0, 3, 1.6433770645039658
4, 234.0, 0, 11, 1, 0.0, 3, 1.3276159614644811
4, 235.0, 0, 11, 0, 0.0, 3, 1.0386084937820428
4, 236.0, 0, 10, 1, 0.0, 3, 0.7254040541810056
4, 237.0, 0, 9, 1, 0.0, 3, 0.585931066198377
4, 238.0, 1, 9, 0, 0.0, 3, 0.3983680053338734
4, 239.0, 1, 7, 2, 0.0, 2, 0.35409255348670143
4, 240.0, 1, 7, 0, 0.0, 2, 0.2988650130479158
4, 241.0, 0, 6, 1, 0.0, 2, 0.2702811339273943
4, 242.0, 1, 5, 1, 0.0, 2, 0.1581271182049271
4, 243.0, 0, 4, 1, 0.0, 2, 0.12763805381287696
4, 244.0, 0, 4, 0, 0.0, 2, 0.15367049767559138
4, 245.0, 0, 4, 0, 0.0, 2, 0.18961498520797093
4, 246.0, 0, 2, 2, 0.0, 1, 0.15601591535717674
4, 247.0, 0, 2, 0, 0.0, 1, 0.09407294461691862
4, 248.0, 0, 0, 2, 0, 0, 0
5, 1.0, 0, 2, 0, 0.0, 0, 0.0
5, 2.0, 0, 3, 0, 0.0, 0, 1.0814256854756554
5, 3.0, 0, 5, 0, 0.0, 0, 1.2559462905827157
5, 4.0, 1, 7, 0, 0.0, 0, 1.2603760180273869
5, 5.0, 1, 9, 0, 0.0, 0, 1.356365191048412
5, 6.0, 0, 9, 0, 0.0, 0, 1.2083235416804996
5, 7.0, 0, 10, 0, 0.0, 0, 1.0113279673831101
5, 8.0, 1, 11, 0, 0.0, 0, 1.129802691208996
5, 9.0, 0, 12, 0, 0.0, 0, 1.3450565739990277
5, 10.0, 0, 15, 0, 0.0, 0, 1.7333175264498455
5, 11.0, 1, 16, 0, 0.0, 0, 2.751010520974618
5, 12.0, 0, 18, 0, 0.0, 0, 2.750183930507807
5, 13.0, 0, 18, 0, 0.0, 0, 2.685568348318842
5, 14.0, 1, 20, 0, 0.0, 0, 2.4477916967082707
5, 15.0, 1, 22, 0, 0.0, 0, 3.465730918463639
5, 16.0, 1, 23, 0, 0.0, 0, 4.962788569021128
5, 17.0, 1, 23, 0, 1.0, 0, 5.6487092975120685
5, 18.0, 1, 25, 0, 3.0, 0, 5.926492250949629
5, 19.0, 0, 25, 0, 0.0, 0, 6.827217949633665
5, 20.0, 1, 27, 0, 0.0, 2, 7.045594591826561
5, 21.0, 0, 28, 0, 1.0, 2, 8.26566632037734
5, 22.0, 1, 28, 0, 2.0, 2, 8.6263201568626
5, 23.0, 0, 30, 0, 3.0, 2, 8.228722170924499
5, 24.0, 1, 31, 0, 4.0, 2, 8.841511505989475
5, 25.0, 1, 33, 0, 7.0, 2, 9.66040254642167
5, 26.0, 1, 36, 0, 10.0, 2, 11.346055552541984
5, 27.0, 1, 38, 0, 4.0, 2, 10.930552531434879
5, 28.0, 1, 40, 0, 7.0, 2, 10.206349909844922
5, 29.0, 0, 41, 0, 7.0, 2, 11.805252206303747
5, 30.0, 1, 41, 0, 10.0, 2, 10.671237699831005
5, 31.0, 1, 45, 1, 13.0, 2, 9.80245294378917
5, 32.0, 1, 47, 0, 11.0, 2, 10.219310513052381
5, 33.0, 1, 46, 1, 13.0, 2, 10.730834287977801
5, 34.0, 0, 47, 0, 0.0, 2, 11.102549046738057
5, 35.0, 1, 48, 0, 0.0, 2, 10.817311564131385
5, 36.0, 1, 49, 0, 0.0, 2, 10.557309341944743
5, 37.0, 0, 48, 2, 0.0, 2, 10.828225581346242
5, 38.0, 1, 46, 3, 0.0, 2, 10.680337851078248
5, 39.0, 0, 47, 1, 0.0, 2, 9.804852947373444
5, 40.0, 0, 50, 1, 0.0, 1, 11.43882759238129
5, 41.0, 0, 50, 0, 1.0, 1, 13.71720064018736
5, 42.0, 1, 52, 0, 1.0, 2, 14.17074654945114
5, 43.0, 1, 55, 0, 4.0, 2, 14.692777314780887
5, 44.0, 0, 55, 2, 8.0, 3, 15.764899370936352
5, 45.0, 1, 54, 1, 8.0, 3, 15.289450868714725
5, 46.0, 0, 51, 4, 10.0, 3, 13.500685160424496
5, 47.0, 1, 55, 0, 6.0, 3, 12.801745164201426
5, 48.0, 0, 52, 3, 7.0, 4, 14.583904993348519
5, 49.0, 0, 51, 1, 8.0, 4, 13.889824583044168
5, 50.0, 0, 51, 2, 11.0, 5, 13.867292801927276
5, 51.0, 0, 52, 1, 15.0, 5, 15.700263911068985
5, 52.0, 0, 54, 0, 20.0, 5, 17.38056942853833
5, 53.0, 0, 55, 0, 26.0, 5, 17.914793855737706
5, 54.0, 1, 56, 1, 17.0, 7, 16.77951297477368
5, 55.0, 1, 52, 4, 19.0, 6, 18.703132736317343
5, 56.0, 1, 54, 0, 24.0, 6, 18.89539115216154
5, 57.0, 0, 52, 3, 26.0, 6, 18.52863385404989
5, 58.0, 0, 52, 0, 30.0, 6, 17.545858416779346
5, 59.0, 1, 51, 2, 35.0, 5, 17.126089840682084
5, 60.0, 1, 52, 0, 41.0, 5, 18.510450058401883
5, 61.0, 0, 52, 2, 42.0, 5, 19.635354915220415
5, 62.0, 0, 54, 1, 50.0, 4, 19.46065352242131
5, 63.0, 0, 54, 1, 54.0, 4, 20.596946913906166
5, 64.0, 1, 55, 1, 59.0, 5, 20.66186708866131
5, 65.0, 1, 54, 1, 68.0, 5, 21.158688949587678
5, 66.0, 0, 55, 1, 78.0, 6, 21.290386980947197
5, 67.0, 1, 54, 1, 89.0, 5, 21.54202767909081
5, 68.0, 0, 53, 2, 100.0, 5, 21.0490625254426
5, 69.0, 1, 52, 1, 104.0, 6, 19.75132117280138
5, 70.0, 1, 50, 2, 115.0, 6, 19.875904134140228
5, 71.0, 1, 51, 0, 116.0, 6, 20.445247545939033
5, 72.0, 1, 53, 0, 98.0, 6, 19.821213982427665
5, 73.0, 1, 53, 2, 66.0, 5, 19.760605561538505
5, 74.0, 0, 52, 1, 59.0, 6, 20.489644138509217
5, 75.0, 0, 54, 1, 66.0, 6, 20.29648128282002
5, 76.0, 0, 57, 0, 73.0, 6, 20.59617219778706
5, 77.0, 0, 55, 3, 82.0, 5, 21.05773232716698
5, 78.0, 0, 53, 2, 95.0, 5, 20.651253038656186
5, 79.0, 1, 53, 1, 92.0, 5, 18.257971200851323
5, 80.0, 1, 52, 2, 97.0, 5, 16.987592031622903
5, 81.0, 1, 53, 0, 103.0, 5, 18.3421894226644
5, 82.0, 1, 55, 1, 89.0, 5, 17.36252345213982
5, 83.0, 1, 56, 0, 96.0, 5, 17.267427402629004
5, 84.0, 1, 53, 3, 107.0, 5, 17.755577415356328
5, 85.0, 1, 55, 1, 118.0, 5, 16.221451111428248
5, 86.0, 0, 55, 0, 44.0, 5, 16.073467992122914
5, 87.0, 0, 53, 2, 43.0, 4, 14.790206315557198
5, 88.0, 1, 54, 1, 45.0, 4, 13.074348204232502
5, 89.0, 0, 52, 2, 48.0, 5, 13.608558760960147
5, 90.0, 1, 51, 3, 50.0, 6, 13.90218438167868
5, 91.0, 1, 50, 3, 53.0, 5, 15.032484343302247
5, 92.0, 1, 51, 0, 58.0, 5, 15.978247725223206
5, 93.0, 1, 52, 0, 64.0, 5, 16.138470873354063
5, 94.0, 1, 52, 2, 72.0, 5, 16.263866307920352
5, 95.0, 1, 49, 3, 82.0, 3, 16.92681587734835
5, 96.0, 1, 50, 0, 84.0, 3, 16.29270784078919
5, 97.0, 1, 50, 1, 88.0, 3, 15.798158734943232
5, 98.0, 0, 50, 2, 82.0, 3, 15.830450923348733
5, 99.0, 1, 50, 3, 79.0, 2, 14.5836175422302
5, 100.0, 0, 51, 1, 83.0, 2, 15.148208940003617
5, 101.0, 1, 50, 2, 87.0, 2, 15.869514822274544
5, 102.0, 1, 49, 2, 92.0, 2, 14.835106363619222
5, 103.0, 1, 51, 2, 97.0, 2, 15.258369021910488
5, 104.0, 1, 51, 1, 101.0, 2, 15.720986891402191
5, 105.0, 1, 51, 1, 108.0, 2, 16.336040111441395
5, 106.0, 1, 52, 0, 115.0, 2, 16.248701405530028
5, 107.0, 0, 51, 1, 101.0, 2, 16.395825410647266
5, 108.0, 1, 51, 1, 105.0, 2, 14.194792304445048
5, 109.0, 1, 50, 1, 110.0, 2, 13.205839278018685
5, 110.0, 1, 51, 1, 115.0, 2, 14.436062489527378
5, 111.0, 1, 50, 1, 120.0, 2, 14.720221413396128
5, 112.0, 0, 49, 1, 97.0, 3, 14.3326701131332
5, 113.0, 1, 50, 1, 101.0, 3, 13.726718776867239
5, 114.0, 0, 48, 3, 103.0, 2, 13.350375184484646
5, 115.0, 0, 47, 2, 108.0, 2, 13.89345371867178
5, 116.0, 0, 49, 2, 113.0, 2, 14.493600377720227
5, 117.0, 0, 49, 1, 119.0, 2, 14.379103687847453
5, 118.0, 0, 50, 1, 125.0, 2, 13.69705330496444
5, 119.0, 0, 50, 1, 133.0, 2, 13.017150456241012
5, 120.0, 0, 50, 2, 85.0, 2, 12.340559859450101
5, 121.0, 0, 52, 1, 79.0, 2, 12.53132210064424
5, 122.0, 1, 54, 1, 1.0, 3, 13.002888175851565
5, 123.0, 1, 54, 3, 0.0, 3, 12.177688434844773
5, 124.0, 0, 55, 0, 0.0, 3, 12.314473828337583
5, 125.0, 1, 54, 2, 0.0, 3, 9.981464062980953
5, 126.0, 0, 54, 0, 0.0, 3, 9.44116202424662
5, 127.0, 1, 52, 3, 0.0, 3, 9.039750759616293
5, 128.0, 1, 51, 2, 0.0, 3, 7.8340460485769094
5, 129.0, 0, 52, 2, 0.0, 5, 9.774655019762383
5, 130.0, 1, 50, 3, 1.0, 4, 9.819935692628595
5, 131.0, 0, 50, 1, 0.0, 4, 9.76615763187683
5, 132.0, 0, 51, 0, 0.0, 4, 10.770376570626402
5, 133.0, 1, 50, 1, 1.0, 4, 10.775572618534964
5, 134.0, 1, 51, 1, 3.0, 4, 11.344541202184061
5, 135.0, 0, 51, 3, 3.0, 4, 11.248803862923978
5, 136.0, 1, 52, 0, 5.0, 5, 11.641746631917917
5, 137.0, 1, 52, 0, 8.0, 5, 13.227055910337619
5, 138.0, 0, 53, 1, 8.0, 5, 12.742787013322564
5, 139.0, 0, 50, 3, 11.0, 5, 13.841662280327457
5, 140.0, 1, 51, 1, 12.0, 5, 13.141990389851227
5, 141.0, 0, 51, 3, 1.0, 5, 13.30479375167752
5, 142.0, 1, 51, 1, 2.0, 6, 14.316463955146485
5, 143.0, 1, 49, 3, 1.0, 6, 12.751217911747709
5, 144.0, 0, 49, 0, 1.0, 7, 13.138738859364059
5, 145.0, 0, 49, 1, 3.0, 6, 11.299065840137835
5, 146.0, 0, 47, 3, 7.0, 6, 11.928779635547906
5, 147.0, 1, 47, 1, 6.0, 7, 11.534234593625511
5, 148.0, 0, 45, 2, 5.0, 7, 9.518855423492456
5, 149.0, 1, 43, 3, 7.0, 6, 10.737391351150265
5, 150.0, 1, 42, 2, 11.0, 6, 9.683994930994013
5, 151.0, 1, 45, 0, 15.0, 6, 9.150146141514831
5, 152.0, 0, 44, 1, 13.0, 7, 10.233059501738369
5, 153.0, 1, 44, 1, 15.0, 8, 9.520290675820092
5, 154.0, 1, 43, 2, 18.0, 6, 9.78345594939842
5, 155.0, 0, 44, 1, 2.0, 7, 9.905696904611396
5, 156.0, 0, 45, 1, 4.0, 7, 10.398479010299262
5, 157.0, 1, 44, 1, 2.0, 7, 9.59996759754989
5, 158.0, 0, 42, 4, 3.0, 7, 8.747753023480582
5, 159.0, 1, 41, 3, 7.0, 7, 9.082083726229525
5, 160.0, 0, 41, 1, 7.0, 7, 8.967745076856357
5, 161.0, 0, 41, 0, 9.0, 7, 8.610220777902814
5, 162.0, 1, 40, 2, 11.0, 6, 7.4476749086875245
5, 163.0, 1, 40, 1, 0.0, 6, 6.033984373716681
5, 164.0, 0, 41, 1, 0.0, 6, 6.513605941218123
5, 165.0, 1, 38, 3, 0.0, 7, 6.6622962663649306
5, 166.0, 0, 41, 0, 0.0, 7, 5.763880939162867
5, 167.0, 1, 41, 0, 0.0, 9, 6.694246658890751
5, 168.0, 0, 43, 1, 1.0, 9, 7.510295326547718
5, 169.0, 0, 42, 2, 3.0, 8, 8.786398567730256
5, 170.0, 0, 42, 1, 4.0, 8, 9.456042858652737
5, 171.0, 1, 45, 0, 0.0, 8, 8.937496037641996
5, 172.0, 1, 45, 1, 0.0, 7, 9.911613030466123
5, 173.0, 0, 46, 2, 0.0, 6, 8.36802663305198
5, 174.0, 0, 49, 0, 0.0, 6, 9.022534206602089
5, 175.0, 1, 52, 1, 0.0, 6, 8.401395379586907
5, 176.0, 0, 50, 3, 1.0, 10, 8.769392679891219
5, 177.0, 0, 48, 2, 4.0, 10, 7.412123457555455
5, 178.0, 1, 50, 0, 0.0, 10, 7.680551509824236
5, 179.0, 0, 47, 3, 1.0, 9, 7.487889505141111
5, 180.0, 0, 43, 4, 2.0, 9, 8.358876793578846
5, 181.0, 0, 44, 0, 1.0, 9, 9.11126294104653
5, 182.0, 1, 44, 1, 0.0, 8, 8.42670770098586
5, 183.0, 0, 44, 0, 1.0, 8, 7.989860654150704
5, 184.0, 1, 44, 0, 3.0, 8, 9.062050374850692
5, 185.0, 0, 44, 1, 4.0, 8, 10.756643611446528
5, 186.0, 1, 48, 1, 4.0, 9, 11.383764814230341
5, 187.0, 0, 50, 0, 1.0, 9, 13.914952592688397
5, 188.0, 1, 46, 5, 1.0, 8, 16.54704948827176
5, 189.0, 0, 46, 1, 4.0, 11, 17.343797012245222
5, 190.0, 1, 48, 1, 6.0, 12, 17.226187918143843
5, 191.0, 0, 47, 2, 12.0, 13, 17.203512558344645
5, 192.0, 0, 50, 0, 19.0, 13, 16.443657490366768
5, 193.0, 0, 51, 2, 28.0, 13, 17.458003298940845
5, 194.0, 1, 50, 1, 33.0, 12, 16.977421172392013
5, 195.0, 1, 52, 0, 32.0, 12, 15.674650375516633
5, 196.0, 1, 52, 1, 38.0, 11, 14.965148086462182
5, 197.0, 0, 51, 1, 30.0, 11, 14.750612637962815
5, 198.0, 0, 49, 3, 34.0, 10, 14.538532506947549
5, 199.0, 0, 51, 0, 28.0, 10, 15.045646325472777
5, 200.0, 0, 51, 1, 34.0, 9, 15.064949143632901
5, 201.0, 1, 49, 2, 22.0, 10, 15.61864317430705
5, 202.0, 1, 47, 2, 0.0, 10, 15.369840998053233
5, 203.0, 0, 47, 0, 2.0, 11, 15.598910625842278
5, 204.0, 0, 47, 0, 7.0, 11, 15.421912308565307
5, 205.0, 1, 47, 0, 13.0, 11, 15.795639578465305
5, 206.0, 1, 45, 2, 19.0, 10, 16.145448293804527
5, 207.0, 1, 43, 2, 22.0, 9, 17.301634585865298
5, 208.0, 1, 42, 1, 21.0, 8, 17.241522483174528
5, 209.0, 1, 40, 2, 25.0, 8, 18.042266863028942
5, 210.0, 0, 38, 2, 26.0, 7, 17.767148509309134
5, 211.0, 1, 38, 0, 23.0, 7, 16.822708638345077
5, 212.0, 0, 37, 1, 29.0, 8, 16.624999649134487
5, 213.0, 1, 37, 0, 25.0, 8, 16.28310722508962
5, 214.0, 1, 36, 1, 24.0, 8, 14.737704222968478
5, 215.0, 1, 33, 3, 26.0, 6, 13.97096690888357
5, 216.0, 0, 32, 1, 30.0, 6, 13.64410869580028
5, 217.0, 0, 31, 1, 24.0, 6, 12.823041186284911
5, 218.0, 0, 31, 0, 14.0, 6, 11.896298003412095
5, 219.0, 1, 28, 3, 6.0, 4, 10.465662664873776
5, 220.0, 1, 28, 0, 8.0, 4, 9.387341691304513
5, 221.0, 1, 25, 3, 10.0, 4, 8.567516324887567
5, 222.0, 1, 24, 1, 12.0, 4, 6.703283092649455
5, 223.0, 1, 23, 1, 14.0, 4, 5.593809167393939
5, 224.0, 0, 23, 0, 16.0, 4, 5.4400948840224235
5, 225.0, 1, 23, 0, 7.0, 4, 3.9141659317155684
5, 226.0, 0, 22, 1, 0.0, 3, 3.897555496396346
5, 227.0, 0, 20, 2, 0.0, 3, 3.169279772596762
5, 228.0, 0, 17, 3, 0.0, 1, 2.752434439702894
5, 229.0, 0, 17, 0, 1.0, 1, 2.414765924899725
5, 230.0, 0, 16, 1, 2.0, 1, 2.2422513551884777
5, 231.0, 1, 15, 1, 0.0, 1, 1.6588628004866792
5, 232.0, 1, 14, 1, 0.0, 1, 1.4190555890300507
5, 233.0, 1, 14, 0, 0.0, 1, 1.4087625688894434
5, 234.0, 0, 14, 0, 0.0, 1, 1.2550116800431308
5, 235.0, 0, 12, 2, 0.0, 1, 1.2036184633825933
5, 236.0, 0, 11, 1, 0.0, 1, 1.1786991718418012
5, 237.0, 0, 9, 2, 0.0, 1, 0.7923224104554638
5, 238.0, 0, 6, 3, 0.0, 1, 0.44475774203696616
5, 239.0, 0, 5, 1, 0.0, 1, 0.3877953825571261
5, 240.0, 1, 4, 1, 0.0, 1, 0.20727877933921768
5, 241.0, 0, 4, 0, 0.0, 1, 0.23255339529070262
5, 242.0, 0, 2, 2, 0.0, 0, 0.0773500616165208
5, 243.0, 1, 2, 0, 0.0, 0, 0.145120901150106
5, 244.0, 0, 1, 1, 0.0, 0, 0.02207982616165083
5, 245.0, 1, 0, 1, 0, 0, 0
6, 1.0, 0, 2, 0, 0.0, 0, 0.0
6, 2.0, 0, 3, 0, 0.0, 0, 1.0814256854756554
6, 3.0, 1, 5, 0, 0.0, 0, 1.2559462905827157
6, 4.0, 0, 7, 0, 0.0, 0, 1.2603760180273869
6, 5.0, 0, 9, 0, 0.0, 0, 1.356365191048412
6, 6.0, 0, 9, 0, 0.0, 0, 1.287337457469642
6, 7.0, 1, 10, 0, 0.0, 0, 0.9556235514719723
6, 8.0, 0, 11, 0, 0.0, 0, 1.168230593310705
6, 9.0, 0, 12, 0, 0.0, 0, 1.3211245838572987
6, 10.0, 0, 15, 0, 0.0, 0, 1.87574121140802
6, 11.0, 1, 16, 0, 0.0, 0, 2.915579636707669
6, 12.0, 1, 18, 0, 0.0, 0, 2.9377218912341223
6, 13.0, 0, 18, 0, 0.0, 0, 2.6102026443438984
6, 14.0, 1, 20, 0, 0.0, 0, 2.274797651830965
6, 15.0, 1, 22, 0, 0.0, 0, 3.434769177266822
6, 16.0, 1, 23, 0, 0.0, 0, 4.960696031572377
6, 17.0, 1, 23, 0, 2.0, 0, 5.806894531534284
6, 18.0, 1, 25, 0, 4.0, 0, 5.805524199776381
6, 19.0, 1, 25, 0, 7.0, 0, 7.41725215346987
6, 20.0, 0, 27, 0, 2.0, 2, 7.59838676797418
6, 21.0, 0, 27, 0, 4.0, 2, 9.252214432677915
6, 22.0, 1, 27, 0, 1.0, 3, 8.703668669472544
6, 23.0, 0, 30, 0, 0.0, 3, 7.472731687382551
6, 24.0, 0, 32, 0, 1.0, 3, 9.364302587721426
6, 25.0, 1, 33, 0, 3.0, 4, 10.736731217991705
6, 26.0, 1, 35, 0, 5.0, 4, 9.84775261857944
6, 27.0, 1, 38, 0, 8.0, 4, 10.509102135636052
6, 28.0, 1, 40, 0, 7.0, 4, 11.123117971118761
6, 29.0, 0, 41, 0, 1.0, 4, 10.88970407927231
6, 30.0, 0, 41, 0, 2.0, 4, 10.07555438104854
6, 31.0, 0, 45, 1, 4.0, 4, 9.933484933030918
6, 32.0, 0, 45, 1, 6.0, 4, 11.062517473846343
6, 33.0, 0, 46, 0, 4.0, 4, 10.555327790340714
6, 34.0, 0, 47, 0, 6.0, 4, 10.515187346038822
6, 35.0, 1, 48, 0, 2.0, 4, 10.144342311642852
6, 36.0, 1, 48, 1, 3.0, 4, 9.746516871937652
6, 37.0, 0, 48, 1, 0.0, 5, 10.838487792898379
6, 38.0, 1, 48, 1, 0.0, 6, 11.955931551476503
6, 39.0, 1, 46, 4, 1.0, 5, 10.987951129961395
6, 40.0, 0, 48, 2, 0.0, 5, 11.074133386285919
6, 41.0, 0, 48, 0, 1.0, 5, 12.097203117287867
6, 42.0, 0, 50, 0, 1.0, 5, 12.325723035134088
6, 43.0, 0, 53, 0, 3.0, 5, 13.717662457309151
6, 44.0, 0, 54, 1, 6.0, 5, 15.59934233825336
6, 45.0, 1, 53, 1, 7.0, 6, 15.278679092645095
6, 46.0, 1, 54, 0, 7.0, 6, 13.446960182731404
6, 47.0, 1, 56, 2, 8.0, 5, 12.669925558851837
6, 48.0, 0, 55, 1, 0.0, 5, 12.914719264833742
6, 49.0, 1, 55, 0, 1.0, 6, 10.801890886933377
6, 50.0, 0, 54, 3, 0.0, 6, 9.572911359049254
6, 51.0, 1, 55, 2, 1.0, 7, 10.143858174804652
6, 52.0, 1, 55, 1, 2.0, 8, 12.123367818516947
6, 53.0, 1, 56, 0, 4.0, 8, 12.607686080819649
6, 54.0, 1, 54, 4, 6.0, 7, 12.91497747553528
6, 55.0, 1, 51, 3, 9.0, 7, 14.24412396955971
6, 56.0, 0, 52, 1, 2.0, 7, 12.671141997380108
6, 57.0, 1, 52, 1, 3.0, 7, 12.773035701573123
6, 58.0, 1, 51, 1, 7.0, 6, 13.42614861549893
6, 59.0, 0, 52, 0, 8.0, 6, 13.661849904054687
6, 60.0, 1, 51, 2, 12.0, 6, 13.69326548833943
6, 61.0, 1, 49, 4, 16.0, 6, 13.643934364191805
6, 62.0, 0, 50, 2, 23.0, 8, 15.151121899464025
6, 63.0, 0, 50, 1, 31.0, 7, 16.672492330768808
6, 64.0, 1, 50, 2, 35.0, 7, 16.656677404411173
6, 65.0, 0, 50, 0, 24.0, 7, 16.904346890866133
6, 66.0, 0, 50, 2, 29.0, 7, 16.541523782302612
6, 67.0, 1, 50, 0, 34.0, 7, 17.24128154085957
6, 68.0, 1, 49, 2, 40.0, 6, 15.415033033900393
6, 69.0, 0, 48, 1, 46.0, 6, 16.32913190447709
6, 70.0, 1, 47, 1, 24.0, 6, 15.378878666837105
6, 71.0, 0, 46, 2, 19.0, 6, 14.359121367490616
6, 72.0, 1, 45, 2, 4.0, 7, 14.431106171813807
6, 73.0, 1, 46, 2, 3.0, 6, 12.971702831792605
6, 74.0, 0, 46, 0, 0.0, 6, 12.634491596535707
6, 75.0, 0, 49, 1, 0.0, 6, 12.04669149659662
6, 76.0, 1, 50, 1, 0.0, 7, 12.522412928516939
6, 77.0, 0, 51, 0, 2.0, 9, 12.343402328000364
6, 78.0, 1, 50, 1, 0.0, 9, 11.154099552246029
6, 79.0, 1, 50, 1, 1.0, 8, 10.966773520859318
6, 80.0, 1, 50, 1, 3.0, 8, 12.24708769049075
6, 81.0, 0, 50, 1, 5.0, 8, 11.38713365193437
6, 82.0, 1, 51, 2, 9.0, 6, 10.951383885233174
6, 83.0, 0, 50, 2, 12.0, 5, 11.673260439658911
6, 84.0, 1, 48, 2, 15.0, 5, 13.086051126466996
6, 85.0, 0, 47, 3, 4.0, 6, 12.836174633168218
6, 86.0, 0, 48, 0, 9.0, 6, 12.533745206270286
6, 87.0, 0, 46, 2, 15.0, 6, 12.60358938330854
6, 88.0, 0, 45, 3, 22.0, 5, 13.116728370257453
6, 89.0, 0, 44, 1, 29.0, 5, 15.286682608266558
6, 90.0, 0, 45, 1, 37.0, 5, 16.375790448657593
6, 91.0, 1, 44, 3, 17.0, 4, 15.04884236651864
6, 92.0, 0, 45, 0, 15.0, 4, 14.811208764015772
6, 93.0, 0, 43, 3, 14.0, 3, 14.437713354867597
6, 94.0, 1, 45, 0, 4.0, 3, 13.848273396000394
6, 95.0, 1, 45, 0, 8.0, 3, 15.308214067361618
6, 96.0, 1, 44, 2, 14.0, 3, 15.453122311081824
6, 97.0, 0, 44, 1, 18.0, 2, 15.66308388081178
6, 98.0, 0, 44, 1, 23.0, 2, 16.384915083974157
6, 99.0, 0, 49, 0, 30.0, 2, 17.20119739910081
6, 100.0, 0, 48, 1, 30.0, 1, 18.563992439738207
6, 101.0, 1, 48, 2, 28.0, 2, 17.43953396171382
6, 102.0, 0, 49, 0, 26.0, 2, 17.86527728248217
6, 103.0, 1, 52, 0, 28.0, 3, 17.512033567145476
6, 104.0, 0, 51, 3, 34.0, 4, 17.815840818360364
6, 105.0, 1, 52, 1, 37.0, 5, 16.665477607115413
6, 106.0, 1, 52, 0, 28.0, 5, 16.922904923703612
6, 107.0, 0, 50, 2, 19.0, 5, 15.489098891476315
6, 108.0, 0, 50, 1, 17.0, 5, 14.202411812571398
6, 109.0, 0, 48, 2, 21.0, 5, 13.88515737596286
6, 110.0, 0, 50, 0, 23.0, 5, 14.616947869028202
6, 111.0, 0, 49, 1, 27.0, 5, 16.596798006822578
6, 112.0, 0, 48, 1, 32.0, 5, 16.958774959370952
6, 113.0, 0, 49, 1, 40.0, 5, 17.976209979351257
6, 114.0, 0, 50, 0, 49.0, 5, 18.895772862712413
6, 115.0, 0, 51, 0, 60.0, 5, 19.794292445175167
6, 116.0, 1, 53, 2, 10.0, 5, 18.144724923071106
6, 117.0, 1, 52, 2, 7.0, 5, 18.772123193647506
6, 118.0, 1, 52, 2, 10.0, 5, 19.219340790689134
6, 119.0, 1, 52, 1, 15.0, 5, 18.698445171098594
6, 120.0, 1, 54, 0, 22.0, 5, 17.886804497363453
6, 121.0, 1, 54, 3, 29.0, 4, 17.20671369361921
6, 122.0, 0, 54, 3, 30.0, 4, 16.926081974679146
6, 123.0, 1, 57, 0, 38.0, 4, 17.88997166009073
6, 124.0, 1, 55, 2, 36.0, 4, 18.682124880655056
6, 125.0, 1, 57, 0, 42.0, 4, 18.892115739864586
6, 126.0, 0, 55, 2, 43.0, 5, 19.573335121638433
6, 127.0, 0, 55, 1, 51.0, 5, 19.676460282432743
6, 128.0, 0, 56, 0, 60.0, 5, 19.309279925850692
6, 129.0, 1, 57, 2, 40.0, 5, 17.84842378614296
6, 130.0, 1, 55, 2, 33.0, 5, 17.416329517454372
6, 131.0, 0, 55, 2, 28.0, 4, 17.179786049843564
6, 132.0, 1, 55, 1, 32.0, 4, 16.99509615196894
6, 133.0, 0, 55, 0, 37.0, 4, 17.994875044187236
6, 134.0, 1, 55, 2, 41.0, 4, 17.657208314637703
6, 135.0, 1, 57, 1, 46.0, 4, 19.606387555183957
6, 136.0, 0, 56, 2, 39.0, 3, 21.05258131669149
6, 137.0, 0, 54, 2, 46.0, 3, 22.92399329783215
6, 138.0, 0, 56, 0, 36.0, 3, 22.719268614042115
6, 139.0, 1, 56, 0, 44.0, 3, 24.498467605135225
6, 140.0, 0, 58, 0, 54.0, 3, 24.340491936374924
6, 141.0, 1, 59, 2, 63.0, 3, 25.851521917866837
6, 142.0, 1, 60, 0, 74.0, 3, 25.50786986161159
6, 143.0, 1, 60, 1, 78.0, 3, 25.25632410640071
6, 144.0, 1, 58, 2, 91.0, 3, 25.084082739948087
6, 145.0, 0, 55, 4, 101.0, 3, 24.065324843651965
6, 146.0, 0, 53, 3, 112.0, 2, 25.338955008282475
6, 147.0, 1, 54, 0, 111.0, 3, 24.679965156460685
6, 148.0, 0, 53, 1, 110.0, 3, 24.18233648236721
6, 149.0, 1, 53, 1, 117.0, 3, 25.613879518191684
6, 150.0, 1, 53, 1, 125.0, 3, 24.9816263013161
6, 151.0, 1, 56, 0, 137.0, 3, 25.994622398287895
6, 152.0, 1, 55, 1, 132.0, 2, 26.526918876858026
6, 153.0, 1, 55, 1, 131.0, 2, 25.383917337845553
6, 154.0, 0, 54, 2, 130.0, 2, 25.251623183797143
6, 155.0, 0, 56, 0, 140.0, 2, 25.48672842785465
6, 156.0, 0, 56, 2, 140.0, 3, 27.89953976009093
6, 157.0, 1, 55, 1, 151.0, 3, 27.956714085282613
6, 158.0, 0, 54, 3, 154.0, 3, 27.46723010206616
6, 159.0, 1, 56, 0, 167.0, 4, 29.08373187033073
6, 160.0, 0, 57, 0, 183.0, 5, 29.158927769713475
6, 161.0, 0, 56, 1, 197.0, 5, 29.444223628108368
6, 162.0, 1, 57, 0, 188.0, 6, 28.184869295989447
6, 163.0, 0, 58, 0, 201.0, 6, 27.582038958716044
6, 164.0, 0, 59, 1, 217.0, 6, 27.710208619989924
6, 165.0, 1, 57, 2, 233.0, 7, 27.24825530584935
6, 166.0, 0, 59, 1, 201.0, 7, 26.69188637389346
6, 167.0, 0, 58, 1, 204.0, 7, 26.94209890767854
6, 168.0, 0, 61, 0, 211.0, 7, 26.13383264092841
6, 169.0, 0, 61, 1, 226.0, 7, 28.840170935021643
6, 170.0, 1, 61, 1, 207.0, 7, 27.605301427550724
6, 171.0, 0, 62, 1, 213.0, 9, 27.74041767255117
6, 172.0, 0, 62, 2, 222.0, 9, 29.170080771922507
6, 173.0, 0, 65, 0, 232.0, 9, 28.988750697721148
6, 174.0, 0, 67, 1, 214.0, 9, 28.047701135350373
6, 175.0, 0, 70, 1, 227.0, 8, 27.92361903051268
6, 176.0, 1, 71, 0, 155.0, 8, 25.28039019439687
6, 177.0, 1, 68, 3, 164.0, 8, 24.35471815486228
6, 178.0, 0, 68, 2, 164.0, 10, 24.547353458777838
6, 179.0, 1, 66, 2, 131.0, 10, 25.147043381122195
6, 180.0, 1, 65, 1, 112.0, 10, 24.25426299254843
6, 181.0, 0, 65, 1, 118.0, 10, 21.59160120739805
6, 182.0, 1, 64, 2, 98.0, 9, 19.691741139516992
6, 183.0, 0, 63, 1, 106.0, 10, 21.153025711560325
6, 184.0, 1, 60, 3, 112.0, 10, 21.582246971989647
6, 185.0, 0, 61, 1, 116.0, 12, 23.778763046872367
6, 186.0, 0, 62, 2, 105.0, 12, 25.96527196329173
6, 187.0, 0, 65, 0, 115.0, 12, 28.042547703181075
6, 188.0, 1, 66, 1, 123.0, 13, 29.074962260272436
6, 189.0, 1, 65, 2, 134.0, 14, 29.482036034377685
6, 190.0, 1, 67, 0, 150.0, 14, 30.140682477921988
6, 191.0, 0, 68, 1, 163.0, 13, 30.99477766395015
6, 192.0, 1, 69, 1, 177.0, 13, 28.950056227160015
6, 193.0, 1, 71, 1, 180.0, 13, 28.321613850932916
6, 194.0, 1, 67, 4, 179.0, 12, 28.11829412918629
6, 195.0, 0, 66, 3, 194.0, 11, 26.188556283177192
6, 196.0, 1, 66, 1, 209.0, 11, 26.33264376331659
6, 197.0, 1, 64, 2, 211.0, 10, 25.345170360283113
6, 198.0, 0, 64, 2, 192.0, 10, 23.94336556978676
6, 199.0, 1, 65, 0, 187.0, 10, 22.670878583909694
6, 200.0, 1, 63, 3, 197.0, 8, 21.34257305484123
6, 201.0, 1, 62, 1, 208.0, 8, 21.712324793021427
6, 202.0, 1, 60, 2, 97.0, 6, 20.5286174340003
6, 203.0, 0, 60, 0, 90.0, 6, 20.538780848955813
6, 204.0, 1, 59, 1, 43.0, 6, 19.15070120046927
6, 205.0, 1, 58, 1, 34.0, 6, 19.051268028799875
6, 206.0, 1, 57, 1, 25.0, 5, 19.696407168972268
6, 207.0, 1, 54, 3, 21.0, 5, 19.616145278671198
6, 208.0, 0, 52, 2, 27.0, 6, 19.859471706526666
6, 209.0, 1, 52, 0, 35.0, 8, 20.723980281351235
6, 210.0, 1, 50, 2, 45.0, 7, 21.229499558556995
6, 211.0, 1, 49, 1, 56.0, 7, 21.474380032179813
6, 212.0, 1, 47, 2, 69.0, 6, 20.910454624895475
6, 213.0, 0, 45, 2, 70.0, 7, 20.846940799073476
6, 214.0, 1, 43, 2, 76.0, 6, 19.759926414852398
6, 215.0, 0, 40, 3, 77.0, 6, 19.21901315319496
6, 216.0, 0, 38, 2, 87.0, 5, 17.449225441946233
6, 217.0, 0, 37, 1, 98.0, 5, 15.406273485332735
6, 218.0, 0, 35, 2, 76.0, 5, 14.689090768961176
6, 219.0, 0, 33, 2, 83.0, 5, 12.729189117410975
6, 220.0, 1, 31, 2, 90.0, 5, 11.869627760778354
6, 221.0, 0, 29, 2, 78.0, 5, 11.366515661446478
6, 222.0, 0, 27, 2, 83.0, 4, 10.541473803053025
6, 223.0, 0, 25, 2, 88.0, 4, 9.923193712999623
6, 224.0, 1, 25, 0, 78.0, 4, 8.989360262883096
6, 225.0, 1, 24, 1, 82.0, 4, 8.224410165377432
6, 226.0, 1, 23, 1, 86.0, 4, 7.431015211279021
6, 227.0, 1, 20, 3, 90.0, 4, 6.291284059757366
6, 228.0, 0, 20, 0, 68.0, 4, 5.388473608882416
6, 229.0, 0, 19, 1, 53.0, 4, 4.640991102824607
6, 230.0, 0, 18, 1, 0.0, 4, 3.6237688184771306
6, 231.0, 1, 17, 1, 0.0, 4, 3.1870705173249556
6, 232.0, 1, 17, 0, 0.0, 4, 2.625873791273916
6, 233.0, 1, 13, 4, 0.0, 3, 1.9436156198934071
6, 234.0, 1, 13, 0, 0.0, 3, 1.3238661296971515
6, 235.0, 1, 12, 1, 0.0, 3, 0.9263296168518789
6, 236.0, 1, 12, 0, 0.0, 3, 0.8064382796909975
6, 237.0, 1, 12, 0, 0.0, 3, 0.811787237509872
6, 238.0, 1, 11, 1, 0.0, 3, 0.3776467327787003
6, 239.0, 0, 11, 0, 0.0, 3, 0.7039282333176988
6, 240.0, 1, 11, 0, 0.0, 3, 0.5192197412792119
6, 241.0, 0, 10, 1, 0.0, 3, 0.55915300310307
6, 242.0, 0, 9, 1, 0.0, 3, 0.4766958962235037
6, 243.0, 0, 8, 1, 0.0, 2, 0.3429044540498225
6, 244.0, 0, 6, 2, 0.0, 1, 0.37161995105475754
6, 245.0, 1, 5, 1, 0.0, 1, 0.27935389305977054
6, 246.0, 0, 4, 1, 0.0, 1, 0.09576097502188574
6, 247.0, 0, 2, 2, 0.0, 1, 0.10646539971198976
6, 248.0, 0, 1, 1, 0.0, 0, 0.052184729164224564
6, 249.0, 0, 0, 1, 0, 0, 0
7, 1.0, 1, 2, 0, 0.0, 0, 0.0
7, 2.0, 0, 3, 0, 0.0, 0, 1.0814256854756554
7, 3.0, 0, 5, 0, 0.0, 0, 1.2317430816274335
7, 4.0, 0, 7, 0, 0.0, 0, 1.2562929516962287
7, 5.0, 1, 9, 0, 0.0, 0, 1.3267641311373821
7, 6.0, 1, 9, 0, 0.0, 0, 1.2111458088704232
7, 7.0, 0, 10, 0, 0.0, 0, 0.8241869857907528
7, 8.0, 0, 11, 0, 0.0, 0, 1.1261125852745222
7, 9.0, 1, 12, 0, 0.0, 0, 1.687215381166026
7, 10.0, 1, 15, 0, 0.0, 0, 1.9748059927569641
7, 11.0, 0, 16, 0, 0.0, 0, 3.0779940360154896
7, 12.0, 1, 18, 0, 0.0, 0, 3.095016400110332
7, 13.0, 0, 18, 0, 0.0, 0, 2.7354086951149736
7, 14.0, 0, 20, 0, 0.0, 0, 2.4348432435788787
7, 15.0, 0, 22, 0, 0.0, 0, 3.6772992768895176
7, 16.0, 1, 23, 0, 0.0, 2, 4.5190780332347495
7, 17.0, 1, 23, 0, 0.0, 2, 4.940263229169099
7, 18.0, 0, 25, 0, 0.0, 2, 4.742674298269815
7, 19.0, 1, 25, 0, 0.0, 3, 5.879483770090673
7, 20.0, 1, 27, 0, 1.0, 3, 6.460781092125225
7, 21.0, 1, 28, 0, 3.0, 3, 8.253524929373116
7, 22.0, 1, 28, 0, 5.0, 3, 8.882990669486482
7, 23.0, 0, 30, 0, 5.0, 3, 8.644790348108259
7, 24.0, 0, 31, 0, 7.0, 3, 9.337758317186061
7, 25.0, 0, 33, 0, 11.0, 3, 9.787068558967816
7, 26.0, 0, 36, 0, 13.0, 3, 12.049701221552882
7, 27.0, 1, 38, 0, 8.0, 3, 11.280987858594854
7, 28.0, 1, 40, 0, 0.0, 3, 10.962901836672682
7, 29.0, 1, 41, 0, 0.0, 3, 12.81669532255498
7, 30.0, 1, 41, 0, 2.0, 3, 13.145317226344716
7, 31.0, 1, 45, 1, 4.0, 3, 12.589531435871304
7, 32.0, 1, 46, 1, 8.0, 3, 12.5268039801187
7, 33.0, 1, 45, 1, 9.0, 3, 13.060542159158027
7, 34.0, 1, 46, 0, 13.0, 3, 12.493883420726167
7, 35.0, 0, 47, 0, 15.0, 6, 14.092050923125074
7, 36.0, 1, 47, 1, 19.0, 6, 14.34079147624098
7, 37.0, 1, 47, 1, 24.0, 6, 14.962359637096307
7, 38.0, 1, 47, 1, 25.0, 5, 14.612900836818351
7, 39.0, 0, 48, 1, 29.0, 5, 15.328366378079647
7, 40.0, 1, 50, 2, 33.0, 5, 16.480192041806742
7, 41.0, 0, 50, 0, 15.0, 5, 16.71074128407505
7, 42.0, 0, 52, 0, 11.0, 5, 15.792013896676961
7, 43.0, 1, 54, 1, 14.0, 5, 15.078687870456317
7, 44.0, 0, 56, 0, 2.0, 5, 16.90034504044359
7, 45.0, 1, 55, 1, 3.0, 5, 15.90759605779711
7, 46.0, 0, 53, 3, 4.0, 6, 13.942902974930146
7, 47.0, 1, 56, 1, 0.0, 5, 13.25623286553627
7, 48.0, 1, 56, 0, 1.0, 5, 14.376319052297486
7, 49.0, 0, 56, 0, 0.0, 5, 12.47932402391498
7, 50.0, 1, 58, 0, 1.0, 5, 11.6728450914588
7, 51.0, 0, 59, 1, 3.0, 4, 12.064067463868234
7, 52.0, 1, 61, 0, 3.0, 5, 13.204658059544283
7, 53.0, 1, 59, 3, 7.0, 4, 12.706858247783101
7, 54.0, 1, 61, 0, 12.0, 4, 13.649638054037768
7, 55.0, 0, 59, 2, 5.0, 5, 15.54389483550772
7, 56.0, 0, 58, 3, 10.0, 4, 15.830632359912277
7, 57.0, 1, 53, 6, 10.0, 4, 16.11645127706098
7, 58.0, 1, 53, 0, 13.0, 4, 15.29281505455396
7, 59.0, 1, 53, 1, 17.0, 4, 15.276445582346987
7, 60.0, 0, 50, 4, 19.0, 5, 16.21774110791629
7, 61.0, 0, 50, 2, 25.0, 4, 17.259181989353763
7, 62.0, 0, 51, 2, 24.0, 4, 18.85523791167789
7, 63.0, 0, 50, 2, 23.0, 3, 20.769786899009265
7, 64.0, 1, 51, 1, 24.0, 3, 20.029396596667073
7, 65.0, 1, 49, 2, 29.0, 3, 19.86823191044866
7, 66.0, 1, 50, 1, 37.0, 3, 19.410518612458166
7, 67.0, 1, 50, 0, 46.0, 3, 20.963286019168816
7, 68.0, 0, 48, 3, 48.0, 4, 19.92823200661688
7, 69.0, 0, 48, 0, 58.0, 4, 20.042677191104033
7, 70.0, 0, 47, 1, 69.0, 4, 20.202208754502067
7, 71.0, 1, 46, 2, 69.0, 3, 19.527593807035625
7, 72.0, 0, 48, 0, 79.0, 3, 19.24626620184855
7, 73.0, 1, 50, 0, 77.0, 3, 19.71026641757321
7, 74.0, 1, 50, 0, 73.0, 3, 20.37935286342053
7, 75.0, 0, 52, 1, 75.0, 4, 21.587621325589595
7, 76.0, 1, 55, 0, 54.0, 5, 21.150124466413388
7, 77.0, 1, 54, 2, 32.0, 5, 20.391527231737943
7, 78.0, 0, 54, 0, 13.0, 5, 19.34867559170665
7, 79.0, 0, 54, 1, 11.0, 5, 17.387844477022846
7, 80.0, 0, 52, 3, 14.0, 5, 16.120986126494714
7, 81.0, 0, 53, 0, 17.0, 5, 14.675626996435646
7, 82.0, 0, 54, 2, 18.0, 4, 13.462557233411978
7, 83.0, 1, 55, 0, 11.0, 4, 12.59906020118952
7, 84.0, 0, 54, 1, 4.0, 3, 12.325828931733783
7, 85.0, 0, 56, 1, 3.0, 3, 12.029834012640087
7, 86.0, 1, 55, 1, 2.0, 4, 10.736273302260665
7, 87.0, 1, 54, 1, 0.0, 4, 9.709789406136986
7, 88.0, 0, 55, 1, 0.0, 5, 10.481551980104788
7, 89.0, 1, 55, 0, 1.0, 6, 10.744188652771284
7, 90.0, 0, 55, 2, 0.0, 6, 10.716495113272952
7, 91.0, 1, 55, 2, 0.0, 6, 9.8943736476644
7, 92.0, 0, 51, 5, 3.0, 8, 10.929579562477054
7, 93.0, 0, 50, 2, 7.0, 7, 10.551595059321393
7, 94.0, 0, 50, 2, 13.0, 7, 11.476981951855747
7, 95.0, 0, 46, 4, 18.0, 7, 11.96347937942651
7, 96.0, 0, 46, 1, 24.0, 7, 12.056305626226116
7, 97.0, 0, 44, 3, 26.0, 6, 13.19189705761044
7, 98.0, 1, 45, 1, 5.0, 6, 11.055943121721667
7, 99.0, 1, 47, 1, 0.0, 6, 10.13698659512311
7, 100.0, 0, 48, 1, 2.0, 6, 11.68292928373251
7, 101.0, 0, 45, 4, 5.0, 6, 12.073814646345355
7, 102.0, 1, 46, 0, 3.0, 6, 11.469856569629567
7, 103.0, 0, 48, 2, 1.0, 5, 9.689890700396102
7, 104.0, 1, 47, 2, 0.0, 6, 11.190400754100073
7, 105.0, 1, 47, 0, 1.0, 6, 10.964649508583928
7, 106.0, 0, 48, 1, 0.0, 6, 10.213262477565799
7, 107.0, 0, 48, 0, 0.0, 6, 8.932044091398987
7, 108.0, 1, 47, 2, 0.0, 5, 7.556699028900472
7, 109.0, 1, 46, 1, 0.0, 5, 8.20062046985766
7, 110.0, 1, 46, 2, 0.0, 5, 8.553391655789468
7, 111.0, 0, 46, 0, 0.0, 5, 9.751149067427113
7, 112.0, 1, 45, 1, 0.0, 7, 9.103388247819819
7, 113.0, 1, 45, 2, 1.0, 6, 9.721949256788637
7, 114.0, 1, 44, 2, 2.0, 4, 10.458305539041392
7, 115.0, 0, 43, 2, 0.0, 4, 11.029845351973453
7, 116.0, 1, 45, 2, 1.0, 4, 10.696280945230374
7, 117.0, 0, 44, 2, 2.0, 6, 12.063915657742472
7, 118.0, 1, 45, 1, 3.0, 6, 11.493143461535062
7, 119.0, 1, 43, 3, 5.0, 6, 11.05437430132416
7, 120.0, 0, 44, 1, 9.0, 6, 10.435291361150394
7, 121.0, 0, 45, 2, 14.0, 5, 10.943603517241469
7, 122.0, 0, 47, 1, 12.0, 5, 11.420836139869653
7, 123.0, 0, 49, 1, 12.0, 5, 13.772801691754061
7, 124.0, 1, 49, 1, 15.0, 5, 13.315591648708718
7, 125.0, 0, 50, 0, 18.0, 5, 13.621203553247089
7, 126.0, 0, 49, 1, 22.0, 5, 13.849369013454536
7, 127.0, 0, 48, 2, 27.0, 5, 14.240569497747773
7, 128.0, 1, 47, 2, 33.0, 6, 15.032274340909355
7, 129.0, 1, 49, 1, 39.0, 6, 16.05621746610304
7, 130.0, 0, 48, 2, 42.0, 6, 17.401004692285802
7, 131.0, 1, 46, 3, 48.0, 4, 16.583873800901745
7, 132.0, 0, 47, 0, 55.0, 4, 17.939956876033058
7, 133.0, 1, 47, 0, 56.0, 4, 19.58783726545889
7, 134.0, 1, 48, 1, 65.0, 4, 20.5336246598168
7, 135.0, 0, 51, 0, 73.0, 5, 20.56672972091125
7, 136.0, 0, 52, 0, 84.0, 5, 22.214731984305246
7, 137.0, 0, 51, 1, 70.0, 5, 22.610001562207156
7, 138.0, 0, 52, 0, 62.0, 5, 21.401787277743004
7, 139.0, 0, 52, 1, 74.0, 5, 21.69442767749563
7, 140.0, 0, 54, 0, 81.0, 5, 21.89407930413283
7, 141.0, 1, 56, 1, 84.0, 5, 20.751167718232537
7, 142.0, 1, 56, 1, 89.0, 5, 20.788268460219054
7, 143.0, 1, 56, 1, 99.0, 5, 23.275379867327988
7, 144.0, 1, 54, 2, 112.0, 4, 22.082372249666363
7, 145.0, 0, 55, 0, 119.0, 4, 21.175713678892006
7, 146.0, 1, 56, 0, 132.0, 4, 20.09559348967826
7, 147.0, 0, 54, 3, 120.0, 6, 21.200065758576365
7, 148.0, 0, 54, 0, 135.0, 6, 22.171770803759056
7, 149.0, 1, 53, 2, 124.0, 7, 21.647804002711087
7, 150.0, 1, 53, 1, 139.0, 8, 20.957463508044377
7, 151.0, 0, 56, 0, 142.0, 8, 20.717637458893485
7, 152.0, 0, 53, 3, 153.0, 8, 19.509441257301688
7, 153.0, 1, 53, 1, 138.0, 7, 19.080813085030254
7, 154.0, 0, 52, 2, 86.0, 6, 18.65534224552104
7, 155.0, 0, 54, 0, 85.0, 6, 18.931369049543175
7, 156.0, 0, 54, 2, 93.0, 5, 18.299503938379203
7, 157.0, 0, 53, 1, 101.0, 5, 17.752531966389512
7, 158.0, 0, 53, 2, 111.0, 5, 17.14640991016435
7, 159.0, 1, 53, 2, 107.0, 6, 17.25038449890298
7, 160.0, 1, 53, 1, 72.0, 6, 17.277244498487313
7, 161.0, 0, 53, 0, 76.0, 6, 16.831828807334137
7, 162.0, 1, 52, 2, 80.0, 6, 15.484852503162696
7, 163.0, 1, 52, 1, 83.0, 6, 15.359890348408422
7, 164.0, 0, 52, 2, 87.0, 5, 14.011562961387801
7, 165.0, 1, 51, 1, 93.0, 7, 14.66573015943796
7, 166.0, 1, 51, 3, 97.0, 5, 13.338448689595337
7, 167.0, 1, 51, 0, 69.0, 5, 13.375875017910944
7, 168.0, 0, 54, 0, 3.0, 6, 12.735621545874428
7, 169.0, 0, 52, 3, 4.0, 6, 12.752072049891108
7, 170.0, 0, 52, 1, 7.0, 6, 13.133155582045665
7, 171.0, 1, 50, 4, 8.0, 5, 11.959620915422693
7, 172.0, 0, 51, 1, 9.0, 6, 12.76429357340061
7, 173.0, 0, 52, 2, 14.0, 6, 13.724068382386038
7, 174.0, 0, 54, 0, 19.0, 6, 13.620287722407605
7, 175.0, 0, 58, 1, 23.0, 6, 14.220180085479416
7, 176.0, 0, 58, 0, 30.0, 6, 14.463413798372104
7, 177.0, 0, 56, 3, 32.0, 6, 13.625958778641639
7, 178.0, 0, 55, 3, 39.0, 6, 14.160574837956029
7, 179.0, 1, 54, 1, 0.0, 6, 14.347926363917065
7, 180.0, 1, 52, 2, 1.0, 6, 12.985903492310253
7, 181.0, 1, 53, 0, 4.0, 6, 14.115317662510899
7, 182.0, 1, 52, 2, 9.0, 6, 13.375160703293547
7, 183.0, 1, 49, 3, 16.0, 5, 13.358971587858326
7, 184.0, 0, 46, 3, 4.0, 5, 12.285473663905394
7, 185.0, 0, 48, 0, 0.0, 5, 11.687188936915438
7, 186.0, 0, 51, 1, 2.0, 5, 14.272040499636184
7, 187.0, 1, 51, 1, 1.0, 6, 15.435935694066265
7, 188.0, 1, 52, 2, 4.0, 5, 14.545246127189325
7, 189.0, 1, 52, 1, 8.0, 5, 15.872530995556065
7, 190.0, 1, 54, 0, 10.0, 5, 16.649786855673945
7, 191.0, 0, 55, 1, 10.0, 5, 16.431526543216187
7, 192.0, 0, 56, 1, 7.0, 5, 14.805005927993417
7, 193.0, 1, 58, 1, 6.0, 5, 13.855777778351822
7, 194.0, 0, 57, 1, 9.0, 6, 13.097313185600248
7, 195.0, 0, 57, 2, 5.0, 6, 11.807708438238345
7, 196.0, 0, 57, 1, 9.0, 6, 13.009068948725044
7, 197.0, 1, 56, 1, 10.0, 6, 10.249842944005989
7, 198.0, 1, 54, 4, 3.0, 6, 8.181773275997132
7, 199.0, 1, 53, 2, 0.0, 6, 9.114381661786561
7, 200.0, 1, 51, 3, 0.0, 6, 9.36637463038852
7, 201.0, 1, 51, 0, 1.0, 6, 9.56028170566127
7, 202.0, 0, 49, 2, 1.0, 6, 9.080410945273561
7, 203.0, 1, 48, 1, 0.0, 6, 7.629029232457341
7, 204.0, 0, 46, 2, 0.0, 7, 8.584265196906442
7, 205.0, 0, 45, 1, 1.0, 7, 9.653308685762097
7, 206.0, 1, 44, 1, 0.0, 7, 9.770390902768993
7, 207.0, 1, 42, 2, 1.0, 6, 10.394579167864634
7, 208.0, 0, 39, 3, 0.0, 5, 10.400368272779584
7, 209.0, 0, 36, 3, 1.0, 5, 10.741927381602402
7, 210.0, 0, 35, 1, 2.0, 5, 10.628415789020734
7, 211.0, 1, 33, 2, 4.0, 5, 9.403160352519588
7, 212.0, 0, 31, 2, 0.0, 5, 9.531520760371293
7, 213.0, 0, 30, 1, 2.0, 5, 9.103600065811168
7, 214.0, 1, 30, 0, 3.0, 5, 7.811656002397731
7, 215.0, 1, 28, 2, 5.0, 5, 6.7370401105838305
7, 216.0, 0, 26, 2, 3.0, 4, 6.780353594958863
7, 217.0, 1, 25, 1, 0.0, 4, 4.931281816807686
7, 218.0, 1, 24, 1, 0.0, 4, 3.8377400936283346
7, 219.0, 1, 22, 2, 0.0, 3, 3.2806185227263693
7, 220.0, 1, 21, 1, 0.0, 2, 2.6322695941345637
7, 221.0, 0, 20, 1, 0.0, 2, 1.6525829528941687
7, 222.0, 1, 18, 2, 0.0, 2, 0.9312006944247027
7, 223.0, 0, 17, 1, 0.0, 2, 0.5877551306126252
7, 224.0, 0, 17, 0, 0.0, 2, 1.034912604723067
7, 225.0, 0, 16, 1, 0.0, 2, 0.7844671505974241
7, 226.0, 0, 13, 3, 0.0, 1, 0.9532434281732716
7, 227.0, 0, 12, 1, 0.0, 1, 0.7238549550358244
7, 228.0, 0, 10, 2, 0.0, 1, 0.5884133611954825
7, 229.0, 0, 6, 4, 0.0, 1, 0.3380843159679605
7, 230.0, 0, 6, 0, 0.0, 1, 0.37772993390407983
7, 231.0, 1, 6, 0, 0.0, 1, 0.2705277292436232
7, 232.0, 0, 6, 0, 0.0, 1, 0.28679303859560346
7, 233.0, 0, 5, 1, 0.0, 0, 0.3271133922667744
7, 234.0, 0, 3, 2, 0.0, 0, 0.17802067003854294
7, 235.0, 1, 3, 0, 0.0, 0, 0.19499411819435153
7, 236.0, 0, 1, 2, 0.0, 0, 0.02752025499348143
7, 237.0, 1, 1, 0, 0.0, 0, 0.0035737809842792956
7, 238.0, 1, 1, 0, 0.0, 0, 0.022502082422038328
7, 239.0, 1, 1, 0, 0.0, 0, 0.0005551897105178227
7, 240.0, 1, 1, 0, 0.0, 0, 0.05399606179118166
7, 241.0, 1, 1, 0, 0.0, 0, 0.009875584843749508
7, 242.0, 1, 1, 0, 0.0, 0, 0.05814026298586228
7, 243.0, 1, 0, 1, 0, 0, 0
8, 1.0, 1, 2, 0, 0.0, 0, 0.0
8, 2.0, 1, 3, 0, 0.0, 0, 1.0814256854756554
8, 3.0, 1, 5, 0, 0.0, 0, 1.2317430816274335
8, 4.0, 1, 7, 0, 0.0, 0, 1.2562929516962287
8, 5.0, 1, 9, 0, 0.0, 0, 1.3267641311373821
8, 6.0, 1, 9, 0, 0.0, 0, 1.1958048679358226
8, 7.0, 0, 10, 0, 0.0, 0, 0.8231502954305336
8, 8.0, 0, 11, 0, 0.0, 0, 1.0949618552544191
8, 9.0, 0, 12, 0, 0.0, 0, 1.613748799613663
8, 10.0, 0, 15, 0, 0.0, 0, 2.1519767132714427
8, 11.0, 1, 16, 0, 0.0, 0, 2.895102088409554
8, 12.0, 0, 18, 0, 0.0, 0, 3.04544383182529
8, 13.0, 1, 18, 0, 0.0, 0, 2.602073760550854
8, 14.0, 0, 20, 0, 0.0, 0, 2.6364540557529095
8, 15.0, 0, 22, 0, 0.0, 0, 3.675667114379896
8, 16.0, 0, 23, 0, 0.0, 0, 4.991602588047949
8, 17.0, 1, 23, 0, 0.0, 0, 4.041679829664714
8, 18.0, 0, 25, 0, 0.0, 0, 3.922795771224262
8, 19.0, 1, 25, 0, 0.0, 0, 5.59324111201302
8, 20.0, 1, 27, 0, 1.0, 0, 4.93146281251722
8, 21.0, 1, 28, 0, 3.0, 0, 6.911177377720918
8, 22.0, 0, 28, 0, 0.0, 0, 6.350737584045468
8, 23.0, 0, 30, 0, 0.0, 0, 5.912723305377641
8, 24.0, 0, 31, 0, 0.0, 0, 7.357556887680958
8, 25.0, 0, 33, 0, 0.0, 0, 7.040194516916457
8, 26.0, 1, 36, 0, 0.0, 1, 7.428996885388085
8, 27.0, 1, 38, 0, 1.0, 1, 8.0389349441792
8, 28.0, 0, 40, 0, 0.0, 2, 8.043816949784787
8, 29.0, 1, 41, 0, 0.0, 2, 7.181153700534894
8, 30.0, 0, 41, 0, 0.0, 4, 8.16573261305044
8, 31.0, 0, 46, 0, 1.0, 4, 7.273596374652292
8, 32.0, 0, 48, 0, 3.0, 4, 7.543333224138207
8, 33.0, 1, 44, 4, 0.0, 4, 7.576509856429117
8, 34.0, 1, 45, 0, 0.0, 4, 6.896084503280429
8, 35.0, 1, 46, 0, 1.0, 4, 6.45535010218871
8, 36.0, 0, 44, 3, 1.0, 6, 8.109466060424715
8, 37.0, 0, 44, 1, 2.0, 6, 8.822012200842796
8, 38.0, 1, 43, 2, 0.0, 6, 9.654169690619097
8, 39.0, 1, 45, 0, 0.0, 6, 10.690783384055045
8, 40.0, 1, 48, 1, 0.0, 6, 12.388299017480646
8, 41.0, 0, 47, 1, 1.0, 6, 12.38660810182552
8, 42.0, 1, 47, 2, 0.0, 7, 10.748967153009273
8, 43.0, 1, 50, 0, 0.0, 7, 11.29898299661649
8, 44.0, 1, 51, 1, 1.0, 7, 13.162868967281247
8, 45.0, 1, 49, 2, 6.0, 6, 12.653541398347114
8, 46.0, 1, 50, 0, 11.0, 6, 10.97220990837402
8, 47.0, 1, 52, 1, 17.0, 6, 12.110183179242558
8, 48.0, 1, 53, 0, 24.0, 6, 14.07636084804844
8, 49.0, 1, 50, 3, 21.0, 4, 14.18366924104703
8, 50.0, 1, 51, 1, 26.0, 4, 13.95901592765517
8, 51.0, 1, 54, 0, 32.0, 4, 14.249742319412773
8, 52.0, 1, 54, 1, 40.0, 4, 14.939512183136916
8, 53.0, 1, 55, 0, 48.0, 4, 15.379474133178267
8, 54.0, 1, 55, 2, 49.0, 3, 16.129859479694076
8, 55.0, 1, 51, 4, 44.0, 2, 18.51867758108949
8, 56.0, 0, 52, 1, 12.0, 2, 16.837745657484536
8, 57.0, 0, 50, 3, 1.0, 3, 16.654422975534203
8, 58.0, 1, 49, 1, 2.0, 3, 17.09693979782013
8, 59.0, 1, 50, 0, 6.0, 3, 16.515874215120732
8, 60.0, 1, 51, 0, 13.0, 3, 16.633647901869892
8, 61.0, 0, 49, 4, 9.0, 2, 16.04282025608494
8, 62.0, 0, 51, 1, 6.0, 2, 15.440891550584064
8, 63.0, 0, 51, 1, 9.0, 2, 16.16626148401349
8, 64.0, 0, 53, 0, 13.0, 2, 16.46017121250912
8, 65.0, 0, 53, 0, 14.0, 2, 16.79829126345678
8, 66.0, 0, 53, 2, 20.0, 2, 16.885620112545098
8, 67.0, 1, 51, 2, 5.0, 2, 16.72217851061472
8, 68.0, 0, 52, 0, 2.0, 2, 14.160025897079748
8, 69.0, 1, 51, 1, 3.0, 3, 15.060284132198174
8, 70.0, 1, 51, 0, 5.0, 3, 13.423822304399105
8, 71.0, 0, 51, 1, 3.0, 4, 12.283955847344954
8, 72.0, 0, 51, 2, 5.0, 4, 12.087047309954121
8, 73.0, 1, 52, 1, 5.0, 4, 12.109997718816901
8, 74.0, 1, 50, 2, 2.0, 4, 13.146157371559728
8, 75.0, 1, 52, 1, 3.0, 4, 13.165545515031505
8, 76.0, 1, 53, 2, 5.0, 3, 13.174945122774513
8, 77.0, 0, 53, 1, 8.0, 3, 14.46308623760456
8, 78.0, 0, 48, 5, 14.0, 3, 14.737385404809666
8, 79.0, 1, 47, 2, 21.0, 3, 14.501811366272506
8, 80.0, 0, 47, 1, 28.0, 4, 14.9057377629077
8, 81.0, 0, 47, 1, 30.0, 4, 14.078179048427792
8, 82.0, 1, 49, 1, 36.0, 4, 13.914406964965917
8, 83.0, 0, 49, 1, 38.0, 4, 14.4026859755903
8, 84.0, 0, 46, 3, 46.0, 3, 15.4357262343083
8, 85.0, 0, 47, 2, 42.0, 3, 16.23799774421954
8, 86.0, 0, 45, 2, 50.0, 3, 16.094159472582593
8, 87.0, 0, 43, 2, 60.0, 3, 15.556543718998
8, 88.0, 0, 45, 0, 71.0, 3, 15.110389628701256
8, 89.0, 0, 43, 2, 82.0, 3, 17.27555568080377
8, 90.0, 0, 44, 1, 93.0, 2, 18.00846131914916
8, 91.0, 0, 45, 1, 106.0, 2, 18.62006811544046
8, 92.0, 0, 46, 0, 120.0, 2, 19.789483923553025
8, 93.0, 1, 47, 0, 82.0, 2, 18.469479219545086
8, 94.0, 0, 48, 1, 72.0, 1, 17.020875810435413
8, 95.0, 1, 47, 1, 57.0, 2, 18.239771062027504
8, 96.0, 1, 48, 0, 48.0, 2, 16.8419234609488
8, 97.0, 1, 47, 2, 39.0, 2, 15.626208381573385
8, 98.0, 0, 48, 1, 28.0, 2, 15.820047043848248
8, 99.0, 0, 50, 1, 12.0, 2, 16.65287113355364
8, 100.0, 0, 51, 1, 12.0, 2, 16.974724156748064
8, 101.0, 1, 51, 1, 14.0, 2, 15.890778968941323
8, 102.0, 1, 51, 1, 0.0, 2, 15.601626232283381
8, 103.0, 0, 54, 1, 1.0, 4, 15.556009665212471
8, 104.0, 1, 54, 1, 1.0, 5, 16.98058789723251
8, 105.0, 1, 53, 1, 4.0, 5, 17.20704909715447
8, 106.0, 0, 55, 0, 0.0, 5, 15.409742098623795
8, 107.0, 0, 54, 1, 1.0, 5, 13.949472097404378
8, 108.0, 1, 54, 1, 3.0, 5, 13.935010847453738
8, 109.0, 1, 53, 1, 0.0, 5, 13.936801520330803
8, 110.0, 1, 53, 2, 0.0, 5, 14.264720835902239
8, 111.0, 0, 52, 1, 0.0, 5, 14.305164576776548
8, 112.0, 1, 50, 2, 0.0, 5, 12.550795476006044
8, 113.0, 1, 52, 0, 0.0, 5, 12.390449380966203
8, 114.0, 1, 51, 2, 1.0, 5, 13.77190559501701
8, 115.0, 1, 50, 2, 4.0, 5, 14.289882901852394
8, 116.0, 1, 52, 2, 8.0, 4, 15.04826466028854
8, 117.0, 1, 51, 2, 12.0, 4, 15.523161930043576
8, 118.0, 1, 51, 2, 16.0, 4, 14.955782442871113
8, 119.0, 1, 51, 1, 23.0, 3, 14.383208403509558
8, 120.0, 0, 50, 3, 1.0, 3, 12.627166204871436
8, 121.0, 0, 49, 4, 2.0, 1, 12.291840851462359
8, 122.0, 0, 52, 0, 4.0, 1, 13.599666179018834
8, 123.0, 1, 55, 0, 2.0, 2, 13.350641048343292
8, 124.0, 0, 55, 1, 0.0, 2, 12.853000040313395
8, 125.0, 1, 55, 0, 0.0, 2, 12.609210007018884
8, 126.0, 1, 54, 2, 0.0, 2, 11.07206787591379
8, 127.0, 0, 52, 3, 2.0, 2, 11.264948164311997
8, 128.0, 1, 50, 3, 2.0, 1, 11.74604647306254
8, 129.0, 1, 51, 2, 3.0, 1, 10.776986573759029
8, 130.0, 0, 50, 1, 5.0, 1, 13.142884288975571
8, 131.0, 0, 51, 1, 7.0, 1, 12.433661325041152
8, 132.0, 0, 52, 0, 8.0, 1, 13.699546197839137
8, 133.0, 0, 52, 0, 12.0, 1, 14.252268739415143
8, 134.0, 1, 53, 1, 13.0, 4, 15.536106513715625
8, 135.0, 0, 55, 1, 12.0, 5, 15.567221130877828
8, 136.0, 0, 50, 5, 15.0, 5, 18.825269623507296
8, 137.0, 1, 48, 3, 18.0, 5, 17.105711844277636
8, 138.0, 1, 50, 0, 22.0, 5, 15.837893098578643
8, 139.0, 0, 50, 0, 14.0, 5, 15.979681262209999
8, 140.0, 1, 50, 2, 18.0, 5, 13.265398926300568
8, 141.0, 0, 51, 2, 14.0, 6, 14.664775576225912
8, 142.0, 0, 52, 0, 9.0, 6, 15.793198391556794
8, 143.0, 0, 51, 2, 3.0, 6, 15.250584879054529
8, 144.0, 0, 49, 2, 4.0, 6, 15.957536964734702
8, 145.0, 0, 50, 0, 7.0, 6, 15.113652690834547
8, 146.0, 1, 51, 0, 1.0, 6, 13.814869752723279
8, 147.0, 0, 51, 1, 0.0, 6, 12.123651037719602
8, 148.0, 0, 50, 1, 1.0, 5, 12.14546695577381
8, 149.0, 1, 51, 0, 2.0, 6, 10.776772408956948
8, 150.0, 1, 49, 3, 4.0, 6, 10.499761442083791
8, 151.0, 0, 50, 2, 4.0, 7, 11.38862714514521
8, 152.0, 0, 48, 2, 5.0, 7, 12.178704191097646
8, 153.0, 1, 47, 2, 1.0, 5, 11.516525291443934
8, 154.0, 1, 47, 1, 3.0, 5, 11.003603181882063
8, 155.0, 0, 47, 2, 0.0, 5, 10.369107259585109
8, 156.0, 0, 47, 2, 0.0, 5, 10.153939744848453
8, 157.0, 1, 47, 0, 0.0, 5, 11.217155231517593
8, 158.0, 0, 44, 5, 0.0, 3, 9.271658788983821
8, 159.0, 1, 45, 1, 1.0, 3, 9.864019601746685
8, 160.0, 1, 45, 1, 2.0, 3, 8.472553582640007
8, 161.0, 1, 43, 2, 3.0, 3, 8.19180313871883
8, 162.0, 0, 44, 0, 1.0, 3, 8.607472750014951
8, 163.0, 1, 44, 1, 0.0, 4, 6.83175457312083
8, 164.0, 1, 44, 2, 1.0, 3, 7.843832576829119
8, 165.0, 1, 42, 2, 2.0, 3, 8.83945992579506
8, 166.0, 1, 44, 1, 3.0, 3, 8.278199825053974
8, 167.0, 1, 42, 2, 4.0, 3, 8.539729251231265
8, 168.0, 1, 44, 1, 7.0, 3, 8.775024366126281
8, 169.0, 0, 41, 4, 1.0, 6, 10.659751770806185
8, 170.0, 0, 41, 1, 4.0, 6, 11.181828581772903
8, 171.0, 1, 42, 1, 0.0, 6, 10.425337387686659
8, 172.0, 0, 43, 1, 0.0, 7, 10.256704008928846
8, 173.0, 0, 45, 1, 3.0, 7, 10.072990470558583
8, 174.0, 0, 46, 2, 6.0, 6, 9.999405484867237
8, 175.0, 1, 49, 1, 3.0, 6, 8.253904963387614
8, 176.0, 1, 50, 0, 4.0, 6, 9.053930009863032
8, 177.0, 1, 49, 1, 5.0, 5, 9.049754478074114
8, 178.0, 0, 51, 0, 1.0, 5, 7.256539516691568
8, 179.0, 0, 50, 1, 0.0, 5, 8.516310843179022
8, 180.0, 1, 47, 3, 0.0, 5, 8.014096592783357
8, 181.0, 0, 45, 3, 2.0, 7, 8.855191242257515
8, 182.0, 0, 46, 0, 6.0, 7, 8.75924652609631
8, 183.0, 0, 46, 0, 8.0, 7, 10.203269616171598
8, 184.0, 0, 45, 1, 11.0, 7, 10.660538956579833
8, 185.0, 1, 47, 0, 5.0, 7, 10.683799123783645
8, 186.0, 0, 48, 3, 7.0, 6, 12.082743020796665
8, 187.0, 1, 47, 2, 2.0, 7, 16.59274310723142
8, 188.0, 1, 49, 1, 2.0, 7, 15.245153770365603
8, 189.0, 1, 49, 1, 4.0, 6, 14.974011461882617
8, 190.0, 0, 50, 1, 0.0, 5, 14.19671818869508
8, 191.0, 0, 51, 1, 0.0, 5, 13.140259630191593
8, 192.0, 1, 53, 0, 1.0, 5, 11.226533077898264
8, 193.0, 0, 54, 2, 2.0, 6, 10.388040300670268
8, 194.0, 0, 51, 3, 5.0, 5, 10.535316784932602
8, 195.0, 1, 52, 1, 6.0, 4, 8.40834542166242
8, 196.0, 1, 51, 2, 5.0, 4, 8.14986876909603
8, 197.0, 0, 51, 0, 6.0, 5, 7.99983383421245
8, 198.0, 1, 53, 0, 7.0, 5, 6.980880514062761
8, 199.0, 1, 52, 2, 0.0, 5, 6.896026814591115
8, 200.0, 1, 52, 1, 0.0, 4, 6.356217482153055
8, 201.0, 1, 52, 0, 0.0, 4, 7.438983252424994
8, 202.0, 0, 47, 5, 1.0, 5, 7.483057601467228
8, 203.0, 1, 44, 3, 0.0, 5, 6.282492830566099
8, 204.0, 1, 42, 2, 1.0, 5, 6.693651260213105
8, 205.0, 1, 38, 4, 2.0, 4, 8.319348088984494
8, 206.0, 1, 38, 0, 4.0, 4, 8.519200967261346
8, 207.0, 1, 37, 1, 6.0, 4, 8.63938610924449
8, 208.0, 0, 34, 3, 3.0, 4, 7.85793443103248
8, 209.0, 0, 34, 0, 0.0, 4, 7.643093910690747
8, 210.0, 1, 33, 1, 0.0, 4, 8.421195500910942
8, 211.0, 0, 32, 1, 1.0, 4, 8.308912496438447
8, 212.0, 0, 29, 3, 2.0, 3, 8.693438158607433
8, 213.0, 0, 27, 2, 4.0, 2, 8.887401800686092
8, 214.0, 0, 27, 0, 2.0, 2, 9.034314881192195
8, 215.0, 0, 24, 3, 4.0, 1, 8.171205892123169
8, 216.0, 1, 24, 0, 2.0, 1, 6.898287908417799
8, 217.0, 0, 24, 0, 0.0, 1, 5.927147017754825
8, 218.0, 0, 22, 2, 0.0, 1, 5.2249976615823694
8, 219.0, 0, 22, 0, 0.0, 1, 4.888080832765462
8, 220.0, 0, 22, 0, 1.0, 1, 4.3105430244515555
8, 221.0, 0, 20, 2, 2.0, 0, 4.442200563117016
8, 222.0, 0, 16, 4, 4.0, 0, 3.68240353259923
8, 223.0, 1, 14, 2, 0.0, 0, 2.7649371532357345
8, 224.0, 0, 13, 1, 0.0, 0, 1.9042049107400585
8, 225.0, 0, 13, 0, 0.0, 0, 2.2262593822516106
8, 226.0, 1, 11, 2, 0.0, 0, 1.5969307989265737
8, 227.0, 0, 10, 1, 0.0, 0, 0.9415403743488104
8, 228.0, 0, 9, 1, 0.0, 0, 1.2549284513962227
8, 229.0, 0, 9, 0, 0.0, 0, 0.9349361116483177
8, 230.0, 1, 9, 0, 0.0, 0, 0.810301686894245
8, 231.0, 1, 9, 0, 0.0, 0, 0.734688964962114
8, 232.0, 0, 7, 2, 0.0, 0, 0.5147076734245193
8, 233.0, 0, 6, 1, 0.0, 0, 0.29729699909100304
8, 234.0, 0, 5, 1, 0.0, 0, 0.43443439819409146
8, 235.0, 0, 4, 1, 0.0, 0, 0.279515042361016
8, 236.0, 0, 4, 0, 0.0, 0, 0.2628318959479543
8, 237.0, 0, 4, 0, 0.0, 0, 0.4081720772892794
8, 238.0, 0, 4, 0, 0.0, 0, 0.358705538183937
8, 239.0, 1, 2, 2, 0.0, 0, 0.3048284314256051
8, 240.0, 1, 1, 1, 0.0, 0, 0.1811252226607003
8, 241.0, 0, 1, 0, 0.0, 0, 0.08083017379874136
8, 242.0, 0, 0, 1, 0, 0, 0
9, 1.0, 1, 2, 0, 0.0, 0, 0.0
9, 2.0, 0, 3, 0, 0.0, 0, 1.0814256854756554
9, 3.0, 0, 5, 0, 0.0, 0, 1.2317430816274335
9, 4.0, 0, 7, 0, 0.0, 0, 1.2562929516962287
9, 5.0, 1, 9, 0, 0.0, 0, 1.3267641311373821
9, 6.0, 1, 9, 0, 0.0, 0, 1.2111458088704232
9, 7.0, 1, 10, 0, 0.0, 0, 0.8241869857907528
9, 8.0, 1, 11, 0, 0.0, 0, 1.1261125852745222
9, 9.0, 0, 12, 0, 0.0, 0, 1.687215381166026
9, 10.0, 1, 15, 0, 0.0, 0, 1.9070519360886862
9, 11.0, 1, 16, 0, 0.0, 0, 3.0477319902337747
9, 12.0, 0, 18, 0, 0.0, 0, 2.9296277069508685
9, 13.0, 1, 18, 0, 0.0, 0, 2.6774696934226325
9, 14.0, 1, 20, 0, 0.0, 0, 2.268059610804526
9, 15.0, 0, 22, 0, 0.0, 2, 3.9974570048327345
9, 16.0, 1, 23, 0, 0.0, 3, 4.71267752163038
9, 17.0, 0, 23, 0, 0.0, 3, 4.072696494758546
9, 18.0, 0, 25, 0, 0.0, 3, 4.585914519418692
9, 19.0, 0, 25, 0, 1.0, 3, 6.252344125905507
9, 20.0, 1, 27, 0, 3.0, 5, 6.655160687580429
9, 21.0, 1, 28, 0, 5.0, 5, 8.119006532723429
9, 22.0, 0, 28, 0, 4.0, 5, 9.193387298451247
9, 23.0, 1, 30, 0, 6.0, 6, 8.816703360789155
9, 24.0, 0, 31, 0, 9.0, 7, 10.09068932259712
9, 25.0, 0, 33, 0, 12.0, 7, 10.980009177628036
9, 26.0, 1, 36, 0, 13.0, 8, 11.854562424674059
9, 27.0, 1, 38, 0, 12.0, 8, 12.527989685573855
9, 28.0, 0, 40, 0, 3.0, 9, 12.69501163248369
9, 29.0, 0, 41, 0, 5.0, 9, 14.222875274367913
9, 30.0, 0, 41, 0, 9.0, 9, 14.073977469412496
9, 31.0, 1, 46, 0, 6.0, 9, 12.469630350961223
9, 32.0, 1, 47, 1, 7.0, 8, 11.956680627720653
9, 33.0, 0, 45, 2, 9.0, 7, 12.610161782035608
9, 34.0, 1, 46, 0, 3.0, 8, 11.805947661466945
9, 35.0, 1, 47, 0, 6.0, 8, 11.68991986954966
9, 36.0, 0, 48, 0, 7.0, 10, 12.519776619180767
9, 37.0, 1, 47, 2, 5.0, 9, 10.992305647945095
9, 38.0, 1, 48, 0, 1.0, 9, 11.882394212467165
9, 39.0, 1, 48, 2, 4.0, 7, 13.156611709820082
9, 40.0, 1, 51, 1, 5.0, 7, 13.887866898875403
9, 41.0, 1, 50, 1, 7.0, 7, 15.676950933165017
9, 42.0, 1, 52, 0, 12.0, 7, 15.427085502535359
9, 43.0, 0, 55, 0, 1.0, 7, 14.834354228548502
9, 44.0, 0, 57, 0, 2.0, 7, 14.35604140425244
9, 45.0, 0, 54, 3, 4.0, 7, 15.573401670500717
9, 46.0, 1, 54, 1, 2.0, 7, 14.48312912357644
9, 47.0, 1, 55, 2, 2.0, 7, 13.438953827397501
9, 48.0, 0, 56, 0, 2.0, 7, 13.80073497106636
9, 49.0, 0, 56, 0, 3.0, 7, 12.729692164716061
9, 50.0, 0, 56, 2, 1.0, 6, 12.31403074902803
9, 51.0, 0, 57, 2, 5.0, 5, 13.680568702910207
9, 52.0, 1, 57, 1, 6.0, 7, 14.911356317973159
9, 53.0, 0, 57, 1, 6.0, 7, 13.266902859531305
9, 54.0, 0, 58, 1, 8.0, 6, 14.10552823829587
9, 55.0, 1, 54, 4, 11.0, 5, 15.993003011172636
9, 56.0, 1, 55, 1, 15.0, 4, 15.516259435530225
9, 57.0, 0, 53, 3, 11.0, 4, 16.118050956257242
9, 58.0, 1, 52, 1, 6.0, 5, 15.01158780306231
9, 59.0, 1, 50, 3, 7.0, 4, 15.214656604467377
9, 60.0, 0, 49, 2, 8.0, 4, 15.294937999652042
9, 61.0, 1, 50, 1, 12.0, 4, 14.724404776033673
9, 62.0, 0, 52, 1, 16.0, 5, 15.494006637325638
9, 63.0, 1, 51, 2, 22.0, 5, 17.19263898188923
9, 64.0, 0, 53, 0, 26.0, 8, 17.735846012297095
9, 65.0, 1, 51, 2, 31.0, 8, 17.926997364043604
9, 66.0, 0, 52, 1, 28.0, 8, 15.871385936974617
9, 67.0, 0, 51, 1, 29.0, 8, 15.719281155281179
9, 68.0, 0, 51, 1, 30.0, 8, 14.513986827077332
9, 69.0, 0, 50, 1, 34.0, 8, 14.063033936070886
9, 70.0, 0, 49, 1, 39.0, 8, 13.476827891345751
9, 71.0, 1, 49, 1, 12.0, 7, 11.341817772022674
9, 72.0, 0, 49, 2, 15.0, 7, 11.140919534973284
9, 73.0, 1, 51, 0, 3.0, 7, 11.298896057105297
9, 74.0, 0, 50, 1, 5.0, 9, 13.544397630790002
9, 75.0, 1, 52, 1, 7.0, 10, 12.530263937349387
9, 76.0, 1, 50, 5, 9.0, 10, 11.05481530620639
9, 77.0, 0, 51, 0, 6.0, 10, 10.721895600719659
9, 78.0, 1, 48, 3, 7.0, 9, 8.301340565644814
9, 79.0, 1, 49, 0, 8.0, 9, 8.90094342236266
9, 80.0, 0, 48, 2, 9.0, 9, 8.037354906140216
9, 81.0, 0, 48, 1, 10.0, 9, 8.080107898236314
9, 82.0, 0, 48, 3, 12.0, 8, 9.402233640887461
9, 83.0, 1, 49, 0, 12.0, 8, 9.214887207353025
9, 84.0, 1, 48, 1, 14.0, 7, 9.726156822721313
9, 85.0, 0, 50, 1, 2.0, 8, 9.341515324198728
9, 86.0, 1, 48, 2, 4.0, 8, 8.98396297672382
9, 87.0, 0, 43, 5, 3.0, 7, 9.268627598072278
9, 88.0, 0, 43, 2, 6.0, 7, 9.016765877976564
9, 89.0, 1, 43, 0, 4.0, 8, 9.233548262698527
9, 90.0, 0, 41, 4, 0.0, 9, 10.064635747690291
9, 91.0, 0, 41, 2, 0.0, 8, 11.033217746215813
9, 92.0, 0, 40, 2, 4.0, 7, 11.197982118188797
9, 93.0, 0, 40, 1, 9.0, 7, 12.158181366132856
9, 94.0, 0, 42, 0, 14.0, 7, 12.681099852592425
9, 95.0, 0, 41, 1, 20.0, 7, 14.278223514768975
9, 96.0, 0, 41, 1, 23.0, 7, 13.951958369579222
9, 97.0, 1, 42, 0, 1.0, 8, 13.238677980727605
9, 98.0, 0, 42, 2, 1.0, 7, 11.35020319184045
9, 99.0, 0, 44, 1, 3.0, 7, 14.12496942653274
9, 100.0, 0, 45, 1, 2.0, 7, 13.702655003553335
9, 101.0, 1, 45, 1, 1.0, 6, 11.708269988607277
9, 102.0, 0, 44, 2, 3.0, 5, 11.587559970181593
9, 103.0, 0, 46, 2, 2.0, 5, 11.649371489903196
9, 104.0, 1, 47, 0, 3.0, 6, 13.156153867049923
9, 105.0, 1, 46, 1, 2.0, 6, 12.728364385229302
9, 106.0, 1, 48, 0, 5.0, 6, 11.245482960936705
9, 107.0, 0, 48, 0, 0.0, 7, 10.488802369117337
9, 108.0, 0, 49, 0, 2.0, 7, 9.511524581399653
9, 109.0, 0, 49, 0, 5.0, 7, 9.491030145986025
9, 110.0, 1, 49, 2, 0.0, 8, 9.705400311528342
9, 111.0, 1, 48, 1, 0.0, 7, 10.473023979453842
9, 112.0, 1, 46, 2, 1.0, 7, 11.9408888270641
9, 113.0, 1, 47, 1, 3.0, 7, 12.346069097332594
9, 114.0, 1, 45, 3, 8.0, 5, 13.204003673495311
9, 115.0, 1, 44, 2, 14.0, 5, 12.720488880208226
9, 116.0, 1, 46, 2, 20.0, 5, 12.71391438626847
9, 117.0, 0, 46, 1, 0.0, 5, 12.723457307204942
9, 118.0, 1, 45, 3, 0.0, 5, 10.280558044851732
9, 119.0, 0, 46, 0, 1.0, 6, 8.71064837907787
9, 120.0, 1, 46, 2, 0.0, 6, 8.473776987115748
9, 121.0, 0, 48, 1, 0.0, 6, 7.264836208048334
9, 122.0, 0, 49, 2, 1.0, 5, 8.503004539535814
9, 123.0, 0, 51, 1, 2.0, 4, 9.340921190986673
9, 124.0, 0, 52, 0, 3.0, 4, 9.795617137555944
9, 125.0, 0, 50, 2, 1.0, 4, 9.95519951701971
9, 126.0, 0, 49, 2, 3.0, 4, 9.544810144531862
9, 127.0, 0, 50, 0, 7.0, 4, 10.819286354200125
9, 128.0, 0, 50, 1, 12.0, 4, 11.7255495947237
9, 129.0, 1, 51, 2, 7.0, 5, 12.559965708316
9, 130.0, 0, 50, 1, 3.0, 6, 13.695667551603826
9, 131.0, 0, 50, 2, 2.0, 6, 14.304658767462548
9, 132.0, 1, 51, 0, 3.0, 6, 12.983662599243527
9, 133.0, 1, 49, 2, 1.0, 6, 13.635067618554622
9, 134.0, 1, 49, 2, 2.0, 5, 14.754000212999241
9, 135.0, 0, 49, 3, 4.0, 6, 14.719092050882178
9, 136.0, 0, 45, 4, 8.0, 5, 17.42318109953129
9, 137.0, 1, 46, 0, 10.0, 5, 17.165262636533097
9, 138.0, 0, 47, 1, 8.0, 6, 16.36313040074755
9, 139.0, 1, 47, 0, 4.0, 6, 17.460203306395346
9, 140.0, 0, 49, 0, 7.0, 9, 17.954098641203817
9, 141.0, 1, 50, 2, 11.0, 9, 17.97390079146045
9, 142.0, 0, 50, 1, 16.0, 9, 19.292867048390196
9, 143.0, 1, 50, 1, 16.0, 9, 19.890995916762957
9, 144.0, 0, 50, 0, 22.0, 9, 20.813789646309612
9, 145.0, 0, 50, 1, 26.0, 9, 20.260437595754134
9, 146.0, 0, 51, 0, 27.0, 9, 19.91658797073058
9, 147.0, 1, 49, 3, 30.0, 9, 18.015946176770736
9, 148.0, 0, 49, 0, 34.0, 9, 16.131372192920406
9, 149.0, 1, 49, 1, 40.0, 10, 16.66168171882995
9, 150.0, 1, 50, 0, 46.0, 10, 15.629824662509998
9, 151.0, 0, 53, 0, 52.0, 12, 16.376585555735886
9, 152.0, 0, 50, 3, 55.0, 12, 17.9260643577318
9, 153.0, 1, 51, 0, 59.0, 12, 16.14494447172746
9, 154.0, 1, 50, 2, 65.0, 11, 17.09647937972782
9, 155.0, 0, 50, 2, 69.0, 11, 16.296675666719135
9, 156.0, 1, 51, 1, 75.0, 11, 15.239903422295558
9, 157.0, 1, 48, 3, 63.0, 10, 16.80635729648057
9, 158.0, 1, 48, 2, 56.0, 9, 17.05193679973631
9, 159.0, 1, 50, 0, 26.0, 9, 16.690713871940787
9, 160.0, 1, 51, 0, 15.0, 9, 16.591564936929494
9, 161.0, 1, 50, 1, 21.0, 8, 15.606727840987393
9, 162.0, 0, 50, 1, 14.0, 8, 14.620804918432285
9, 163.0, 1, 48, 3, 19.0, 9, 13.503118498947469
9, 164.0, 0, 50, 0, 19.0, 10, 14.707959209748601
9, 165.0, 0, 45, 5, 25.0, 9, 14.800092903325329
9, 166.0, 1, 48, 0, 29.0, 9, 13.225323492989196
9, 167.0, 0, 46, 2, 35.0, 9, 13.23599529027758
9, 168.0, 0, 49, 0, 42.0, 9, 13.091264996513615
9, 169.0, 0, 50, 0, 49.0, 9, 14.769749885837333
9, 170.0, 0, 49, 2, 56.0, 9, 15.66073759034123
9, 171.0, 0, 50, 1, 54.0, 9, 17.036302238721994
9, 172.0, 1, 50, 2, 54.0, 9, 16.164357357723784
9, 173.0, 0, 51, 2, 53.0, 8, 15.195729105555886
9, 174.0, 1, 53, 1, 33.0, 8, 15.727467343575858
9, 175.0, 0, 56, 1, 18.0, 8, 14.779209113066301
9, 176.0, 0, 56, 1, 18.0, 7, 15.544083558131344
9, 177.0, 0, 54, 2, 21.0, 6, 15.352383313844438
9, 178.0, 1, 55, 1, 23.0, 6, 14.286314089093304
9, 179.0, 1, 55, 0, 8.0, 6, 14.699977857259414
9, 180.0, 1, 54, 1, 10.0, 6, 14.358211951788403
9, 181.0, 1, 53, 2, 12.0, 6, 12.955876235336415
9, 182.0, 1, 53, 1, 16.0, 5, 13.294555402358306
9, 183.0, 1, 50, 3, 22.0, 3, 14.501959823387661
9, 184.0, 0, 49, 1, 16.0, 5, 14.498212308235644
9, 185.0, 0, 51, 0, 19.0, 5, 14.703073051069959
9, 186.0, 0, 54, 1, 26.0, 5, 18.488725644467394
9, 187.0, 1, 53, 2, 27.0, 4, 20.963833069593836
9, 188.0, 0, 56, 0, 32.0, 5, 21.242707998762658
9, 189.0, 0, 56, 1, 40.0, 5, 23.75694901627213
9, 190.0, 0, 56, 2, 50.0, 5, 24.19232181093811
9, 191.0, 1, 57, 1, 52.0, 4, 22.99741572223738
9, 192.0, 1, 58, 1, 36.0, 4, 21.5091173636572
9, 193.0, 1, 60, 1, 25.0, 4, 21.89732018953855
9, 194.0, 1, 57, 3, 34.0, 4, 21.506342391280587
9, 195.0, 1, 57, 2, 43.0, 4, 19.426941095887106
9, 196.0, 1, 56, 2, 44.0, 4, 20.149718890802763
9, 197.0, 1, 55, 1, 55.0, 4, 18.51393776553671
9, 198.0, 0, 56, 1, 54.0, 4, 17.20916282568584
9, 199.0, 0, 56, 1, 58.0, 4, 17.64421373757679
9, 200.0, 0, 56, 1, 67.0, 4, 18.39656914608313
9, 201.0, 1, 56, 0, 50.0, 4, 17.10403691729026
9, 202.0, 0, 54, 2, 47.0, 5, 17.23163422729694
9, 203.0, 0, 53, 1, 45.0, 5, 17.911150489236746
9, 204.0, 1, 51, 2, 42.0, 5, 16.548513703778884
9, 205.0, 1, 50, 1, 41.0, 5, 17.679741596630482
9, 206.0, 0, 50, 0, 31.0, 8, 19.089849019473107
9, 207.0, 0, 49, 1, 19.0, 8, 18.364376324416057
9, 208.0, 0, 48, 1, 22.0, 8, 17.79660023659123
9, 209.0, 0, 46, 2, 29.0, 7, 17.309598222461045
9, 210.0, 1, 43, 3, 21.0, 6, 16.44908952024108
9, 211.0, 0, 41, 2, 24.0, 6, 16.523419932753097
9, 212.0, 0, 41, 0, 28.0, 6, 16.40588101668683
9, 213.0, 1, 39, 2, 27.0, 6, 15.61345328804535
9, 214.0, 1, 39, 0, 31.0, 6, 14.836742584451247
9, 215.0, 1, 34, 5, 37.0, 6, 15.084977668240771
9, 216.0, 1, 34, 0, 43.0, 6, 13.419751366069232
9, 217.0, 0, 31, 3, 17.0, 6, 12.2331244768224
9, 218.0, 0, 31, 0, 23.0, 6, 12.172630562978867
9, 219.0, 1, 31, 0, 14.0, 6, 10.379929141204382
9, 220.0, 0, 28, 3, 17.0, 6, 9.255147433476527
9, 221.0, 0, 26, 2, 13.0, 6, 8.696444275150064
9, 222.0, 0, 26, 0, 16.0, 6, 7.779756250829372
9, 223.0, 0, 26, 0, 12.0, 6, 6.911565392863833
9, 224.0, 0, 23, 3, 15.0, 5, 5.951938224211827
9, 225.0, 0, 21, 2, 18.0, 4, 5.622616652313363
9, 226.0, 1, 20, 1, 18.0, 4, 4.779130498838539
9, 227.0, 1, 18, 2, 20.0, 3, 4.260115690047594
9, 228.0, 1, 18, 0, 22.0, 3, 3.5864098589660074
9, 229.0, 1, 16, 2, 24.0, 3, 3.4164453054882546
9, 230.0, 0, 14, 2, 26.0, 3, 3.184057356875135
9, 231.0, 1, 13, 1, 17.0, 3, 2.891182064994892
9, 232.0, 0, 13, 0, 0.0, 3, 2.4983995604976474
9, 233.0, 0, 12, 1, 0.0, 3, 2.0706537107039598
9, 234.0, 0, 11, 1, 0.0, 3, 1.715696365518001
9, 235.0, 0, 10, 1, 0.0, 3, 1.2256718352124985
9, 236.0, 1, 7, 3, 0.0, 0, 0.8122836587033664
9, 237.0, 0, 7, 0, 0.0, 0, 0.5970824294635442
9, 238.0, 0, 7, 0, 0.0, 0, 0.3192803068508514
9, 239.0, 0, 6, 1, 0.0, 0, 0.3935167524962928
9, 240.0, 0, 6, 0, 0.0, 0, 0.18659789196424548
9, 241.0, 1, 5, 1, 0.0, 0, 0.23821346417614464
9, 242.0, 1, 5, 0, 0.0, 0, 0.2825560729103902
9, 243.0, 1, 3, 2, 0.0, 0, 0.1891337052978166
9, 244.0, 0, 3, 0, 0.0, 0, 0.15438706620823694
9, 245.0, 1, 2, 1, 0.0, 0, 0.11311432191900295
9, 246.0, 0, 2, 0, 0.0, 0, 0.0625212843001286
9, 247.0, 0, 2, 0, 0.0, 0, 0.0061722529095398215
9, 248.0, 0, 2, 0, 0.0, 0, 0.09077810890541826
9, 249.0, 1, 1, 1, 0.0, 0, 0.07622061164749638
9, 250.0, 1, 1, 0, 0.0, 0, 0.08627387201498848
9, 251.0, 0, 1, 0, 0.0, 0, 0.007591642684229072
9, 252.0, 0, 0, 1, 0, 0, 0
10, 1.0, 0, 2, 0, 0.0, 0, 0.0
10, 2.0, 1, 3, 0, 0.0, 0, 1.0814256854756554
10, 3.0, 0, 5, 0, 0.0, 0, 1.2559462905827157
10, 4.0, 1, 7, 0, 0.0, 0, 1.2603760180273869
10, 5.0, 0, 9, 0, 0.0, 0, 1.356365191048412
10, 6.0, 0, 9, 0, 0.0, 0, 1.2083235416804996
10, 7.0, 0, 10, 0, 0.0, 0, 1.0113279673831101
10, 8.0, 0, 11, 0, 0.0, 0, 1.129802691208996
10, 9.0, 0, 12, 0, 0.0, 0, 1.3450565739990277
10, 10.0, 0, 15, 0, 0.0, 0, 1.8246967174981639
10, 11.0, 0, 16, 0, 0.0, 0, 2.7549470487738192
10, 12.0, 0, 18, 0, 0.0, 0, 2.9149126937862255
10, 13.0, 1, 18, 0, 0.0, 0, 2.6680633087821453
10, 14.0, 1, 20, 0, 0.0, 0, 2.38327272330527
10, 15.0, 1, 22, 0, 0.0, 0, 3.405140781345536
10, 16.0, 1, 23, 0, 0.0, 0, 4.979101575986407
10, 17.0, 1, 23, 0, 1.0, 0, 5.72106307812339
10, 18.0, 0, 25, 0, 0.0, 0, 5.146729358654396
10, 19.0, 0, 25, 0, 0.0, 0, 6.227838905243656
10, 20.0, 1, 27, 0, 1.0, 1, 5.657682005091352
10, 21.0, 0, 28, 0, 0.0, 2, 6.88714206531053
10, 22.0, 1, 28, 0, 0.0, 3, 7.730757242119765
10, 23.0, 0, 30, 0, 0.0, 3, 7.441241923151841
10, 24.0, 1, 31, 0, 0.0, 3, 6.99546380475881
10, 25.0, 0, 33, 0, 0.0, 5, 8.077148546842691
10, 26.0, 1, 36, 0, 0.0, 6, 9.429007927820368
10, 27.0, 0, 38, 0, 0.0, 6, 10.51553644699099
10, 28.0, 1, 40, 0, 1.0, 6, 10.51530297139867
10, 29.0, 1, 41, 0, 2.0, 6, 10.674457025146518
10, 30.0, 0, 41, 0, 3.0, 6, 9.461210816382355
10, 31.0, 0, 45, 1, 4.0, 6, 8.501331815720969
10, 32.0, 0, 47, 0, 6.0, 6, 9.162932532705764
10, 33.0, 0, 46, 1, 2.0, 6, 9.568393982330836
10, 34.0, 0, 47, 0, 4.0, 6, 9.36819214074863
10, 35.0, 1, 48, 0, 1.0, 6, 8.116168854487803
10, 36.0, 1, 48, 1, 0.0, 6, 8.025837188577157
10, 37.0, 0, 45, 4, 0.0, 4, 7.929542116799945
10, 38.0, 1, 44, 2, 1.0, 5, 7.750150264467268
10, 39.0, 1, 45, 1, 2.0, 5, 7.9117373274381295
10, 40.0, 0, 47, 2, 0.0, 5, 9.665081039509355
10, 41.0, 0, 47, 0, 0.0, 5, 9.999184724482221
10, 42.0, 1, 49, 0, 0.0, 6, 9.058669211769868
10, 43.0, 1, 51, 1, 0.0, 5, 9.124010741235299
10, 44.0, 0, 52, 1, 0.0, 6, 11.76079759636362
10, 45.0, 0, 52, 0, 0.0, 6, 11.715067901195908
10, 46.0, 1, 51, 2, 0.0, 6, 10.029192977031208
10, 47.0, 1, 54, 0, 0.0, 6, 9.77564881524693
10, 48.0, 1, 55, 0, 0.0, 6, 11.715781300453607
10, 49.0, 1, 55, 0, 0.0, 6, 10.572615222629244
10, 50.0, 1, 55, 2, 2.0, 6, 9.55956559082381
10, 51.0, 0, 51, 7, 2.0, 6, 10.985937729166242
10, 52.0, 0, 52, 0, 5.0, 6, 11.641294056106318
10, 53.0, 0, 50, 3, 3.0, 6, 10.789176446977265
10, 54.0, 1, 51, 1, 0.0, 7, 10.616310646281658
10, 55.0, 1, 48, 3, 0.0, 7, 13.142999004686375
10, 56.0, 1, 50, 0, 2.0, 7, 13.522670748713352
10, 57.0, 0, 48, 3, 1.0, 6, 13.982431819983775
10, 58.0, 0, 48, 0, 3.0, 6, 13.544140829690297
10, 59.0, 0, 45, 4, 5.0, 5, 13.170795618952273
10, 60.0, 1, 45, 1, 8.0, 4, 12.919318496574256
10, 61.0, 1, 46, 1, 12.0, 4, 13.843445834877116
10, 62.0, 1, 47, 2, 13.0, 4, 14.234034762304951
10, 63.0, 1, 47, 1, 19.0, 4, 15.38388889026691
10, 64.0, 0, 49, 0, 23.0, 4, 15.756825145239699
10, 65.0, 0, 49, 0, 28.0, 4, 17.036399881623204
10, 66.0, 1, 50, 1, 35.0, 4, 15.559136387115695
10, 67.0, 1, 50, 0, 44.0, 4, 17.304487247932993
10, 68.0, 1, 47, 4, 45.0, 4, 18.28281259647842
10, 69.0, 0, 46, 1, 27.0, 5, 17.909332921688698
10, 70.0, 1, 45, 1, 33.0, 5, 15.31847032097595
10, 71.0, 1, 46, 0, 39.0, 5, 15.893830679000512
10, 72.0, 1, 47, 1, 46.0, 5, 14.31432507184357
10, 73.0, 0, 47, 2, 45.0, 4, 13.658204348492415
10, 74.0, 1, 47, 0, 36.0, 4, 13.848921923562246
10, 75.0, 1, 49, 1, 32.0, 4, 11.973762620453643
10, 76.0, 0, 50, 2, 28.0, 4, 12.136290668186728
10, 77.0, 1, 49, 2, 6.0, 3, 11.7223226381002
10, 78.0, 1, 48, 1, 1.0, 3, 10.513568172911906
10, 79.0, 1, 48, 1, 2.0, 3, 9.392317619582819
10, 80.0, 0, 49, 0, 0.0, 4, 8.789745783569705
10, 81.0, 0, 49, 1, 1.0, 4, 8.522151909100705
10, 82.0, 0, 52, 0, 3.0, 4, 8.92495398371214
10, 83.0, 0, 49, 4, 5.0, 3, 9.018313549812559
10, 84.0, 1, 49, 0, 4.0, 3, 8.604040936076851
10, 85.0, 0, 50, 2, 2.0, 2, 7.288580766544321
10, 86.0, 0, 49, 1, 3.0, 2, 7.900679648386245
10, 87.0, 1, 47, 2, 0.0, 3, 7.143008922738796
10, 88.0, 0, 48, 1, 1.0, 5, 8.2583654110323
10, 89.0, 0, 45, 3, 2.0, 5, 10.416865047400167
10, 90.0, 0, 45, 2, 5.0, 5, 11.08622351198522
10, 91.0, 0, 45, 2, 6.0, 5, 11.67259386266487
10, 92.0, 0, 43, 3, 10.0, 5, 12.705269386527387
10, 93.0, 0, 41, 3, 14.0, 5, 13.147501103492587
10, 94.0, 0, 42, 1, 21.0, 5, 13.928545265571447
10, 95.0, 0, 40, 2, 31.0, 4, 15.125448199147746
10, 96.0, 1, 41, 0, 10.0, 4, 13.396596086637338
10, 97.0, 1, 42, 0, 7.0, 4, 11.906829283440961
10, 98.0, 1, 42, 2, 8.0, 3, 12.471535112661849
10, 99.0, 1, 43, 2, 10.0, 3, 11.666785939470376
10, 100.0, 0, 45, 0, 10.0, 3, 11.551704388429943
10, 101.0, 1, 44, 2, 0.0, 3, 9.018426479788696
10, 102.0, 1, 43, 2, 0.0, 3, 8.263788813809985
10, 103.0, 1, 46, 1, 0.0, 2, 8.685349016702329
10, 104.0, 0, 47, 0, 1.0, 2, 8.435114429167985
10, 105.0, 0, 46, 1, 0.0, 2, 8.687678113245052
10, 106.0, 1, 47, 1, 0.0, 2, 8.704679856605328
10, 107.0, 0, 47, 0, 0.0, 2, 8.433597949371238
10, 108.0, 0, 48, 0, 0.0, 2, 7.91855677688004
10, 109.0, 1, 47, 1, 0.0, 2, 7.664060167104517
10, 110.0, 1, 49, 0, 0.0, 2, 8.136589621634405
10, 111.0, 1, 48, 1, 2.0, 2, 9.708228171457893
10, 112.0, 1, 46, 2, 4.0, 2, 10.817099803181252
10, 113.0, 0, 45, 3, 0.0, 2, 9.57964020458226
10, 114.0, 0, 45, 1, 3.0, 2, 11.530376521386337
10, 115.0, 0, 46, 0, 6.0, 2, 11.667009210293308
10, 116.0, 1, 46, 4, 0.0, 2, 11.186990063584894
10, 117.0, 1, 44, 3, 0.0, 1, 11.245224658918328
10, 118.0, 1, 41, 5, 2.0, 1, 10.489985493171178
10, 119.0, 0, 41, 1, 0.0, 1, 9.75280899756145
10, 120.0, 1, 42, 1, 2.0, 1, 8.019063067451372
10, 121.0, 1, 44, 1, 4.0, 1, 7.5243442743163955
10, 122.0, 0, 46, 1, 0.0, 1, 8.85290187011907
10, 123.0, 0, 49, 0, 0.0, 1, 9.03457267711551
10, 124.0, 0, 50, 0, 0.0, 1, 9.607420650802956
10, 125.0, 1, 47, 3, 0.0, 1, 7.998823425115078
10, 126.0, 0, 48, 0, 0.0, 2, 7.149941011834593
10, 127.0, 1, 47, 2, 0.0, 2, 8.083821506430818
10, 128.0, 1, 47, 1, 0.0, 2, 8.032759652327723
10, 129.0, 0, 50, 0, 0.0, 2, 8.288423315481511
10, 130.0, 0, 49, 2, 1.0, 2, 10.890791677180127
10, 131.0, 0, 45, 5, 3.0, 2, 11.804110639010977
10, 132.0, 0, 46, 0, 6.0, 2, 12.296924273243965
10, 133.0, 0, 46, 0, 9.0, 2, 12.480379193021443
10, 134.0, 0, 47, 1, 12.0, 2, 12.389042821098272
10, 135.0, 0, 49, 1, 18.0, 2, 13.755557441290161
10, 136.0, 1, 49, 1, 8.0, 2, 14.523395995474594
10, 137.0, 1, 48, 1, 7.0, 2, 14.802355493249877
10, 138.0, 1, 49, 1, 1.0, 2, 14.831509576342743
10, 139.0, 1, 47, 2, 5.0, 1, 14.993482785963119
10, 140.0, 1, 46, 3, 7.0, 1, 13.644201710532256
10, 141.0, 1, 49, 0, 11.0, 1, 13.800334176861739
10, 142.0, 1, 50, 0, 11.0, 1, 13.313766922921904
10, 143.0, 1, 49, 2, 15.0, 1, 12.981191186081233
10, 144.0, 1, 48, 1, 20.0, 1, 12.230900008184618
10, 145.0, 1, 49, 0, 25.0, 1, 11.442643784629086
10, 146.0, 0, 49, 1, 0.0, 3, 11.331660115769147
10, 147.0, 0, 49, 1, 1.0, 2, 10.554414322153209
10, 148.0, 1, 49, 0, 0.0, 2, 9.5903772437218
10, 149.0, 1, 50, 0, 0.0, 2, 8.206110857058835
10, 150.0, 0, 49, 2, 0.0, 2, 7.33031184576313
10, 151.0, 1, 46, 6, 0.0, 2, 7.042499554093476
10, 152.0, 0, 46, 0, 1.0, 3, 8.07884814924759
10, 153.0, 1, 46, 1, 3.0, 4, 8.211094789726406
10, 154.0, 0, 46, 1, 4.0, 5, 9.806635100910052
10, 155.0, 1, 47, 1, 7.0, 7, 11.147282349493413
10, 156.0, 1, 48, 1, 12.0, 7, 10.171219047922376
10, 157.0, 0, 43, 5, 13.0, 7, 10.168312929571812
10, 158.0, 1, 41, 4, 16.0, 7, 8.809821156900208
10, 159.0, 0, 42, 1, 20.0, 7, 9.84049931772395
10, 160.0, 0, 43, 0, 15.0, 7, 9.968906614170653
10, 161.0, 1, 40, 3, 18.0, 7, 9.060619997472564
10, 162.0, 1, 39, 2, 13.0, 7, 8.977385589990224
10, 163.0, 1, 38, 2, 15.0, 7, 10.007708828910014
10, 164.0, 1, 38, 2, 6.0, 6, 10.240754275876213
10, 165.0, 0, 36, 2, 7.0, 6, 10.332787752217154
10, 166.0, 0, 39, 0, 10.0, 6, 10.06834738794984
10, 167.0, 0, 39, 0, 15.0, 6, 11.881599710563858
10, 168.0, 0, 42, 0, 21.0, 6, 12.45413601462606
10, 169.0, 0, 42, 1, 24.0, 5, 13.667975970167083
10, 170.0, 0, 43, 0, 16.0, 5, 13.622269842544798
10, 171.0, 0, 43, 2, 21.0, 4, 13.759168696889025
10, 172.0, 0, 43, 2, 27.0, 3, 15.491774396535822
10, 173.0, 1, 45, 1, 21.0, 3, 14.59468050154242
10, 174.0, 0, 47, 0, 12.0, 4, 15.087796459962115
10, 175.0, 0, 51, 1, 2.0, 4, 15.117138355561737
10, 176.0, 1, 51, 0, 1.0, 4, 13.06074478873561
10, 177.0, 1, 50, 2, 0.0, 3, 10.134915619150819
10, 178.0, 1, 51, 1, 1.0, 3, 9.351348977193949
10, 179.0, 0, 51, 0, 1.0, 4, 10.39134845705301
10, 180.0, 1, 51, 0, 0.0, 5, 10.728814370235813
10, 181.0, 1, 52, 0, 1.0, 5, 10.325499230140453
10, 182.0, 0, 52, 1, 1.0, 5, 8.468028340397684
10, 183.0, 1, 49, 3, 2.0, 5, 10.090045909965733
10, 184.0, 1, 49, 0, 0.0, 5, 9.33086205912355
10, 185.0, 1, 51, 0, 1.0, 5, 10.14606347340125
10, 186.0, 0, 53, 2, 4.0, 6, 11.876305817419388
10, 187.0, 1, 52, 2, 5.0, 5, 13.569957887796516
10, 188.0, 1, 53, 2, 9.0, 6, 14.676993978802075
10, 189.0, 1, 52, 2, 14.0, 6, 17.260567851343794
10, 190.0, 1, 52, 2, 21.0, 6, 17.87574106183453
10, 191.0, 1, 54, 0, 29.0, 6, 19.051816787772164
10, 192.0, 0, 52, 4, 23.0, 7, 17.963559626792872
10, 193.0, 0, 54, 1, 25.0, 7, 17.81934805289817
10, 194.0, 1, 52, 2, 32.0, 6, 17.562942732433903
10, 195.0, 0, 50, 4, 35.0, 5, 15.090776783694
10, 196.0, 0, 50, 1, 38.0, 5, 15.033002161895821
10, 197.0, 1, 49, 1, 34.0, 5, 13.710491676111339
10, 198.0, 1, 49, 2, 15.0, 5, 11.71431015449148
10, 199.0, 1, 50, 0, 6.0, 5, 12.519375085973756
10, 200.0, 1, 49, 2, 0.0, 5, 11.461302997139333
10, 201.0, 1, 49, 0, 1.0, 5, 10.541712736182093
10, 202.0, 1, 49, 0, 3.0, 5, 9.704689867387273
10, 203.0, 0, 47, 2, 0.0, 4, 9.843247088644294
10, 204.0, 1, 47, 0, 0.0, 4, 7.35915268198167
10, 205.0, 1, 46, 1, 0.0, 4, 8.9388670821509
10, 206.0, 0, 46, 0, 0.0, 5, 10.222843385820632
10, 207.0, 0, 45, 1, 3.0, 5, 12.208703715367585
10, 208.0, 0, 44, 1, 7.0, 5, 13.648011986217812
10, 209.0, 1, 42, 2, 10.0, 5, 13.686911733187014
10, 210.0, 1, 38, 4, 9.0, 2, 13.782024409894959
10, 211.0, 0, 38, 0, 16.0, 2, 14.748330866259066
10, 212.0, 1, 35, 3, 25.0, 2, 14.970356653143705
10, 213.0, 1, 33, 2, 34.0, 2, 15.78912682127474
10, 214.0, 0, 30, 3, 44.0, 3, 16.563756356087733
10, 215.0, 0, 27, 3, 54.0, 3, 16.58267877110867
10, 216.0, 1, 27, 0, 61.0, 3, 15.443582743313941
10, 217.0, 1, 27, 0, 70.0, 3, 14.68249480033374
10, 218.0, 0, 26, 1, 79.0, 3, 15.51082206071107
10, 219.0, 1, 23, 3, 89.0, 3, 15.245444746357173
10, 220.0, 0, 22, 1, 101.0, 3, 15.016706975827761
10, 221.0, 0, 21, 1, 114.0, 3, 14.705862175145672
10, 222.0, 0, 20, 1, 102.0, 3, 14.129249265928426
10, 223.0, 0, 20, 0, 114.0, 3, 13.622984160337243
10, 224.0, 0, 20, 0, 126.0, 3, 13.332205571315441
10, 225.0, 0, 19, 1, 106.0, 3, 12.416915570772314
10, 226.0, 0, 18, 1, 79.0, 3, 11.574966762112496
10, 227.0, 0, 17, 1, 86.0, 3, 10.455143179942269
10, 228.0, 0, 17, 0, 76.0, 3, 9.583331961840182
10, 229.0, 0, 17, 0, 74.0, 3, 9.095362568909074
10, 230.0, 1, 16, 1, 78.0, 3, 7.9575903070750735
10, 231.0, 0, 15, 1, 82.0, 3, 6.7013171794233095
10, 232.0, 1, 14, 1, 64.0, 2, 5.945932951890864
10, 233.0, 0, 14, 0, 0.0, 2, 5.238304862871171
10, 234.0, 0, 14, 0, 0.0, 2, 4.478041364132132
10, 235.0, 0, 14, 0, 0.0, 2, 3.4663219991146903
10, 236.0, 1, 14, 0, 0.0, 2, 2.748861064574829
10, 237.0, 0, 14, 0, 0.0, 2, 2.3470823380887786
10, 238.0, 1, 14, 0, 0.0, 2, 1.6799078543706827
10, 239.0, 1, 14, 0, 0.0, 2, 1.1162962195987376
10, 240.0, 1, 14, 0, 0.0, 2, 0.9195284038414684
10, 241.0, 0, 14, 0, 0.0, 2, 0.9675721043791974
10, 242.0, 1, 12, 2, 0.0, 2, 0.6721358127807804
10, 243.0, 1, 11, 1, 0.0, 2, 0.8412928126183132
10, 244.0, 0, 9, 2, 0.0, 2, 0.7210334957414304
10, 245.0, 1, 8, 1, 0.0, 2, 0.7500724265111813
10, 246.0, 0, 8, 0, 0.0, 2, 0.6840415592959985
10, 247.0, 0, 6, 2, 0.0, 2, 0.5536924657827242
10, 248.0, 0, 6, 0, 0.0, 2, 0.3596008086374525
10, 249.0, 1, 3, 3, 0.0, 2, 0.19948126563602386
10, 250.0, 0, 1, 2, 0.0, 1, 0.09140331352159947
10, 251.0, 1, 1, 0, 0.0, 1, 0.022844889877436714
10, 252.0, 0, 1, 0, 0.0, 1, 0.031054404807424163
10, 253.0, 0, 1, 0, 0.0, 1, 0.0792640099779689
10, 254.0, 0, 1, 0, 0.0, 1, 0.05792304860958808
10, 255.0, 0, 1, 0, 0.0, 1, 0.10203688331975869
10, 256.0, 0, 1, 0, 0.0, 1, 0.10099361931562001
10, 257.0, 1, 1, 0, 0.0, 1, 0.04514179399702911
10, 258.0, 1, 1, 0, 0.0, 1, 0.12182693349279816
10, 259.0, 0, 1, 0, 0.0, 1, 0.0007381252255633797
10, 260.0, 1, 0, 1, 0, 0, 0
11, 1.0, 1, 2, 0, 0.0, 0, 0.0
11, 2.0, 0, 3, 0, 0.0, 0, 1.0814256854756554
11, 3.0, 0, 5, 0, 0.0, 0, 1.2317430816274335
11, 4.0, 0, 7, 0, 0.0, 0, 1.2562929516962287
11, 5.0, 0, 9, 0, 0.0, 0, 1.3267641311373821
11, 6.0, 1, 9, 0, 0.0, 0, 1.2111458088704232
11, 7.0, 1, 10, 0, 0.0, 0, 0.8241869857907528
11, 8.0, 0, 11, 0, 0.0, 0, 1.1261125852745222
11, 9.0, 0, 12, 0, 0.0, 0, 1.687215381166026
11, 10.0, 1, 15, 0, 0.0, 0, 1.9984311271370045
11, 11.0, 1, 16, 0, 0.0, 0, 3.051668518032976
11, 12.0, 0, 18, 0, 0.0, 0, 3.094356470229287
11, 13.0, 1, 18, 0, 0.0, 0, 2.6665634959825644
11, 14.0, 1, 20, 0, 0.0, 0, 2.2013410233693165
11, 15.0, 1, 22, 0, 0.0, 0, 3.0034059384352374
11, 16.0, 0, 23, 0, 0.0, 0, 3.977732271376998
11, 17.0, 1, 23, 0, 0.0, 0, 4.997290384396668
11, 18.0, 1, 25, 0, 1.0, 0, 4.574982087097615
11, 19.0, 1, 25, 0, 2.0, 0, 5.427208674764813
11, 20.0, 0, 27, 0, 2.0, 2, 6.24861993041335
11, 21.0, 0, 27, 0, 4.0, 2, 7.674502016332345
11, 22.0, 1, 28, 0, 1.0, 3, 7.717454942973688
11, 23.0, 1, 30, 0, 2.0, 3, 7.8574771752015575
11, 24.0, 1, 31, 0, 4.0, 3, 9.507257991562984
11, 25.0, 1, 33, 0, 7.0, 3, 8.935425541183404
11, 26.0, 1, 36, 0, 11.0, 3, 9.913735138137852
11, 27.0, 0, 38, 0, 7.0, 3, 9.820979168745435
11, 28.0, 0, 40, 0, 6.0, 3, 10.606237004451643
11, 29.0, 0, 41, 0, 3.0, 3, 11.82996412177809
11, 30.0, 1, 41, 0, 0.0, 3, 10.59991280318278
11, 31.0, 0, 44, 2, 0.0, 3, 9.421255793725628
11, 32.0, 0, 46, 0, 0.0, 3, 10.614804574090808
11, 33.0, 0, 45, 1, 1.0, 3, 11.09483678408212
11, 34.0, 0, 46, 0, 3.0, 3, 10.879785177815473
11, 35.0, 0, 46, 1, 6.0, 3, 12.056509463226966
11, 36.0, 0, 46, 1, 10.0, 3, 12.772411628588113
11, 37.0, 1, 47, 0, 6.0, 3, 13.226364482718985
11, 38.0, 0, 48, 0, 6.0, 3, 13.73040765558448
11, 39.0, 1, 49, 1, 9.0, 3, 14.59710529113702
11, 40.0, 1, 50, 3, 13.0, 3, 14.571933472318813
11, 41.0, 0, 48, 2, 11.0, 3, 15.920311536799652
11, 42.0, 1, 49, 1, 12.0, 3, 15.12521814525011
11, 43.0, 1, 52, 0, 12.0, 3, 15.3714276743192
11, 44.0, 0, 51, 2, 14.0, 4, 16.439869318539618
11, 45.0, 1, 52, 0, 13.0, 4, 15.378595809824517
11, 46.0, 1, 52, 1, 16.0, 4, 14.574748977932098
11, 47.0, 1, 52, 3, 20.0, 3, 15.144753008610216
11, 48.0, 1, 53, 0, 23.0, 3, 15.792083482112982
11, 49.0, 0, 53, 0, 6.0, 3, 14.80453327449976
11, 50.0, 1, 55, 0, 9.0, 4, 13.211993203805655
11, 51.0, 0, 58, 0, 4.0, 5, 12.853374936699609
11, 52.0, 1, 58, 1, 1.0, 6, 13.645500248807878
11, 53.0, 1, 58, 1, 1.0, 6, 14.06202574997611
11, 54.0, 0, 58, 2, 0.0, 8, 14.229915162523175
11, 55.0, 0, 57, 1, 1.0, 8, 15.105648224519603
11, 56.0, 0, 57, 2, 4.0, 8, 14.436927884842593
11, 57.0, 0, 56, 2, 11.0, 7, 14.29134181745466
11, 58.0, 0, 52, 4, 18.0, 7, 15.104483513846986
11, 59.0, 1, 52, 1, 11.0, 7, 14.314888554091056
11, 60.0, 1, 53, 0, 9.0, 7, 14.903033881301708
11, 61.0, 1, 54, 1, 11.0, 7, 14.747066136379502
11, 62.0, 0, 55, 2, 14.0, 7, 15.325232415193177
11, 63.0, 1, 55, 1, 18.0, 7, 17.03804117280205
11, 64.0, 1, 53, 4, 24.0, 6, 17.250163919427134
11, 65.0, 0, 51, 2, 26.0, 6, 18.344582323462078
11, 66.0, 1, 53, 0, 32.0, 6, 16.225787292365737
11, 67.0, 0, 51, 2, 16.0, 7, 16.674439621102835
11, 68.0, 0, 50, 2, 8.0, 6, 16.332071496390956
11, 69.0, 0, 49, 1, 12.0, 6, 16.173702334064387
11, 70.0, 1, 46, 3, 0.0, 5, 13.80852724262237
11, 71.0, 0, 46, 1, 1.0, 5, 12.55566137117874
11, 72.0, 0, 46, 1, 3.0, 5, 12.917712459793869
11, 73.0, 0, 48, 1, 6.0, 5, 12.50046927586655
11, 74.0, 1, 48, 0, 5.0, 5, 12.372369421178472
11, 75.0, 0, 51, 1, 7.0, 6, 12.603655625653715
11, 76.0, 1, 52, 1, 5.0, 7, 13.280550739389708
11, 77.0, 0, 51, 2, 6.0, 7, 11.988347359639022
11, 78.0, 0, 49, 2, 7.0, 6, 11.988218986004734
11, 79.0, 0, 49, 1, 9.0, 5, 11.375574701551399
11, 80.0, 0, 49, 1, 2.0, 4, 10.947734246828437
11, 81.0, 0, 49, 1, 1.0, 3, 10.822163494670404
11, 82.0, 1, 51, 1, 0.0, 4, 10.313072355117402
11, 83.0, 1, 51, 1, 1.0, 4, 10.415447007785579
11, 84.0, 0, 50, 1, 2.0, 4, 11.322729097594616
11, 85.0, 1, 51, 2, 5.0, 3, 10.486583523799073
11, 86.0, 0, 49, 2, 8.0, 3, 11.787536265414294
11, 87.0, 1, 45, 4, 8.0, 3, 11.17761705442045
11, 88.0, 0, 45, 2, 11.0, 3, 10.26500747969384
11, 89.0, 0, 42, 3, 14.0, 3, 11.024186740751334
11, 90.0, 0, 44, 0, 17.0, 3, 12.042355971494302
11, 91.0, 0, 44, 2, 23.0, 3, 13.233343408765784
11, 92.0, 0, 42, 3, 30.0, 2, 13.676594379773746
11, 93.0, 0, 43, 0, 39.0, 2, 13.325173882148507
11, 94.0, 0, 44, 1, 49.0, 2, 14.429921990053568
11, 95.0, 1, 43, 1, 20.0, 3, 13.740789039756057
11, 96.0, 1, 44, 0, 11.0, 3, 12.481492838374258
11, 97.0, 1, 44, 1, 5.0, 2, 14.805204780381686
11, 98.0, 0, 46, 0, 8.0, 3, 15.58065581888351
11, 99.0, 0, 48, 2, 7.0, 2, 16.67656145325114
11, 100.0, 1, 46, 3, 12.0, 2, 15.880392648594228
11, 101.0, 0, 47, 0, 17.0, 3, 14.996848289539535
11, 102.0, 0, 46, 1, 21.0, 3, 14.732176715093667
11, 103.0, 1, 49, 2, 25.0, 4, 13.875434013866592
11, 104.0, 1, 48, 2, 30.0, 4, 16.887769343869035
11, 105.0, 1, 49, 0, 36.0, 4, 18.216100190419116
11, 106.0, 0, 49, 1, 25.0, 5, 16.942429558401585
11, 107.0, 1, 48, 1, 30.0, 5, 14.900517977779483
11, 108.0, 0, 49, 0, 32.0, 5, 14.559131214755345
11, 109.0, 0, 47, 2, 37.0, 5, 14.010007831121
11, 110.0, 1, 48, 1, 43.0, 5, 14.67459957605921
11, 111.0, 1, 47, 1, 46.0, 5, 14.935891574746492
11, 112.0, 0, 47, 0, 51.0, 7, 15.906470755827822
11, 113.0, 1, 49, 0, 58.0, 8, 16.552593554051438
11, 114.0, 0, 47, 2, 64.0, 9, 18.447336418374544
11, 115.0, 1, 47, 2, 57.0, 9, 18.41882476709809
11, 116.0, 0, 49, 2, 65.0, 9, 19.668565108480948
11, 117.0, 0, 48, 2, 74.0, 9, 21.17596956142188
11, 118.0, 1, 50, 0, 72.0, 10, 20.394964122703097
11, 119.0, 0, 51, 0, 74.0, 11, 20.59421321484842
11, 120.0, 1, 52, 1, 85.0, 10, 18.997617913771503
11, 121.0, 0, 53, 2, 97.0, 9, 19.702156740268542
11, 122.0, 1, 55, 1, 104.0, 9, 20.75857372881327
11, 123.0, 0, 57, 1, 108.0, 9, 20.566034723326965
11, 124.0, 0, 58, 0, 119.0, 9, 20.602049173718903
11, 125.0, 1, 58, 1, 122.0, 9, 19.722771780516823
11, 126.0, 0, 55, 3, 85.0, 8, 19.304485860916014
11, 127.0, 0, 55, 1, 48.0, 8, 19.217610302641713
11, 128.0, 0, 55, 1, 55.0, 7, 18.242716830180026
11, 129.0, 0, 56, 2, 61.0, 6, 19.82200775490974
11, 130.0, 1, 56, 1, 50.0, 6, 20.44403438816656
11, 131.0, 1, 56, 1, 55.0, 6, 20.62964186615472
11, 132.0, 0, 56, 1, 47.0, 5, 22.088589504381172
11, 133.0, 0, 56, 0, 53.0, 5, 23.944828343004417
11, 134.0, 0, 57, 1, 63.0, 5, 25.26532858978455
11, 135.0, 1, 59, 1, 76.0, 4, 27.21928412131821
11, 136.0, 1, 57, 2, 92.0, 3, 30.796912183333255
11, 137.0, 0, 57, 1, 104.0, 3, 30.06971567098108
11, 138.0, 0, 57, 2, 119.0, 3, 30.160090358509002
11, 139.0, 0, 56, 1, 126.0, 3, 30.140267091485804
11, 140.0, 1, 56, 2, 130.0, 3, 29.245445137457157
11, 141.0, 1, 59, 0, 135.0, 3, 29.94456708450542
11, 142.0, 1, 60, 0, 142.0, 3, 32.62461399322437
11, 143.0, 1, 58, 3, 147.0, 2, 30.910116537162146
11, 144.0, 0, 57, 1, 138.0, 2, 31.92554654576078
11, 145.0, 1, 58, 0, 155.0, 2, 31.289235781100263
11, 146.0, 1, 58, 1, 158.0, 2, 29.82124270249329
11, 147.0, 1, 59, 0, 166.0, 2, 28.89475753063994
11, 148.0, 1, 59, 0, 185.0, 2, 27.13918912244053
11, 149.0, 1, 60, 0, 188.0, 2, 27.91546239296261
11, 150.0, 1, 61, 0, 196.0, 2, 27.54045832904136
11, 151.0, 1, 61, 3, 213.0, 1, 28.16059047272571
11, 152.0, 0, 61, 0, 203.0, 1, 29.20531860808621
11, 153.0, 1, 60, 2, 201.0, 1, 27.353668951753587
11, 154.0, 0, 61, 0, 206.0, 2, 28.383803751113746
11, 155.0, 1, 63, 0, 210.0, 2, 27.046099595753848
11, 156.0, 0, 63, 2, 224.0, 2, 26.926553077388675
11, 157.0, 0, 63, 0, 239.0, 2, 26.76733411824304
11, 158.0, 0, 63, 2, 251.0, 2, 26.904520811029784
11, 159.0, 1, 64, 1, 236.0, 2, 26.15954466441365
11, 160.0, 0, 63, 2, 191.0, 2, 25.641585863067117
11, 161.0, 1, 63, 0, 204.0, 2, 24.017958914237
11, 162.0, 0, 62, 2, 178.0, 2, 24.28395969299471
11, 163.0, 1, 62, 1, 171.0, 3, 23.259296591561753
11, 164.0, 0, 61, 3, 182.0, 3, 23.68286061748522
11, 165.0, 0, 59, 2, 181.0, 3, 23.092399408039334
11, 166.0, 0, 60, 2, 193.0, 3, 22.049309481497797
11, 167.0, 0, 58, 2, 198.0, 3, 20.868971877469964
11, 168.0, 0, 60, 1, 158.0, 3, 20.010477772549795
11, 169.0, 1, 58, 3, 129.0, 2, 20.71339563866685
11, 170.0, 1, 57, 2, 136.0, 2, 20.638246724019865
11, 171.0, 0, 60, 0, 127.0, 3, 22.15120440674816
11, 172.0, 1, 60, 1, 117.0, 3, 20.798426349564025
11, 173.0, 1, 62, 1, 124.0, 3, 18.951480406157078
11, 174.0, 1, 64, 1, 131.0, 3, 18.672847650320094
11, 175.0, 1, 67, 1, 139.0, 3, 18.478852867780812
11, 176.0, 1, 63, 4, 148.0, 3, 17.762357113041706
11, 177.0, 1, 63, 1, 158.0, 3, 18.201109911787313
11, 178.0, 0, 64, 1, 158.0, 3, 17.118669258564598
11, 179.0, 1, 64, 0, 154.0, 3, 17.902602861964667
11, 180.0, 1, 61, 3, 160.0, 3, 17.552549016037418
11, 181.0, 0, 60, 2, 156.0, 3, 15.939978793226079
11, 182.0, 1, 58, 3, 161.0, 2, 14.463014421313762
11, 183.0, 1, 56, 2, 168.0, 2, 14.471157861109496
11, 184.0, 1, 55, 1, 175.0, 3, 16.008176791968207
11, 185.0, 0, 56, 1, 183.0, 5, 17.72173754472459
11, 186.0, 1, 59, 1, 191.0, 6, 18.638438130454
11, 187.0, 1, 59, 1, 196.0, 6, 22.407581215455387
11, 188.0, 1, 59, 3, 205.0, 5, 23.023272687644702
11, 189.0, 0, 59, 1, 211.0, 5, 23.43428343179725
11, 190.0, 1, 59, 2, 218.0, 5, 22.157672080401007
11, 191.0, 1, 60, 1, 226.0, 5, 21.63195061544882
11, 192.0, 1, 59, 3, 235.0, 5, 21.236749016260937
11, 193.0, 0, 61, 1, 240.0, 6, 20.846855025989363
11, 194.0, 0, 59, 2, 250.0, 6, 21.369867530988227
11, 195.0, 1, 59, 2, 239.0, 6, 18.709655528892238
11, 196.0, 1, 58, 2, 245.0, 6, 17.321687222108544
11, 197.0, 0, 58, 0, 185.0, 6, 16.629436864847193
11, 198.0, 1, 59, 1, 56.0, 6, 14.977244974387823
11, 199.0, 1, 58, 2, 41.0, 6, 15.321791808131842
11, 200.0, 1, 57, 2, 42.0, 6, 14.787645701332908
11, 201.0, 1, 55, 2, 44.0, 5, 14.217310865092678
11, 202.0, 0, 53, 2, 44.0, 5, 14.193200696233298
11, 203.0, 1, 52, 1, 45.0, 5, 11.693203509797433
11, 204.0, 0, 50, 2, 0.0, 4, 10.939022238866913
11, 205.0, 1, 49, 1, 0.0, 4, 12.47545838931569
11, 206.0, 0, 47, 2, 0.0, 5, 12.860155515943253
11, 207.0, 0, 46, 1, 3.0, 5, 14.329924225947494
11, 208.0, 0, 45, 1, 9.0, 5, 14.228099197981015
11, 209.0, 0, 45, 0, 15.0, 5, 13.880328030251732
11, 210.0, 1, 43, 2, 4.0, 5, 13.53674260516839
11, 211.0, 1, 41, 2, 3.0, 5, 13.903108140369248
11, 212.0, 0, 40, 1, 4.0, 5, 14.637030733266176
11, 213.0, 1, 38, 2, 4.0, 5, 14.196232040677494
11, 214.0, 1, 35, 3, 4.0, 5, 13.193779071621053
11, 215.0, 0, 33, 2, 4.0, 5, 12.56163248026421
11, 216.0, 0, 31, 2, 0.0, 4, 11.36073991747061
11, 217.0, 1, 29, 2, 1.0, 4, 9.353333286123762
11, 218.0, 0, 27, 2, 3.0, 4, 7.872172395404517
11, 219.0, 1, 23, 4, 5.0, 4, 7.58594553575835
11, 220.0, 1, 23, 0, 1.0, 4, 6.546516840766433
11, 221.0, 1, 23, 0, 0.0, 4, 6.00386114067855
11, 222.0, 1, 23, 0, 0.0, 4, 4.740921900419123
11, 223.0, 1, 21, 2, 0.0, 3, 3.8351781737807267
11, 224.0, 0, 20, 1, 0.0, 3, 3.7533552728552007
11, 225.0, 1, 19, 1, 0.0, 3, 2.7656637310209486
11, 226.0, 0, 19, 0, 0.0, 3, 2.7589358512774673
11, 227.0, 0, 17, 2, 0.0, 3, 2.569022611761869
11, 228.0, 0, 15, 2, 0.0, 3, 2.3570655380033037
11, 229.0, 0, 13, 2, 0.0, 3, 2.0285252697669947
11, 230.0, 0, 12, 1, 0.0, 3, 1.8203293854313003
11, 231.0, 1, 12, 0, 0.0, 3, 1.4050618686026253
11, 232.0, 1, 11, 1, 0.0, 3, 0.9730908561281275
11, 233.0, 0, 11, 0, 0.0, 3, 1.4973869431550408
11, 234.0, 1, 8, 3, 0.0, 1, 1.1526005340376884
11, 235.0, 0, 7, 1, 0.0, 1, 0.7030815081299782
11, 236.0, 1, 6, 1, 0.0, 1, 0.2226354973066993
11, 237.0, 1, 5, 1, 0.0, 1, 0.21178566185801273
11, 238.0, 1, 4, 1, 0.0, 1, 0.13344833835592063
11, 239.0, 1, 4, 0, 0.0, 1, 0.22100202789666135
11, 240.0, 1, 4, 0, 0.0, 1, 0.3457314319710285
11, 241.0, 1, 3, 1, 0.0, 1, 0.0599559159335179
11, 242.0, 0, 2, 1, 0.0, 1, 0.16760871079611128
11, 243.0, 1, 2, 0, 0.0, 1, 0.10861094450442366
11, 244.0, 1, 1, 1, 0.0, 0, 0.08374048961066194
11, 245.0, 1, 1, 0, 0.0, 0, 0.027306257285008684
11, 246.0, 1, 1, 0, 0.0, 0, 0.04487277294489189
11, 247.0, 0, 1, 0, 0.0, 0, 0.05660178383697101
11, 248.0, 0, 0, 1, 0, 0, 0
12, 1.0, 0, 2, 0, 0.0, 0, 0.0
12, 2.0, 1, 3, 0, 0.0, 0, 1.0814256854756554
12, 3.0, 0, 5, 0, 0.0, 0, 1.2559462905827157
12, 4.0, 1, 7, 0, 0.0, 0, 1.2603760180273869
12, 5.0, 0, 9, 0, 0.0, 0, 1.356365191048412
12, 6.0, 0, 9, 0, 0.0, 0, 1.2083235416804996
12, 7.0, 1, 10, 0, 0.0, 0, 1.0113279673831101
12, 8.0, 0, 11, 0, 0.0, 0, 1.129802691208996
12, 9.0, 1, 12, 0, 0.0, 0, 1.3450565739990277
12, 10.0, 1, 15, 0, 0.0, 0, 1.8246967174981639
12, 11.0, 0, 16, 0, 0.0, 0, 2.7549470487738192
12, 12.0, 0, 18, 0, 0.0, 0, 2.95368880056474
12, 13.0, 0, 18, 0, 0.0, 0, 2.8545533690692046
12, 14.0, 0, 20, 0, 0.0, 0, 2.7573178253727604
12, 15.0, 0, 22, 0, 0.0, 0, 3.662257505544157
12, 16.0, 0, 23, 0, 1.0, 0, 4.890064438499318
12, 17.0, 0, 23, 0, 3.0, 0, 5.0310370850493
12, 18.0, 1, 25, 0, 0.0, 0, 4.447346529092956
12, 19.0, 1, 25, 0, 0.0, 0, 5.872733428097877
12, 20.0, 0, 27, 0, 2.0, 2, 6.7361681810780265
12, 21.0, 0, 27, 0, 4.0, 2, 8.338667048574445
12, 22.0, 0, 28, 0, 7.0, 2, 7.715035921326277
12, 23.0, 1, 30, 0, 2.0, 3, 7.885884535871489
12, 24.0, 1, 31, 0, 3.0, 3, 7.86399004483537
12, 25.0, 1, 33, 0, 5.0, 3, 8.37346594360305
12, 26.0, 1, 36, 0, 7.0, 3, 8.232819437122908
12, 27.0, 1, 38, 0, 5.0, 3, 7.9240039318948
12, 28.0, 1, 40, 0, 6.0, 3, 8.659546536182845
12, 29.0, 1, 41, 0, 8.0, 3, 8.82990283372233
12, 30.0, 0, 41, 0, 1.0, 5, 9.129151139980287
12, 31.0, 1, 46, 0, 1.0, 5, 7.049815908627348
12, 32.0, 1, 47, 1, 2.0, 5, 6.773323171352874
12, 33.0, 0, 45, 2, 0.0, 5, 6.901975839798961
12, 34.0, 1, 46, 0, 0.0, 5, 5.75062032459686
12, 35.0, 0, 46, 1, 0.0, 6, 7.0191532379724535
12, 36.0, 1, 46, 1, 0.0, 6, 6.281713319265557
12, 37.0, 1, 46, 1, 0.0, 6, 7.292661607372424
12, 38.0, 1, 47, 0, 0.0, 6, 9.287939730325444
12, 39.0, 1, 49, 0, 0.0, 6, 9.728505094154892
12, 40.0, 1, 51, 2, 1.0, 5, 11.488890565310209
12, 41.0, 1, 48, 3, 3.0, 4, 12.417998615292953
12, 42.0, 0, 49, 1, 0.0, 5, 10.976981762121895
12, 43.0, 1, 51, 1, 2.0, 6, 11.179877697913568
12, 44.0, 0, 50, 2, 0.0, 6, 12.001873788167973
12, 45.0, 0, 50, 1, 1.0, 6, 14.245829269192548
12, 46.0, 0, 48, 3, 2.0, 4, 14.57635002062898
12, 47.0, 0, 49, 2, 7.0, 4, 14.340335881147286
12, 48.0, 1, 50, 0, 5.0, 4, 14.612504674923828
12, 49.0, 0, 49, 1, 8.0, 3, 14.535214883514776
12, 50.0, 0, 50, 1, 12.0, 2, 14.014648709576575
12, 51.0, 1, 53, 0, 11.0, 3, 14.632065239914457
12, 52.0, 1, 53, 1, 14.0, 3, 17.019804363131904
12, 53.0, 0, 53, 1, 19.0, 3, 17.843402200750216
12, 54.0, 0, 53, 2, 27.0, 3, 18.71201749211233
12, 55.0, 1, 50, 3, 32.0, 3, 20.817294617358353
12, 56.0, 1, 51, 1, 42.0, 3, 21.970997097079035
12, 57.0, 0, 51, 1, 49.0, 3, 22.07804308399065
12, 58.0, 1, 48, 3, 60.0, 3, 21.468060497080096
12, 59.0, 1, 49, 0, 60.0, 3, 21.757484143375763
12, 60.0, 1, 49, 1, 72.0, 2, 21.86680788837126
12, 61.0, 1, 50, 1, 70.0, 2, 22.106659443052703
12, 62.0, 0, 52, 1, 80.0, 3, 23.868606570327607
12, 63.0, 1, 53, 0, 85.0, 3, 24.051466470938006
12, 64.0, 0, 55, 0, 97.0, 4, 25.15027110628313
12, 65.0, 1, 54, 1, 71.0, 4, 25.23512709588347
12, 66.0, 1, 55, 1, 68.0, 4, 22.810009356392154
12, 67.0, 1, 54, 1, 65.0, 4, 21.92268054237983
12, 68.0, 1, 55, 0, 73.0, 4, 19.57727483109353
12, 69.0, 0, 54, 1, 72.0, 5, 18.502488700571902
12, 70.0, 1, 54, 0, 68.0, 6, 19.035576823917985
12, 71.0, 1, 54, 1, 75.0, 6, 18.199379108468264
12, 72.0, 0, 55, 1, 81.0, 8, 19.7274522029182
12, 73.0, 1, 55, 2, 88.0, 8, 21.097753316047182
12, 74.0, 1, 54, 1, 96.0, 9, 21.31926119331863
12, 75.0, 1, 58, 0, 106.0, 9, 21.876723999145213
12, 76.0, 0, 59, 1, 113.0, 9, 23.747631171393053
12, 77.0, 0, 57, 3, 109.0, 9, 23.453366547037103
12, 78.0, 1, 57, 0, 113.0, 9, 22.0978224309257
12, 79.0, 1, 57, 1, 117.0, 9, 20.361907455332304
12, 80.0, 1, 57, 1, 122.0, 9, 20.197809340482944
12, 81.0, 1, 54, 4, 107.0, 8, 18.846633412108904
12, 82.0, 1, 56, 1, 104.0, 8, 18.97629177037659
12, 83.0, 0, 53, 4, 111.0, 8, 18.633794081227844
12, 84.0, 0, 53, 0, 118.0, 8, 18.303717717663087
12, 85.0, 0, 54, 2, 122.0, 7, 18.472963754823297
12, 86.0, 1, 54, 0, 129.0, 8, 19.43667121065581
12, 87.0, 0, 52, 2, 137.0, 6, 20.684499875535973
12, 88.0, 1, 53, 1, 137.0, 5, 21.219073732672253
12, 89.0, 0, 53, 0, 148.0, 6, 23.99962179960596
12, 90.0, 0, 53, 2, 162.0, 6, 26.57820265493051
12, 91.0, 1, 55, 0, 147.0, 6, 27.884374484676094
12, 92.0, 1, 52, 4, 162.0, 6, 28.00067248153035
12, 93.0, 1, 52, 1, 141.0, 6, 28.012151892866104
12, 94.0, 1, 52, 2, 158.0, 4, 28.994218899561957
12, 95.0, 1, 51, 1, 139.0, 4, 30.87598736527481
12, 96.0, 1, 50, 2, 152.0, 3, 30.0266942508928
12, 97.0, 1, 50, 1, 154.0, 3, 29.802793222692383
12, 98.0, 0, 51, 1, 171.0, 3, 29.83834351505097
12, 99.0, 0, 55, 0, 189.0, 3, 29.686811560652774
12, 100.0, 0, 56, 0, 192.0, 3, 30.392592354753436
12, 101.0, 0, 56, 1, 202.0, 3, 28.95619613648982
12, 102.0, 1, 57, 0, 189.0, 4, 28.090673859346563
12, 103.0, 1, 61, 0, 165.0, 4, 27.437658952316827
12, 104.0, 1, 62, 0, 166.0, 4, 28.13959138114679
12, 105.0, 1, 63, 0, 164.0, 4, 26.27755808423458
12, 106.0, 0, 64, 0, 147.0, 4, 25.62960360810234
12, 107.0, 1, 64, 0, 137.0, 5, 24.705670583738353
12, 108.0, 1, 65, 0, 145.0, 5, 24.031283678596726
12, 109.0, 1, 64, 1, 150.0, 5, 24.539639599159685
12, 110.0, 1, 66, 0, 139.0, 5, 23.785799464625605
12, 111.0, 1, 66, 0, 132.0, 5, 25.576047630079277
12, 112.0, 0, 63, 3, 124.0, 4, 24.72373944792297
12, 113.0, 0, 62, 3, 130.0, 4, 24.346873505554495
12, 114.0, 1, 60, 3, 129.0, 4, 25.438894197917882
12, 115.0, 1, 60, 1, 133.0, 4, 27.585863051813604
12, 116.0, 1, 63, 1, 135.0, 3, 29.780949417676972
12, 117.0, 0, 61, 3, 143.0, 4, 30.165187419189504
12, 118.0, 1, 63, 0, 150.0, 4, 28.891418533351054
12, 119.0, 1, 61, 3, 161.0, 4, 27.738974771477565
12, 120.0, 0, 60, 3, 176.0, 3, 27.58746260244199
12, 121.0, 0, 62, 1, 149.0, 3, 27.26560198612003
12, 122.0, 1, 65, 0, 152.0, 4, 28.53972819547894
12, 123.0, 0, 67, 1, 151.0, 4, 27.126711014451242
12, 124.0, 1, 67, 1, 129.0, 4, 26.949110826662466
12, 125.0, 1, 64, 4, 122.0, 4, 25.7412006545759
12, 126.0, 1, 63, 1, 132.0, 4, 26.36386896570998
12, 127.0, 0, 63, 1, 143.0, 4, 25.905619504911236
12, 128.0, 0, 64, 0, 150.0, 4, 27.140168590576895
12, 129.0, 1, 67, 0, 152.0, 5, 28.028452116445113
12, 130.0, 1, 67, 1, 130.0, 5, 28.48780992448769
12, 131.0, 0, 67, 1, 116.0, 5, 28.926621406666175
12, 132.0, 1, 67, 1, 119.0, 5, 28.01137961929716
12, 133.0, 1, 64, 3, 125.0, 5, 30.53466860908933
12, 134.0, 1, 66, 0, 130.0, 5, 29.7219424270467
12, 135.0, 1, 69, 0, 137.0, 5, 31.256841809247696
12, 136.0, 1, 67, 3, 147.0, 5, 31.361994311877265
12, 137.0, 1, 66, 1, 143.0, 4, 30.89013845173562
12, 138.0, 1, 66, 2, 156.0, 4, 30.431009719716563
12, 139.0, 1, 64, 2, 163.0, 4, 30.551367376733314
12, 140.0, 0, 65, 1, 151.0, 5, 31.082976179204923
12, 141.0, 0, 66, 2, 150.0, 5, 31.868006314078823
12, 142.0, 1, 66, 1, 159.0, 6, 32.584159877863065
12, 143.0, 1, 66, 1, 171.0, 6, 32.888140759389046
12, 144.0, 1, 64, 2, 187.0, 6, 32.30682707314588
12, 145.0, 1, 65, 0, 196.0, 6, 30.750741582868166
12, 146.0, 1, 64, 2, 214.0, 5, 29.864646619363928
12, 147.0, 1, 63, 2, 203.0, 5, 28.563680077015626
12, 148.0, 0, 61, 2, 190.0, 5, 27.21381485547263
12, 149.0, 0, 61, 1, 188.0, 5, 25.732963152257007
12, 150.0, 0, 62, 0, 168.0, 5, 27.243206164005297
12, 151.0, 1, 65, 0, 172.0, 5, 26.010185940842042
12, 152.0, 1, 63, 2, 184.0, 5, 25.543288714999473
12, 153.0, 0, 62, 2, 183.0, 6, 25.690453745056345
12, 154.0, 1, 62, 1, 186.0, 6, 25.711482627458963
12, 155.0, 0, 61, 3, 196.0, 8, 26.103728941846246
12, 156.0, 0, 62, 1, 208.0, 8, 27.3150903071991
12, 157.0, 1, 61, 1, 219.0, 7, 26.339362357736356
12, 158.0, 0, 61, 2, 229.0, 7, 24.9694048577075
12, 159.0, 1, 60, 3, 241.0, 7, 25.111568951271448
12, 160.0, 0, 59, 2, 255.0, 6, 26.876343163431986
12, 161.0, 1, 58, 1, 268.0, 6, 26.280305526367787
12, 162.0, 1, 58, 1, 282.0, 6, 26.042197533674518
12, 163.0, 0, 59, 0, 293.0, 7, 25.816975742089046
12, 164.0, 0, 61, 0, 306.0, 7, 27.141667479301223
12, 165.0, 0, 59, 2, 306.0, 7, 27.317539249640564
12, 166.0, 1, 60, 2, 315.0, 7, 26.443135048076986
12, 167.0, 0, 58, 2, 328.0, 7, 26.54564919170472
12, 168.0, 1, 59, 2, 339.0, 7, 27.006914288490574
12, 169.0, 1, 57, 3, 338.0, 5, 27.233658411498098
12, 170.0, 1, 58, 0, 353.0, 5, 27.343439203006817
12, 171.0, 1, 59, 2, 332.0, 5, 27.89914161751169
12, 172.0, 0, 60, 0, 303.0, 5, 30.255000315643052
12, 173.0, 1, 61, 2, 319.0, 3, 30.252114080670054
12, 174.0, 0, 63, 1, 311.0, 3, 31.67742987844908
12, 175.0, 1, 66, 1, 322.0, 3, 31.88952260146585
12, 176.0, 1, 66, 1, 339.0, 3, 31.229071051039604
12, 177.0, 1, 65, 1, 357.0, 3, 31.178344299553054
12, 178.0, 1, 67, 0, 377.0, 3, 32.48178285707483
12, 179.0, 0, 66, 1, 395.0, 3, 34.45833342580795
12, 180.0, 1, 66, 0, 415.0, 5, 35.78587878950523
12, 181.0, 1, 67, 0, 406.0, 5, 36.82629943709892
12, 182.0, 1, 67, 1, 429.0, 5, 38.566888507763515
12, 183.0, 0, 64, 3, 448.0, 5, 38.21460967299084
12, 184.0, 0, 64, 0, 477.0, 5, 38.94633035646178
12, 185.0, 0, 62, 3, 461.0, 5, 39.23166621905411
12, 186.0, 0, 67, 0, 476.0, 5, 40.434946865416705
12, 187.0, 0, 68, 1, 494.0, 5, 44.35318053582115
12, 188.0, 0, 68, 1, 517.0, 5, 47.231787413862975
12, 189.0, 1, 69, 0, 525.0, 5, 45.536039984472716
12, 190.0, 1, 72, 0, 535.0, 5, 43.81341235169394
12, 191.0, 1, 71, 2, 551.0, 5, 44.42802707601454
12, 192.0, 1, 74, 0, 553.0, 5, 43.64328182135884
12, 193.0, 1, 77, 0, 571.0, 5, 43.267471057860334
12, 194.0, 1, 76, 1, 592.0, 5, 43.14920549133672
12, 195.0, 1, 78, 0, 614.0, 5, 40.82514007739185
12, 196.0, 1, 79, 0, 638.0, 5, 39.56569335206214
12, 197.0, 1, 79, 0, 663.0, 5, 38.17714722673743
12, 198.0, 1, 80, 1, 689.0, 5, 37.49808300393958
12, 199.0, 1, 80, 0, 539.0, 5, 39.99116680616943
12, 200.0, 1, 82, 0, 565.0, 5, 40.25683508895122
12, 201.0, 1, 81, 1, 593.0, 5, 42.04165394691692
12, 202.0, 1, 79, 2, 622.0, 5, 41.960555456269226
12, 203.0, 0, 78, 1, 611.0, 6, 41.5940997382663
12, 204.0, 0, 76, 2, 637.0, 6, 42.34713567868224
12, 205.0, 1, 72, 4, 665.0, 5, 42.528126786752594
12, 206.0, 1, 68, 4, 547.0, 4, 41.58866892382139
12, 207.0, 0, 66, 2, 571.0, 5, 40.820559769137205
12, 208.0, 1, 64, 2, 590.0, 5, 39.991001840456796
12, 209.0, 1, 63, 1, 590.0, 5, 39.088276905887916
12, 210.0, 1, 63, 0, 607.0, 5, 39.179797175613714
12, 211.0, 1, 63, 0, 593.0, 5, 38.576092731417106
12, 212.0, 0, 62, 1, 617.0, 5, 38.214215952752056
12, 213.0, 1, 62, 0, 603.0, 5, 38.32391963871234
12, 214.0, 0, 61, 1, 591.0, 5, 37.10493533930596
12, 215.0, 1, 60, 1, 593.0, 5, 35.81685798406379
12, 216.0, 0, 59, 1, 574.0, 5, 35.669936950870614
12, 217.0, 1, 59, 0, 570.0, 5, 34.823168515837104
12, 218.0, 1, 58, 1, 573.0, 5, 34.06974639814015
12, 219.0, 1, 57, 1, 574.0, 5, 33.74767777399268
12, 220.0, 0, 53, 4, 552.0, 5, 33.033644354315385
12, 221.0, 1, 50, 3, 555.0, 5, 31.81614215501353
12, 222.0, 0, 50, 0, 561.0, 5, 30.33710023284044
12, 223.0, 0, 50, 0, 577.0, 5, 29.8193474223238
12, 224.0, 1, 50, 0, 581.0, 5, 28.10245120234184
12, 225.0, 0, 47, 3, 587.0, 5, 28.10504645772437
12, 226.0, 1, 43, 4, 605.0, 5, 26.80709275820862
12, 227.0, 1, 41, 2, 623.0, 4, 25.65808718952149
12, 228.0, 0, 38, 3, 641.0, 4, 25.199812088747294
12, 229.0, 0, 37, 1, 659.0, 4, 24.97445751834602
12, 230.0, 1, 35, 2, 677.0, 3, 23.993259044663105
12, 231.0, 1, 35, 0, 695.0, 3, 23.929490227665674
12, 232.0, 0, 34, 1, 713.0, 3, 23.429810253140392
12, 233.0, 1, 34, 0, 668.0, 3, 22.36400505526852
12, 234.0, 0, 33, 1, 658.0, 3, 21.901801158044336
12, 235.0, 0, 32, 1, 672.0, 3, 20.959604495361074
12, 236.0, 0, 30, 2, 579.0, 3, 20.469481229591022
12, 237.0, 1, 29, 1, 589.0, 3, 20.422940113357313
12, 238.0, 1, 29, 0, 577.0, 3, 19.970250448503506
12, 239.0, 0, 27, 2, 566.0, 3, 20.11757182170196
12, 240.0, 1, 26, 1, 576.0, 3, 20.38565886803699
12, 241.0, 1, 25, 1, 371.0, 3, 20.098348098069472
12, 242.0, 1, 25, 0, 316.0, 3, 20.032063529748477
12, 243.0, 0, 25, 0, 326.0, 3, 19.846031949433947
12, 244.0, 1, 25, 0, 337.0, 3, 19.395329174492677
12, 245.0, 0, 24, 1, 352.0, 3, 19.00344870849284
12, 246.0, 0, 24, 0, 367.0, 3, 18.446636028481123
12, 247.0, 0, 23, 1, 382.0, 3, 18.199591470664735
12, 248.0, 0, 23, 0, 397.0, 3, 18.176437503006277
12, 249.0, 1, 23, 0, 412.0, 3, 18.145606554085845
12, 250.0, 0, 23, 0, 428.0, 3, 18.16593187655583
12, 251.0, 1, 23, 0, 395.0, 3, 18.086702737607034
12, 252.0, 1, 23, 0, 410.0, 3, 17.975068503499095
12, 253.0, 1, 23, 0, 417.0, 3, 17.805485441807285
12, 254.0, 0, 23, 0, 433.0, 3, 17.871959512526132
12, 255.0, 0, 22, 1, 423.0, 3, 17.539206476504113
12, 256.0, 0, 21, 1, 413.0, 3, 17.064045118293038
12, 257.0, 0, 21, 0, 426.0, 3, 16.249599707522442
12, 258.0, 0, 21, 0, 419.0, 3, 15.408514813516327
12, 259.0, 1, 19, 2, 426.0, 2, 14.58675237770089
12, 260.0, 0, 18, 1, 435.0, 2, 13.84888197402313
12, 261.0, 0, 18, 0, 444.0, 2, 13.197028071960624
12, 262.0, 1, 18, 0, 453.0, 2, 12.312380558648748
12, 263.0, 0, 18, 0, 462.0, 2, 11.643566674351476
12, 264.0, 0, 18, 0, 471.0, 2, 10.961487714758334
12, 265.0, 1, 18, 0, 480.0, 2, 10.322661397271261
12, 266.0, 1, 18, 0, 216.0, 2, 9.599256897056257
12, 267.0, 0, 18, 0, 222.0, 2, 8.975335345479081
12, 268.0, 1, 18, 0, 135.0, 2, 8.529234445954074
12, 269.0, 0, 18, 0, 140.0, 2, 7.937595093686568
12, 270.0, 0, 16, 2, 145.0, 2, 7.521565183571411
12, 271.0, 0, 16, 0, 150.0, 2, 6.677947478323958
12, 272.0, 0, 15, 1, 155.0, 1, 6.447544685567898
12, 273.0, 1, 15, 0, 125.0, 1, 5.7549027025397095
12, 274.0, 1, 15, 0, 94.0, 1, 5.122849558516471
12, 275.0, 1, 15, 0, 63.0, 1, 5.0563751827443895
12, 276.0, 1, 14, 1, 32.0, 1, 3.994979653328045
12, 277.0, 0, 14, 0, 0.0, 1, 4.021288274097188
12, 278.0, 1, 13, 1, 0.0, 1, 3.2794862746576214
12, 279.0, 1, 12, 1, 0.0, 1, 2.276743766719747
12, 280.0, 1, 11, 1, 0.0, 1, 2.342464223820457
12, 281.0, 0, 10, 1, 0.0, 1, 2.1369714524499983
12, 282.0, 0, 10, 0, 0.0, 1, 2.3228907438938577
12, 283.0, 0, 9, 1, 1.0, 1, 2.3741450552873147
12, 284.0, 0, 7, 2, 2.0, 0, 2.1382734137810715
12, 285.0, 0, 6, 1, 3.0, 0, 2.274383259216634
12, 286.0, 0, 6, 0, 5.0, 0, 2.3259070400444557
12, 287.0, 0, 6, 0, 7.0, 0, 2.1895153659802276
12, 288.0, 1, 5, 1, 3.0, 0, 1.9140515371063174
12, 289.0, 0, 4, 1, 0.0, 0, 1.5909261798663863
12, 290.0, 1, 4, 0, 0.0, 0, 1.4798152127266917
12, 291.0, 0, 3, 1, 0.0, 0, 1.5001751231150138
12, 292.0, 0, 3, 0, 0.0, 0, 1.4319069385837224
12, 293.0, 1, 3, 0, 0.0, 0, 0.9569920420062203
12, 294.0, 1, 2, 1, 0.0, 0, 0.3078568938723123
12, 295.0, 0, 2, 0, 0.0, 0, 0.7228539371254072
12, 296.0, 1, 2, 0, 0.0, 0, 0.4008989159520553
12, 297.0, 1, 2, 0, 0.0, 0, 0.3306202995628098
12, 298.0, 1, 2, 0, 0.0, 0, 0.167019776544592
12, 299.0, 0, 2, 0, 0.0, 0, 0.06105240835884729
12, 300.0, 1, 2, 0, 0.0, 0, 0.1175521775181636
12, 301.0, 1, 2, 0, 0.0, 0, 0.1331454848077982
12, 302.0, 1, 1, 1, 0.0, 0, 0.05507839320848973
12, 303.0, 0, 1, 0, 0.0, 0, 0.0978249701768874
12, 304.0, 0, 1, 0, 0.0, 0, 0.02129993851393408
12, 305.0, 1, 1, 0, 0.0, 0, 0.10452874900963138
12, 306.0, 1, 1, 0, 0.0, 0, 0.018480477037556398
12, 307.0, 0, 1, 0, 0.0, 0, 0.03117544696414143
12, 308.0, 1, 1, 0, 0.0, 0, 0.10511107635754513
12, 309.0, 1, 1, 0, 0.0, 0, 0.026788843892532554
12, 310.0, 0, 0, 1, 0, 0, 0
13, 1.0, 1, 2, 0, 0.0, 0, 0.0
13, 2.0, 1, 3, 0, 0.0, 0, 1.0814256854756554
13, 3.0, 1, 5, 0, 0.0, 0, 1.2317430816274335
13, 4.0, 1, 7, 0, 0.0, 0, 1.2562929516962287
13, 5.0, 1, 9, 0, 0.0, 0, 1.3267641311373821
13, 6.0, 1, 9, 0, 0.0, 0, 1.1958048679358226
13, 7.0, 1, 10, 0, 0.0, 0, 0.8231502954305336
13, 8.0, 0, 11, 0, 0.0, 0, 1.0949618552544191
13, 9.0, 0, 12, 0, 0.0, 0, 1.613748799613663
13, 10.0, 0, 15, 0, 0.0, 0, 2.1519767132714427
13, 11.0, 0, 16, 0, 0.0, 0, 2.895102088409554
13, 12.0, 0, 18, 0, 0.0, 0, 3.04544383182529
13, 13.0, 1, 18, 0, 0.0, 0, 2.602073760550854
13, 14.0, 0, 20, 0, 0.0, 0, 2.6364540557529095
13, 15.0, 0, 22, 0, 0.0, 0, 3.675667114379896
13, 16.0, 1, 23, 0, 0.0, 2, 4.411174444873807
13, 17.0, 0, 23, 0, 0.0, 2, 3.9829246441917547
13, 18.0, 1, 25, 0, 0.0, 2, 4.898821003896742
13, 19.0, 0, 25, 0, 1.0, 2, 6.415181073360938
13, 20.0, 1, 27, 0, 3.0, 3, 7.0873828461903035
13, 21.0, 1, 28, 0, 4.0, 3, 8.275191713482254
13, 22.0, 0, 28, 0, 5.0, 4, 8.525391647517337
13, 23.0, 0, 30, 0, 8.0, 4, 8.750977364590765
13, 24.0, 0, 31, 0, 11.0, 4, 8.954584785543354
13, 25.0, 0, 33, 0, 14.0, 4, 10.14013624678355
13, 26.0, 1, 36, 0, 8.0, 5, 9.992213726554857
13, 27.0, 0, 38, 0, 10.0, 7, 11.15984880526395
13, 28.0, 1, 40, 0, 3.0, 7, 11.004782622755638
13, 29.0, 1, 41, 0, 6.0, 7, 12.803946662745709
13, 30.0, 0, 41, 0, 6.0, 7, 13.33120925910983
13, 31.0, 1, 46, 0, 7.0, 7, 12.13196974386287
13, 32.0, 0, 47, 1, 11.0, 7, 12.133286372567671
13, 33.0, 0, 45, 2, 15.0, 7, 12.117236278403684
13, 34.0, 0, 46, 0, 19.0, 7, 11.154328788145449
13, 35.0, 0, 46, 1, 23.0, 7, 11.916252738502482
13, 36.0, 0, 47, 0, 27.0, 7, 13.067525828494318
13, 37.0, 0, 46, 2, 25.0, 6, 14.155596489237881
13, 38.0, 1, 46, 1, 9.0, 7, 13.623367337864416
13, 39.0, 0, 47, 1, 8.0, 7, 13.686743665973998
13, 40.0, 1, 50, 1, 9.0, 8, 14.454754549189696
13, 41.0, 1, 50, 0, 11.0, 8, 15.416179514810825
13, 42.0, 0, 52, 0, 12.0, 9, 13.78448949788464
13, 43.0, 0, 55, 0, 15.0, 9, 13.54480224228134
13, 44.0, 1, 56, 1, 17.0, 10, 12.877579774844376
13, 45.0, 1, 55, 1, 20.0, 9, 13.144314518432973
13, 46.0, 1, 55, 1, 23.0, 9, 11.860472044379959
13, 47.0, 0, 54, 4, 23.0, 8, 11.667287922374273
13, 48.0, 1, 55, 0, 25.0, 9, 13.404873355955928
13, 49.0, 1, 55, 0, 30.0, 9, 13.58835118466066
13, 50.0, 1, 57, 0, 35.0, 9, 14.155649658041689
13, 51.0, 0, 59, 1, 37.0, 11, 14.66319880544583
13, 52.0, 0, 60, 0, 6.0, 11, 14.705712103496593
13, 53.0, 1, 59, 2, 5.0, 10, 13.628036940061097
13, 54.0, 0, 57, 4, 7.0, 10, 13.312023568219685
13, 55.0, 0, 54, 3, 9.0, 10, 14.51417592003036
13, 56.0, 0, 54, 2, 13.0, 8, 14.332645181569847
13, 57.0, 0, 52, 3, 18.0, 8, 14.39024319187652
13, 58.0, 1, 51, 1, 3.0, 8, 12.783875054192338
13, 59.0, 1, 49, 3, 0.0, 7, 12.57436798096932
13, 60.0, 1, 49, 1, 0.0, 7, 13.96028285743784
13, 61.0, 1, 49, 2, 2.0, 7, 14.05965884386325
13, 62.0, 1, 52, 0, 6.0, 7, 13.92995257880354
13, 63.0, 1, 52, 1, 8.0, 6, 15.045077231245951
13, 64.0, 0, 52, 2, 7.0, 5, 15.26537370604452
13, 65.0, 1, 51, 1, 6.0, 5, 15.001600840953365
13, 66.0, 1, 52, 1, 9.0, 5, 14.351865020148955
13, 67.0, 1, 51, 1, 12.0, 5, 15.019076516058806
13, 68.0, 1, 49, 3, 16.0, 4, 14.372211365017044
13, 69.0, 0, 49, 0, 21.0, 5, 16.32480295229926
13, 70.0, 0, 46, 3, 21.0, 5, 17.006438410444645
13, 71.0, 1, 47, 0, 25.0, 5, 15.93299634664024
13, 72.0, 0, 46, 3, 18.0, 5, 15.547890852170164
13, 73.0, 0, 47, 1, 19.0, 4, 15.960009550401336
13, 74.0, 0, 46, 1, 18.0, 3, 16.954668906279988
13, 75.0, 0, 48, 1, 23.0, 3, 16.45349446623178
13, 76.0, 1, 50, 1, 28.0, 3, 16.106277119934997
13, 77.0, 1, 50, 1, 27.0, 3, 17.026123104285254
13, 78.0, 1, 49, 1, 33.0, 3, 16.499609647121844
13, 79.0, 1, 47, 3, 41.0, 3, 16.895744849144506
13, 80.0, 1, 46, 2, 41.0, 3, 17.680853016008243
13, 81.0, 1, 47, 0, 46.0, 3, 18.008870945816263
13, 82.0, 1, 48, 2, 34.0, 3, 17.02382027928185
13, 83.0, 1, 49, 0, 36.0, 3, 17.3882738208165
13, 84.0, 1, 47, 2, 45.0, 3, 16.802217063308877
13, 85.0, 1, 50, 0, 44.0, 3, 16.32235234051469
13, 86.0, 0, 50, 0, 15.0, 4, 16.336996267822755
13, 87.0, 0, 48, 2, 18.0, 3, 16.243149294710058
13, 88.0, 0, 49, 1, 6.0, 3, 16.270563784779807
13, 89.0, 1, 48, 1, 4.0, 4, 17.507465063079533
13, 90.0, 0, 48, 2, 7.0, 3, 16.816750964850886
13, 91.0, 0, 49, 1, 6.0, 3, 17.646149088983943
13, 92.0, 0, 50, 0, 11.0, 3, 17.95204600743494
13, 93.0, 1, 50, 1, 8.0, 3, 16.756055749247793
13, 94.0, 0, 51, 1, 11.0, 3, 16.267183290031305
13, 95.0, 1, 50, 1, 14.0, 4, 15.842230254563233
13, 96.0, 1, 50, 1, 19.0, 4, 14.75132291669687
13, 97.0, 1, 50, 1, 21.0, 4, 14.837769425581733
13, 98.0, 1, 51, 1, 19.0, 4, 12.51221994487551
13, 99.0, 0, 51, 3, 18.0, 4, 13.26849008392889
13, 100.0, 1, 52, 1, 10.0, 5, 13.659239751222602
13, 101.0, 1, 52, 1, 12.0, 5, 12.149468219479965
13, 102.0, 1, 53, 0, 14.0, 5, 13.470688290753483
13, 103.0, 0, 57, 0, 0.0, 5, 13.329880603352784
13, 104.0, 1, 54, 4, 0.0, 6, 13.90151231512069
13, 105.0, 0, 53, 1, 0.0, 6, 14.13093302475983
13, 106.0, 0, 55, 0, 0.0, 6, 12.4260327486225
13, 107.0, 1, 51, 4, 0.0, 4, 11.68170193556214
13, 108.0, 1, 51, 1, 0.0, 4, 10.750461418242702
13, 109.0, 0, 50, 1, 0.0, 4, 11.32767541847136
13, 110.0, 0, 50, 2, 1.0, 4, 11.42510134522186
13, 111.0, 0, 48, 2, 3.0, 4, 12.266559365593995
13, 112.0, 1, 47, 1, 3.0, 4, 11.458667324815886
13, 113.0, 1, 48, 1, 5.0, 4, 12.586408123791088
13, 114.0, 0, 48, 1, 5.0, 4, 13.734876633288817
13, 115.0, 1, 47, 2, 6.0, 4, 13.522996002662492
13, 116.0, 0, 47, 4, 9.0, 4, 13.634958295667495
13, 117.0, 1, 48, 0, 13.0, 4, 15.869388673414901
13, 118.0, 1, 46, 4, 18.0, 4, 15.030571452326967
13, 119.0, 1, 46, 1, 23.0, 4, 15.1908292580598
13, 120.0, 0, 46, 2, 20.0, 3, 14.152313068307183
13, 121.0, 1, 47, 2, 21.0, 3, 14.177665927038275
13, 122.0, 0, 50, 0, 24.0, 4, 15.472615127998612
13, 123.0, 1, 51, 2, 29.0, 5, 15.863925080862348
13, 124.0, 0, 52, 0, 36.0, 5, 16.3977323722525
13, 125.0, 1, 52, 0, 43.0, 5, 16.331350961527118
13, 126.0, 1, 51, 2, 43.0, 5, 16.40590742258483
13, 127.0, 0, 52, 0, 46.0, 7, 17.818698517349993
13, 128.0, 1, 50, 3, 52.0, 6, 17.391268410120478
13, 129.0, 1, 51, 2, 60.0, 6, 17.72721557068825
13, 130.0, 0, 50, 1, 68.0, 7, 19.915595180509804
13, 131.0, 0, 51, 1, 73.0, 6, 20.177297008987235
13, 132.0, 0, 51, 1, 84.0, 6, 22.01670156275141
13, 133.0, 0, 50, 1, 87.0, 6, 22.39995442413597
13, 134.0, 1, 51, 1, 90.0, 8, 22.374460833409664
13, 135.0, 0, 54, 0, 100.0, 9, 22.988533434442765
13, 136.0, 0, 53, 1, 107.0, 8, 25.689988242377442
13, 137.0, 0, 53, 1, 86.0, 8, 26.66795847160987
13, 138.0, 0, 54, 1, 46.0, 8, 25.789809780474606
13, 139.0, 1, 54, 0, 54.0, 8, 23.666703078776123
13, 140.0, 0, 56, 0, 56.0, 10, 24.15946323519539
13, 141.0, 1, 59, 0, 34.0, 10, 24.55360020239564
13, 142.0, 1, 59, 1, 41.0, 9, 23.362605075757777
13, 143.0, 1, 59, 1, 46.0, 8, 23.143016338413084
13, 144.0, 1, 59, 0, 56.0, 8, 22.308779978967046
13, 145.0, 0, 59, 1, 62.0, 9, 21.3158790605562
13, 146.0, 1, 58, 2, 60.0, 10, 20.530749734226145
13, 147.0, 1, 58, 1, 69.0, 10, 18.72925168301126
13, 148.0, 0, 58, 0, 49.0, 10, 17.227464133601224
13, 149.0, 0, 59, 0, 54.0, 10, 16.327630940442717
13, 150.0, 1, 58, 2, 59.0, 10, 14.55814376140175
13, 151.0, 1, 59, 2, 64.0, 9, 14.553172651563454
13, 152.0, 0, 58, 1, 70.0, 10, 16.01303967534762
13, 153.0, 1, 54, 5, 75.0, 10, 14.58796993274367
13, 154.0, 0, 53, 2, 82.0, 10, 16.228596967349922
13, 155.0, 1, 54, 1, 90.0, 10, 16.255738530215393
13, 156.0, 0, 53, 3, 98.0, 10, 16.755133433286097
13, 157.0, 0, 53, 0, 106.0, 10, 18.434151395899956
13, 158.0, 0, 54, 1, 115.0, 10, 18.616435199637035
13, 159.0, 0, 53, 3, 127.0, 9, 18.792777993553212
13, 160.0, 1, 52, 2, 134.0, 9, 18.52412029592809
13, 161.0, 1, 51, 1, 146.0, 9, 17.913173252727407
13, 162.0, 1, 50, 2, 130.0, 8, 17.730259432845948
13, 163.0, 1, 49, 2, 98.0, 8, 16.636827467918614
13, 164.0, 1, 50, 1, 107.0, 8, 17.54369404275634
13, 165.0, 1, 49, 1, 117.0, 7, 19.2741865312772
13, 166.0, 0, 50, 2, 72.0, 6, 16.21271222430753
13, 167.0, 1, 47, 3, 63.0, 6, 14.087370150978868
13, 168.0, 1, 49, 1, 68.0, 6, 13.066848901339947
13, 169.0, 1, 50, 0, 73.0, 6, 14.423157338791587
13, 170.0, 1, 48, 3, 66.0, 6, 14.597072021922045
13, 171.0, 1, 51, 0, 63.0, 6, 14.70356058104378
13, 172.0, 0, 52, 0, 66.0, 6, 15.618349048498182
13, 173.0, 0, 54, 1, 72.0, 6, 14.839584671058137
13, 174.0, 0, 57, 0, 75.0, 6, 14.761585615654546
13, 175.0, 0, 59, 2, 45.0, 6, 14.400459981899958
13, 176.0, 1, 58, 1, 13.0, 7, 14.557608916153049
13, 177.0, 0, 59, 0, 15.0, 7, 12.581027164024581
13, 178.0, 1, 59, 2, 17.0, 7, 13.267897899297122
13, 179.0, 1, 58, 1, 20.0, 7, 13.299759640194074
13, 180.0, 0, 57, 1, 21.0, 8, 12.096333732231326
13, 181.0, 0, 55, 3, 23.0, 7, 11.018424629985631
13, 182.0, 1, 53, 3, 25.0, 7, 10.468821555455888
13, 183.0, 1, 52, 1, 27.0, 6, 11.404249910509094
13, 184.0, 1, 49, 3, 29.0, 5, 12.280169686031298
13, 185.0, 1, 48, 3, 15.0, 4, 12.269651965927624
13, 186.0, 0, 52, 0, 18.0, 4, 14.38657369660589
13, 187.0, 0, 51, 2, 6.0, 4, 16.776628955797214
13, 188.0, 0, 53, 1, 5.0, 4, 17.759909135270807
13, 189.0, 0, 53, 1, 8.0, 4, 19.689164586607326
13, 190.0, 1, 54, 1, 11.0, 4, 17.831732268987697
13, 191.0, 1, 53, 3, 15.0, 3, 17.640712963200805
13, 192.0, 1, 54, 1, 19.0, 3, 15.317462716713653
13, 193.0, 1, 55, 2, 24.0, 3, 16.215022235965847
13, 194.0, 1, 54, 1, 31.0, 2, 14.897189149273222
13, 195.0, 1, 54, 2, 28.0, 1, 13.109580068717273
13, 196.0, 0, 53, 2, 27.0, 1, 13.076780858147869
13, 197.0, 0, 52, 1, 24.0, 0, 12.169744920096326
13, 198.0, 0, 53, 1, 27.0, 0, 11.029486064699222
13, 199.0, 0, 52, 2, 30.0, 0, 11.205903416262634
13, 200.0, 1, 53, 0, 20.0, 0, 10.83115395391027
13, 201.0, 1, 51, 2, 10.0, 0, 11.012427633094692
13, 202.0, 0, 50, 1, 0.0, 2, 10.929702408720766
13, 203.0, 1, 48, 2, 0.0, 2, 10.857609769955957
13, 204.0, 0, 48, 0, 2.0, 3, 11.165755197662394
13, 205.0, 1, 45, 3, 3.0, 3, 10.919051929108923
13, 206.0, 0, 44, 1, 5.0, 5, 12.345754731199683
13, 207.0, 1, 43, 1, 4.0, 5, 11.967092082673823
13, 208.0, 0, 39, 4, 7.0, 6, 13.080704530681787
13, 209.0, 0, 37, 2, 11.0, 6, 13.279133415767618
13, 210.0, 0, 36, 1, 12.0, 6, 12.632718107932503
13, 211.0, 1, 36, 0, 13.0, 6, 12.507154924969996
13, 212.0, 1, 35, 1, 17.0, 6, 12.387229635404895
13, 213.0, 0, 34, 1, 17.0, 7, 13.958179651595255
13, 214.0, 1, 32, 2, 20.0, 7, 13.267794592291882
13, 215.0, 1, 30, 2, 25.0, 7, 11.737278451156488
13, 216.0, 0, 27, 3, 31.0, 6, 11.677569738814231
13, 217.0, 1, 27, 0, 38.0, 6, 10.87870109913096
13, 218.0, 1, 25, 2, 45.0, 6, 9.839505739099355
13, 219.0, 1, 25, 0, 47.0, 6, 9.04272281472926
13, 220.0, 1, 24, 1, 53.0, 6, 8.670798642782175
13, 221.0, 0, 23, 1, 43.0, 6, 8.1244498527187
13, 222.0, 1, 21, 2, 30.0, 5, 7.332684682817908
13, 223.0, 1, 19, 2, 34.0, 4, 7.0793494935557835
13, 224.0, 0, 19, 0, 19.0, 4, 6.701452427140196
13, 225.0, 1, 17, 2, 21.0, 4, 6.489010979290483
13, 226.0, 0, 17, 0, 23.0, 4, 6.165028423885581
13, 227.0, 0, 15, 2, 25.0, 4, 5.548706518292906
13, 228.0, 1, 14, 1, 27.0, 4, 5.126641322507821
13, 229.0, 1, 14, 0, 29.0, 4, 4.616498502932528
13, 230.0, 0, 11, 3, 0.0, 4, 3.3084662142112222
13, 231.0, 1, 10, 1, 0.0, 4, 2.8183274244954646
13, 232.0, 0, 10, 0, 0.0, 4, 2.2794134260409322
13, 233.0, 0, 10, 0, 0.0, 4, 2.023237578706821
13, 234.0, 1, 9, 1, 0.0, 3, 1.591202482341176
13, 235.0, 1, 7, 2, 0.0, 3, 0.9919877514089848
13, 236.0, 1, 7, 0, 0.0, 3, 0.6099214509993622
13, 237.0, 1, 7, 0, 0.0, 3, 0.41774030010947527
13, 238.0, 1, 7, 0, 0.0, 3, 0.4015815978429558
13, 239.0, 1, 7, 0, 0.0, 3, 0.5228721716852753
13, 240.0, 0, 6, 1, 0.0, 2, 0.338736576369012
13, 241.0, 1, 6, 0, 0.0, 2, 0.3529420486684671
13, 242.0, 0, 6, 0, 0.0, 2, 0.2707835129092899
13, 243.0, 1, 5, 1, 0.0, 2, 0.22316807614506118
13, 244.0, 0, 5, 0, 0.0, 2, 0.2909691348019301
13, 245.0, 1, 5, 0, 0.0, 2, 0.2489944529836592
13, 246.0, 0, 5, 0, 0.0, 2, 0.3741432164466225
13, 247.0, 0, 5, 0, 0.0, 2, 0.09959875215521663
13, 248.0, 0, 3, 2, 0.0, 1, 0.21127015696937335
13, 249.0, 1, 2, 1, 0.0, 0, 0.0742221639866898
13, 250.0, 0, 1, 1, 0.0, 0, 0.06690594312899023
13, 251.0, 1, 1, 0, 0.0, 0, 0.11207048877970394
13, 252.0, 0, 1, 0, 0.0, 0, 0.0972418549481624
13, 253.0, 0, 1, 0, 0.0, 0, 0.009466608789388431
13, 254.0, 1, 1, 0, 0.0, 0, 0.11551912444371126
13, 255.0, 0, 1, 0, 0.0, 0, 0.019419493559396983
13, 256.0, 1, 0, 1, 0, 0, 0
14, 1.0, 0, 2, 0, 0.0, 0, 0.0
14, 2.0, 1, 3, 0, 0.0, 0, 1.0814256854756554
14, 3.0, 0, 5, 0, 0.0, 0, 1.2559462905827157
14, 4.0, 1, 7, 0, 0.0, 0, 1.2603760180273869
14, 5.0, 1, 9, 0, 0.0, 0, 1.356365191048412
14, 6.0, 1, 9, 0, 0.0, 0, 1.2083235416804996
14, 7.0, 1, 10, 0, 0.0, 0, 1.0113279673831101
14, 8.0, 1, 11, 0, 0.0, 0, 1.129802691208996
14, 9.0, 1, 12, 0, 0.0, 0, 1.3450565739990277
14, 10.0, 1, 15, 0, 0.0, 0, 1.7333175264498455
14, 11.0, 0, 16, 0, 0.0, 0, 2.751010520974618
14, 12.0, 0, 18, 0, 0.0, 0, 2.8265711950039885
14, 13.0, 0, 18, 0, 0.0, 0, 2.80562774381092
14, 14.0, 1, 20, 0, 0.0, 0, 2.4697488426948744
14, 15.0, 0, 22, 0, 0.0, 3, 4.130613799911765
14, 16.0, 1, 23, 0, 0.0, 4, 5.06398458249874
14, 17.0, 1, 23, 0, 0.0, 4, 5.498048405520335
14, 18.0, 1, 25, 0, 2.0, 4, 5.514470709880837
14, 19.0, 0, 25, 0, 1.0, 4, 6.995731497689414
14, 20.0, 1, 27, 0, 3.0, 6, 8.02184513792357
14, 21.0, 1, 28, 0, 6.0, 6, 9.458143179032781
14, 22.0, 0, 28, 0, 8.0, 6, 10.03172388620276
14, 23.0, 1, 30, 0, 11.0, 7, 9.537036328704081
14, 24.0, 1, 31, 0, 15.0, 7, 11.300948127378339
14, 25.0, 0, 33, 0, 19.0, 7, 11.487166860602414
14, 26.0, 1, 36, 0, 25.0, 8, 12.651377874576577
14, 27.0, 0, 38, 0, 27.0, 9, 13.832553447991934
14, 28.0, 1, 40, 0, 24.0, 9, 12.945196721369673
14, 29.0, 1, 41, 0, 25.0, 9, 13.836357353872032
14, 30.0, 1, 41, 0, 26.0, 9, 12.001924129327108
14, 31.0, 1, 46, 0, 29.0, 9, 10.642672798231008
14, 32.0, 0, 48, 0, 0.0, 9, 10.725287105785187
14, 33.0, 0, 46, 2, 0.0, 8, 10.589929702068325
14, 34.0, 0, 47, 0, 0.0, 8, 9.899181150425678
14, 35.0, 0, 48, 0, 2.0, 8, 10.906339621971577
14, 36.0, 1, 49, 0, 1.0, 8, 10.663583490041297
14, 37.0, 0, 49, 1, 0.0, 8, 9.911020249411516
14, 38.0, 1, 48, 2, 0.0, 7, 11.598715483692724
14, 39.0, 0, 50, 0, 0.0, 7, 12.421847813124595
14, 40.0, 1, 52, 2, 1.0, 7, 13.753520329015227
14, 41.0, 1, 52, 0, 3.0, 7, 13.568891961389028
14, 42.0, 0, 54, 0, 0.0, 7, 12.48993572523395
14, 43.0, 1, 57, 0, 0.0, 9, 11.861960986365972
14, 44.0, 0, 56, 3, 0.0, 7, 13.543201218140354
14, 45.0, 1, 53, 3, 0.0, 7, 12.312660704145088
14, 46.0, 1, 51, 3, 0.0, 7, 10.084966898312862
14, 47.0, 1, 54, 0, 1.0, 7, 10.897208648058863
14, 48.0, 1, 54, 1, 3.0, 7, 11.69066684761888
14, 49.0, 1, 53, 1, 6.0, 7, 11.712848383961019
14, 50.0, 1, 54, 1, 2.0, 6, 11.621940508348565
14, 51.0, 1, 56, 1, 5.0, 6, 12.951108260673877
14, 52.0, 1, 55, 2, 9.0, 6, 13.444907706353863
14, 53.0, 0, 54, 2, 8.0, 5, 11.689841762476831
14, 54.0, 1, 55, 1, 12.0, 5, 11.720149941860594
14, 55.0, 1, 55, 0, 17.0, 5, 13.33861520757163
14, 56.0, 1, 53, 4, 20.0, 3, 13.392074090694647
14, 57.0, 1, 50, 4, 25.0, 3, 14.839749204639718
14, 58.0, 0, 49, 1, 18.0, 3, 14.205024554185051
14, 59.0, 0, 48, 2, 11.0, 2, 13.024806899515266
14, 60.0, 0, 48, 1, 4.0, 2, 13.873718196990303
14, 61.0, 0, 49, 1, 4.0, 2, 13.457839518222437
14, 62.0, 1, 51, 1, 0.0, 2, 11.860125529942959
14, 63.0, 1, 50, 2, 0.0, 2, 12.138354010655025
14, 64.0, 1, 51, 1, 2.0, 2, 12.83739892717435
14, 65.0, 0, 49, 2, 4.0, 2, 14.51468908748379
14, 66.0, 1, 51, 0, 3.0, 3, 12.757488125515389
14, 67.0, 1, 51, 0, 1.0, 3, 13.239691396262304
14, 68.0, 1, 48, 4, 2.0, 1, 12.140485925225903
14, 69.0, 0, 47, 1, 0.0, 2, 11.30663867376322
14, 70.0, 0, 45, 2, 0.0, 2, 10.380591731290002
14, 71.0, 1, 45, 1, 0.0, 2, 9.861981856947496
14, 72.0, 1, 46, 1, 0.0, 2, 10.514791370328314
14, 73.0, 0, 48, 0, 0.0, 2, 11.014331915553797
14, 74.0, 1, 45, 3, 0.0, 2, 10.434791310209016
14, 75.0, 0, 48, 0, 2.0, 4, 11.215122539016255
14, 76.0, 1, 50, 1, 3.0, 5, 11.112951277187962
14, 77.0, 0, 48, 3, 4.0, 6, 11.213836889631969
14, 78.0, 1, 47, 1, 6.0, 6, 11.65461178139278
14, 79.0, 1, 47, 1, 10.0, 6, 11.298824645338918
14, 80.0, 1, 46, 2, 8.0, 6, 11.92690050077687
14, 81.0, 1, 45, 2, 11.0, 6, 10.990037075327301
14, 82.0, 0, 46, 2, 15.0, 6, 10.82775516433391
14, 83.0, 0, 45, 2, 19.0, 6, 11.091047218403425
14, 84.0, 1, 43, 2, 24.0, 6, 10.935328610818006
14, 85.0, 0, 45, 1, 30.0, 5, 11.235330752259495
14, 86.0, 1, 43, 2, 29.0, 5, 11.593896859889211
14, 87.0, 0, 43, 0, 1.0, 6, 11.017978272510206
14, 88.0, 1, 44, 1, 2.0, 6, 10.667648153506665
14, 89.0, 1, 41, 3, 3.0, 6, 12.39224765717731
14, 90.0, 0, 43, 0, 4.0, 6, 12.497345661150444
14, 91.0, 1, 44, 1, 8.0, 6, 13.534792701379661
14, 92.0, 1, 44, 1, 12.0, 6, 14.53591833546671
14, 93.0, 1, 43, 2, 18.0, 5, 14.537928215726136
14, 94.0, 1, 43, 2, 14.0, 4, 13.690198468808134
14, 95.0, 1, 42, 1, 18.0, 4, 14.084299903815086
14, 96.0, 0, 41, 2, 18.0, 5, 13.586387173225056
14, 97.0, 1, 42, 0, 17.0, 5, 12.247233125554445
14, 98.0, 1, 44, 0, 12.0, 5, 12.256274577014384
14, 99.0, 1, 46, 1, 6.0, 5, 12.16712060286222
14, 100.0, 1, 48, 0, 9.0, 5, 12.091912575295131
14, 101.0, 0, 48, 1, 2.0, 5, 10.76424733196099
14, 102.0, 0, 47, 2, 3.0, 3, 10.635638917588423
14, 103.0, 0, 50, 1, 1.0, 2, 10.463188875373866
14, 104.0, 1, 50, 1, 1.0, 2, 11.815887329424658
14, 105.0, 1, 50, 0, 3.0, 2, 11.649353857790958
14, 106.0, 1, 51, 1, 3.0, 2, 11.686750758381907
14, 107.0, 1, 51, 0, 5.0, 2, 10.089850742304673
14, 108.0, 1, 49, 3, 7.0, 2, 10.363580608967641
14, 109.0, 0, 47, 2, 1.0, 2, 10.077450542375562
14, 110.0, 1, 49, 0, 2.0, 3, 10.198365888463075
14, 111.0, 0, 46, 3, 4.0, 5, 11.6485324772994
14, 112.0, 0, 44, 2, 8.0, 6, 12.13909154890088
14, 113.0, 1, 44, 2, 3.0, 6, 11.592413721645102
14, 114.0, 0, 44, 1, 5.0, 6, 13.210858863102608
14, 115.0, 1, 44, 1, 6.0, 7, 13.645754231530827
14, 116.0, 0, 46, 2, 5.0, 7, 13.23655369932196
14, 117.0, 1, 46, 1, 8.0, 8, 14.81777121118421
14, 118.0, 1, 45, 3, 12.0, 7, 13.570428071950356
14, 119.0, 1, 44, 2, 17.0, 7, 13.371912574894862
14, 120.0, 1, 45, 1, 19.0, 7, 11.739225817472501
14, 121.0, 1, 47, 1, 25.0, 7, 13.018978393342058
14, 122.0, 0, 49, 1, 16.0, 7, 13.77865004960941
14, 123.0, 1, 51, 1, 21.0, 8, 13.273518409037209
14, 124.0, 1, 51, 1, 14.0, 8, 13.064342557765189
14, 125.0, 0, 51, 1, 17.0, 8, 12.81334273017919
14, 126.0, 1, 50, 1, 14.0, 8, 11.770896785411326
14, 127.0, 0, 50, 1, 18.0, 9, 11.661505077059998
14, 128.0, 1, 49, 2, 22.0, 8, 12.513874318318699
14, 129.0, 1, 51, 1, 19.0, 8, 11.911917264082106
14, 130.0, 0, 52, 0, 14.0, 9, 13.08365798101109
14, 131.0, 0, 52, 1, 18.0, 8, 12.398602134680903
14, 132.0, 1, 50, 3, 20.0, 6, 13.172542688587948
14, 133.0, 0, 48, 2, 8.0, 7, 11.778504068167438
14, 134.0, 0, 49, 1, 11.0, 8, 11.81753938906028
14, 135.0, 0, 52, 0, 13.0, 8, 14.21955876030026
14, 136.0, 0, 52, 1, 16.0, 8, 15.854263657099416
14, 137.0, 1, 51, 1, 16.0, 8, 15.371073148571554
14, 138.0, 1, 51, 1, 5.0, 8, 14.35433676662025
14, 139.0, 0, 52, 0, 6.0, 8, 15.407677676414412
14, 140.0, 0, 53, 1, 3.0, 8, 13.761328532709989
14, 141.0, 1, 56, 0, 0.0, 8, 12.972157014026399
14, 142.0, 1, 55, 2, 0.0, 8, 13.430229691058312
14, 143.0, 0, 53, 3, 2.0, 7, 12.991807769813912
14, 144.0, 1, 51, 2, 2.0, 7, 10.807327457169679
14, 145.0, 1, 50, 2, 0.0, 7, 9.483690106540474
14, 146.0, 1, 51, 0, 1.0, 7, 8.292359913534316
14, 147.0, 1, 50, 2, 2.0, 7, 7.277714743257083
14, 148.0, 0, 48, 2, 0.0, 7, 8.103036515271139
14, 149.0, 0, 48, 1, 0.0, 6, 8.29248887483962
14, 150.0, 0, 47, 2, 1.0, 6, 8.360063340555907
14, 151.0, 0, 46, 4, 3.0, 6, 7.978638549459025
14, 152.0, 1, 45, 1, 0.0, 6, 7.6324284245278005
14, 153.0, 1, 44, 2, 1.0, 5, 8.297606199140999
14, 154.0, 0, 44, 1, 1.0, 6, 9.603180168433068
14, 155.0, 0, 44, 2, 5.0, 4, 10.528838806953619
14, 156.0, 0, 43, 3, 9.0, 4, 11.368919092819107
14, 157.0, 1, 41, 2, 3.0, 3, 10.796659723823845
14, 158.0, 1, 42, 1, 2.0, 3, 10.12242239447399
14, 159.0, 0, 43, 1, 2.0, 3, 11.481425738278421
14, 160.0, 0, 43, 1, 3.0, 3, 10.977111231539237
14, 161.0, 1, 39, 4, 0.0, 3, 9.816971341633092
14, 162.0, 1, 38, 2, 1.0, 3, 8.814031962326077
14, 163.0, 1, 36, 3, 2.0, 3, 8.3030057713122
14, 164.0, 1, 38, 0, 4.0, 3, 8.453339531212054
14, 165.0, 1, 38, 0, 6.0, 3, 9.700504606319775
14, 166.0, 1, 41, 0, 5.0, 3, 8.772295051656867
14, 167.0, 1, 41, 0, 8.0, 3, 9.919830778623682
14, 168.0, 1, 43, 1, 12.0, 2, 10.425076285471881
14, 169.0, 1, 42, 2, 16.0, 2, 9.976354514397894
14, 170.0, 0, 43, 0, 1.0, 2, 9.207468049062555
14, 171.0, 0, 44, 1, 0.0, 2, 8.42225623406988
14, 172.0, 1, 45, 1, 1.0, 2, 9.509706348464544
14, 173.0, 1, 47, 1, 2.0, 2, 9.101248639655982
14, 174.0, 0, 49, 1, 3.0, 3, 10.010251276375723
14, 175.0, 0, 51, 2, 6.0, 3, 10.009503683159608
14, 176.0, 0, 51, 1, 9.0, 2, 10.777561675492912
14, 177.0, 0, 50, 1, 12.0, 2, 9.989453320521212
14, 178.0, 1, 50, 2, 11.0, 1, 8.533255542139367
14, 179.0, 1, 49, 1, 5.0, 1, 8.83145203195006
14, 180.0, 0, 48, 1, 1.0, 1, 8.39199464216217
14, 181.0, 0, 48, 1, 0.0, 1, 10.115487777287942
14, 182.0, 0, 48, 1, 0.0, 1, 10.628097192563157
14, 183.0, 0, 48, 0, 3.0, 1, 12.473424962353143
14, 184.0, 1, 44, 4, 4.0, 1, 11.831038276929078
14, 185.0, 1, 44, 2, 5.0, 1, 11.4548420818443
14, 186.0, 1, 47, 1, 3.0, 1, 13.047092898855757
14, 187.0, 0, 48, 1, 4.0, 1, 13.56140811387607
14, 188.0, 0, 48, 1, 6.0, 1, 15.255470380873373
14, 189.0, 1, 47, 3, 6.0, 2, 14.739970830027477
14, 190.0, 1, 48, 1, 8.0, 2, 15.749529507950907
14, 191.0, 0, 49, 1, 8.0, 2, 15.800210616954526
14, 192.0, 0, 50, 1, 2.0, 2, 15.808384729887159
14, 193.0, 0, 53, 0, 6.0, 2, 15.339776742046196
14, 194.0, 0, 53, 0, 12.0, 2, 14.784468618667795
14, 195.0, 0, 54, 1, 16.0, 2, 13.422179360998458
14, 196.0, 1, 54, 1, 15.0, 2, 13.027170527180372
14, 197.0, 0, 51, 3, 19.0, 2, 13.21706265224485
14, 198.0, 0, 51, 2, 23.0, 2, 14.112863490859173
14, 199.0, 1, 51, 1, 13.0, 2, 14.014885711694102
14, 200.0, 1, 51, 1, 16.0, 2, 13.877319110439274
14, 201.0, 1, 49, 2, 10.0, 2, 13.408546166144122
14, 202.0, 1, 47, 2, 13.0, 2, 13.468275204652125
14, 203.0, 0, 45, 2, 14.0, 4, 14.190792712027092
14, 204.0, 0, 45, 0, 18.0, 5, 14.38320873395454
14, 205.0, 1, 43, 2, 20.0, 5, 14.26730560145439
14, 206.0, 0, 43, 0, 24.0, 7, 14.787209819398786
14, 207.0, 1, 41, 2, 27.0, 7, 15.63886988570194
14, 208.0, 0, 39, 2, 32.0, 8, 16.891802571832237
14, 209.0, 0, 38, 1, 21.0, 8, 17.872860472248718
14, 210.0, 1, 38, 0, 23.0, 8, 17.15097137008994
14, 211.0, 1, 37, 1, 29.0, 8, 18.587048030290966
14, 212.0, 0, 36, 1, 35.0, 8, 19.37225118810196
14, 213.0, 1, 35, 1, 44.0, 8, 18.995256403054896
14, 214.0, 1, 34, 1, 52.0, 8, 16.706812044027014
14, 215.0, 1, 34, 0, 58.0, 8, 16.684052521203423
14, 216.0, 0, 30, 4, 66.0, 9, 16.551106996523735
14, 217.0, 1, 30, 0, 53.0, 9, 15.587217627412755
14, 218.0, 0, 30, 0, 48.0, 9, 14.61295812927228
14, 219.0, 0, 28, 2, 52.0, 9, 14.007050032956313
14, 220.0, 1, 27, 1, 57.0, 9, 12.869990896774063
14, 221.0, 1, 27, 0, 54.0, 9, 12.608547820380922
14, 222.0, 1, 25, 2, 59.0, 8, 11.595384621640891
14, 223.0, 1, 25, 0, 64.0, 8, 11.039146915607875
14, 224.0, 0, 25, 0, 69.0, 8, 10.246399270390102
14, 225.0, 0, 24, 1, 59.0, 7, 9.646092487410876
14, 226.0, 0, 20, 4, 13.0, 5, 7.625318319975632
14, 227.0, 0, 19, 1, 15.0, 5, 6.21115898779799
14, 228.0, 0, 19, 0, 17.0, 5, 5.475050568099128
14, 229.0, 0, 18, 1, 10.0, 5, 4.313596576884471
14, 230.0, 0, 16, 2, 11.0, 4, 3.3082838865903312
14, 231.0, 0, 15, 1, 12.0, 4, 2.6765368344206752
14, 232.0, 1, 15, 0, 13.0, 4, 2.179854244917969
14, 233.0, 1, 15, 0, 14.0, 4, 2.1058076739673943
14, 234.0, 0, 14, 1, 15.0, 4, 1.8795496376199932
14, 235.0, 0, 14, 0, 16.0, 4, 1.5860520351329495
14, 236.0, 1, 12, 2, 17.0, 3, 1.5870918367779954
14, 237.0, 1, 11, 1, 18.0, 3, 1.5615002808718685
14, 238.0, 1, 11, 0, 0.0, 3, 1.3151002319168406
14, 239.0, 1, 10, 1, 0.0, 3, 1.109401593166485
14, 240.0, 0, 10, 0, 0.0, 3, 0.7840097279808091
14, 241.0, 1, 10, 0, 0.0, 3, 0.5847330772766952
14, 242.0, 1, 7, 3, 0.0, 2, 0.572839102574445
14, 243.0, 1, 6, 1, 0.0, 2, 0.49412870218571925
14, 244.0, 1, 5, 1, 0.0, 2, 0.310370043965559
14, 245.0, 1, 4, 1, 0.0, 1, 0.24681937044298863
14, 246.0, 0, 4, 0, 0.0, 1, 0.19860742940310416
14, 247.0, 1, 3, 1, 0.0, 1, 0.26232060136241486
14, 248.0, 0, 3, 0, 0.0, 1, 0.16934867712607016
14, 249.0, 0, 2, 1, 0.0, 1, 0.013611376837477707
14, 250.0, 0, 1, 1, 0.0, 1, 0.07468935333049842
14, 251.0, 0, 1, 0, 0.0, 1, 0.08279709210410147
14, 252.0, 1, 1, 0, 0.0, 1, 0.05858776757755635
14, 253.0, 0, 1, 0, 0.0, 1, 0.034058093380632926
14, 254.0, 0, 1, 0, 0.0, 1, 0.0999084518717055
14, 255.0, 0, 1, 0, 0.0, 1, 0.018642215046622113
14, 256.0, 1, 1, 0, 0.0, 1, 0.01818770569967043
14, 257.0, 0, 0, 1, 0, 0, 0
15, 1.0, 0, 2, 0, 0.0, 0, 0.0
15, 2.0, 1, 3, 0, 0.0, 0, 1.0814256854756554
15, 3.0, 1, 5, 0, 0.0, 0, 1.2559462905827157
15, 4.0, 0, 7, 0, 0.0, 0, 1.2603760180273869
15, 5.0, 0, 9, 0, 0.0, 0, 1.356365191048412
15, 6.0, 1, 9, 0, 0.0, 0, 1.287337457469642
15, 7.0, 1, 10, 0, 0.0, 0, 0.9556235514719723
15, 8.0, 0, 11, 0, 0.0, 0, 1.168230593310705
15, 9.0, 1, 12, 0, 0.0, 0, 1.3211245838572987
15, 10.0, 1, 15, 0, 0.0, 0, 1.87574121140802
15, 11.0, 0, 16, 0, 0.0, 0, 2.915579636707669
15, 12.0, 0, 18, 0, 0.0, 0, 2.9764979980126363
15, 13.0, 0, 18, 0, 0.0, 0, 2.790093862534329
15, 14.0, 1, 20, 0, 0.0, 0, 2.348910637998125
15, 15.0, 0, 22, 0, 0.0, 3, 3.9361111124118056
15, 16.0, 0, 23, 0, 1.0, 3, 5.0906606289432155
15, 17.0, 1, 23, 0, 0.0, 3, 4.513294112763372
15, 18.0, 0, 25, 0, 0.0, 3, 4.087998239835487
15, 19.0, 0, 25, 0, 1.0, 3, 6.192121013917783
15, 20.0, 1, 27, 0, 3.0, 4, 5.962847518872286
15, 21.0, 1, 28, 0, 5.0, 4, 7.34933778889565
15, 22.0, 0, 28, 0, 4.0, 4, 7.459049653515598
15, 23.0, 0, 30, 0, 6.0, 4, 7.450677336346379
15, 24.0, 0, 31, 0, 8.0, 4, 9.093083193639293
15, 25.0, 1, 33, 0, 7.0, 5, 7.458648213736205
15, 26.0, 1, 36, 0, 8.0, 5, 7.550779256551158
15, 27.0, 0, 38, 0, 0.0, 7, 8.532508757188966
15, 28.0, 0, 40, 0, 0.0, 7, 8.93403690963416
15, 29.0, 0, 41, 0, 3.0, 7, 9.991573557458853
15, 30.0, 1, 41, 0, 0.0, 7, 7.811348553920724
15, 31.0, 0, 46, 0, 0.0, 8, 7.218096993573095
15, 32.0, 0, 48, 0, 1.0, 8, 8.030658947103763
15, 33.0, 1, 45, 3, 1.0, 8, 7.832952264890145
15, 34.0, 0, 46, 0, 0.0, 9, 7.227889791108261
15, 35.0, 0, 47, 0, 1.0, 9, 7.682654857042527
15, 36.0, 0, 46, 2, 2.0, 8, 8.675324874075754
15, 37.0, 1, 45, 2, 0.0, 9, 7.852552535210974
15, 38.0, 1, 45, 1, 0.0, 8, 8.05185128028512
15, 39.0, 1, 46, 1, 1.0, 8, 9.298431858831322
15, 40.0, 1, 49, 1, 2.0, 8, 10.378998166725125
15, 41.0, 0, 48, 1, 0.0, 7, 9.528186933030126
15, 42.0, 1, 49, 1, 1.0, 7, 9.182312208071641
15, 43.0, 0, 52, 0, 1.0, 9, 11.335738045681781
15, 44.0, 0, 52, 2, 4.0, 9, 12.218420497043066
15, 45.0, 0, 51, 1, 8.0, 8, 13.561986106005236
15, 46.0, 0, 50, 2, 12.0, 7, 12.056425705101093
15, 47.0, 0, 52, 2, 17.0, 6, 12.441907735005522
15, 48.0, 1, 51, 1, 5.0, 7, 14.437611307271125
15, 49.0, 1, 49, 2, 1.0, 5, 12.228112070036635
15, 50.0, 1, 51, 0, 3.0, 5, 12.510912985051268
15, 51.0, 0, 52, 1, 1.0, 5, 12.849742423881866
15, 52.0, 1, 53, 1, 4.0, 7, 13.281977092829747
15, 53.0, 1, 52, 2, 9.0, 7, 13.45906409793457
15, 54.0, 0, 52, 2, 8.0, 7, 13.709895076398418
15, 55.0, 0, 52, 0, 6.0, 7, 15.923826098240864
15, 56.0, 1, 50, 4, 5.0, 6, 15.15339278899785
15, 57.0, 0, 48, 3, 3.0, 5, 15.46187402627282
15, 58.0, 1, 46, 2, 4.0, 5, 15.457436640486254
15, 59.0, 1, 46, 1, 9.0, 5, 14.926392315794507
15, 60.0, 0, 46, 1, 12.0, 5, 15.8513283522503
15, 61.0, 1, 48, 0, 17.0, 5, 17.065938851408546
15, 62.0, 1, 50, 1, 24.0, 4, 18.0889501335463
15, 63.0, 1, 51, 0, 26.0, 4, 19.323826766651887
15, 64.0, 0, 52, 1, 29.0, 5, 20.10152553417972
15, 65.0, 0, 51, 1, 38.0, 5, 21.94528259109894
15, 66.0, 0, 52, 1, 49.0, 5, 22.50208397400592
15, 67.0, 0, 50, 2, 59.0, 5, 24.02301584535856
15, 68.0, 0, 51, 0, 75.0, 5, 24.491763981438393
15, 69.0, 1, 49, 2, 78.0, 5, 24.279749665970275
15, 70.0, 1, 47, 2, 86.0, 4, 23.69144247135293
15, 71.0, 1, 47, 1, 99.0, 3, 24.399493685462296
15, 72.0, 0, 48, 1, 112.0, 3, 25.240929242888612
15, 73.0, 1, 50, 0, 130.0, 3, 25.50622894025416
15, 74.0, 0, 50, 0, 126.0, 4, 26.913031999400125
15, 75.0, 1, 52, 1, 140.0, 5, 26.055865149852547
15, 76.0, 1, 55, 0, 125.0, 5, 27.238471365217563
15, 77.0, 1, 55, 1, 122.0, 5, 27.551019045962985
15, 78.0, 1, 54, 1, 129.0, 5, 27.141233354489817
15, 79.0, 0, 54, 1, 114.0, 5, 25.63128085091934
15, 80.0, 1, 55, 0, 118.0, 6, 24.34149359827095
15, 81.0, 1, 55, 1, 90.0, 6, 22.800992051892134
15, 82.0, 0, 58, 0, 63.0, 6, 21.24841102224716
15, 83.0, 1, 59, 0, 62.0, 6, 20.692339410992407
15, 84.0, 1, 59, 0, 71.0, 6, 20.541740178573303
15, 85.0, 1, 60, 2, 81.0, 4, 19.219080102130874
15, 86.0, 0, 59, 1, 87.0, 3, 19.629767582867053
15, 87.0, 1, 59, 0, 85.0, 4, 18.62285885842516
15, 88.0, 0, 61, 0, 66.0, 4, 18.557805566243953
15, 89.0, 1, 61, 0, 71.0, 6, 20.676166204974905
15, 90.0, 1, 62, 1, 82.0, 6, 20.277277889185903
15, 91.0, 0, 62, 2, 92.0, 8, 21.865589840239288
15, 92.0, 0, 60, 3, 104.0, 9, 21.715672491829096
15, 93.0, 1, 60, 1, 86.0, 10, 21.028499850412132
15, 94.0, 1, 58, 4, 97.0, 10, 20.507160602569297
15, 95.0, 1, 55, 3, 102.0, 10, 21.37750698938746
15, 96.0, 1, 52, 4, 110.0, 10, 20.274657783047537
15, 97.0, 0, 52, 1, 110.0, 9, 20.65181245730275
15, 98.0, 1, 53, 1, 119.0, 9, 19.069853752996323
15, 99.0, 0, 52, 4, 107.0, 9, 19.69310701082017
15, 100.0, 1, 54, 0, 99.0, 9, 20.072796104210767
15, 101.0, 0, 54, 1, 75.0, 9, 19.95885799079987
15, 102.0, 0, 54, 1, 73.0, 9, 20.18099277821824
15, 103.0, 1, 57, 1, 55.0, 8, 18.705095427256644
15, 104.0, 0, 56, 2, 60.0, 9, 19.829932368021442
15, 105.0, 1, 55, 1, 61.0, 10, 21.141051323067373
15, 106.0, 0, 57, 0, 62.0, 10, 20.45242817171153
15, 107.0, 0, 57, 0, 69.0, 10, 21.143791850269714
15, 108.0, 0, 55, 3, 77.0, 10, 20.738568943158832
15, 109.0, 0, 54, 1, 80.0, 10, 21.008235644930764
15, 110.0, 1, 55, 1, 82.0, 10, 21.018612286178556
15, 111.0, 1, 54, 1, 93.0, 9, 22.11708153397376
15, 112.0, 0, 52, 2, 103.0, 10, 21.81775299824272
15, 113.0, 1, 53, 1, 107.0, 11, 21.73236108724549
15, 114.0, 1, 52, 2, 110.0, 10, 22.330748633459184
15, 115.0, 1, 52, 1, 116.0, 9, 23.095339905339138
15, 116.0, 0, 55, 1, 100.0, 10, 22.37036023136328
15, 117.0, 0, 56, 0, 101.0, 10, 23.04834847961975
15, 118.0, 0, 56, 2, 110.0, 8, 22.517240480438065
15, 119.0, 1, 53, 4, 111.0, 7, 21.465231324985954
15, 120.0, 0, 53, 2, 119.0, 5, 20.135757766171015
15, 121.0, 0, 56, 0, 118.0, 5, 21.226270978291307
15, 122.0, 0, 59, 0, 128.0, 5, 21.95352502895327
15, 123.0, 1, 61, 1, 134.0, 5, 21.870697094547243
15, 124.0, 1, 61, 1, 129.0, 5, 21.0419107505884
15, 125.0, 0, 61, 1, 138.0, 6, 21.670568366663787
15, 126.0, 1, 61, 0, 133.0, 6, 21.548839801172175
15, 127.0, 1, 58, 4, 142.0, 6, 21.142985305504457
15, 128.0, 1, 58, 1, 152.0, 6, 23.03439962501277
15, 129.0, 0, 60, 1, 162.0, 6, 23.86769691018446
15, 130.0, 1, 60, 1, 173.0, 7, 24.6951706186679
15, 131.0, 0, 60, 1, 185.0, 7, 23.19291717128654
15, 132.0, 0, 60, 1, 199.0, 6, 25.499027556770447
15, 133.0, 0, 58, 2, 212.0, 6, 26.197235600394066
15, 134.0, 1, 60, 0, 204.0, 8, 27.122722881554775
15, 135.0, 1, 62, 1, 218.0, 8, 27.721741245851298
15, 136.0, 0, 61, 2, 197.0, 9, 30.237983098087547
15, 137.0, 0, 61, 0, 210.0, 9, 30.091433566065977
15, 138.0, 1, 60, 2, 224.0, 9, 30.605151605652463
15, 139.0, 0, 60, 1, 206.0, 9, 30.82610035315986
15, 140.0, 1, 61, 1, 205.0, 9, 30.508150408634158
15, 141.0, 0, 63, 1, 215.0, 9, 31.32400885554383
15, 142.0, 1, 62, 2, 232.0, 8, 32.79406544197762
15, 143.0, 1, 63, 0, 251.0, 8, 32.70379345966346
15, 144.0, 0, 63, 0, 269.0, 9, 32.73080409516832
15, 145.0, 1, 62, 2, 290.0, 8, 31.804530375520752
15, 146.0, 1, 62, 1, 307.0, 8, 32.681312566528675
15, 147.0, 1, 61, 2, 292.0, 8, 32.845647200920666
15, 148.0, 0, 61, 0, 300.0, 9, 32.74932289433465
15, 149.0, 0, 62, 0, 318.0, 9, 31.91305291056125
15, 150.0, 0, 60, 3, 335.0, 9, 31.516356212651807
15, 151.0, 1, 63, 0, 342.0, 10, 31.740385820269168
15, 152.0, 0, 63, 0, 362.0, 10, 31.869849925294897
15, 153.0, 1, 62, 2, 381.0, 9, 31.724771680534275
15, 154.0, 0, 63, 0, 334.0, 9, 33.41700375765105
15, 155.0, 0, 60, 5, 356.0, 9, 33.32780294381674
15, 156.0, 1, 62, 0, 310.0, 10, 32.82668304447049
15, 157.0, 0, 62, 0, 323.0, 11, 32.86706500837155
15, 158.0, 0, 64, 0, 290.0, 11, 32.76534024977411
15, 159.0, 0, 63, 3, 274.0, 11, 34.29481831047496
15, 160.0, 0, 64, 0, 259.0, 11, 34.275882544402904
15, 161.0, 0, 62, 2, 249.0, 11, 35.30687933848855
15, 162.0, 0, 63, 0, 248.0, 11, 34.976488074578945
15, 163.0, 0, 64, 0, 257.0, 11, 34.822013011263664
15, 164.0, 0, 66, 0, 277.0, 11, 34.57218277565909
15, 165.0, 0, 63, 3, 276.0, 11, 34.71383178734387
15, 166.0, 1, 66, 0, 269.0, 12, 33.90824460731336
15, 167.0, 0, 65, 1, 268.0, 12, 34.116663647705074
15, 168.0, 0, 67, 1, 264.0, 12, 33.515927177481416
15, 169.0, 1, 67, 1, 265.0, 11, 30.876798370643485
15, 170.0, 1, 66, 2, 269.0, 11, 30.61833707512951
15, 171.0, 1, 67, 1, 271.0, 10, 30.505320828545194
15, 172.0, 0, 67, 2, 284.0, 10, 30.347472419285015
15, 173.0, 0, 69, 1, 291.0, 10, 31.13238935428735
15, 174.0, 0, 71, 0, 290.0, 10, 30.402902164436824
15, 175.0, 0, 76, 0, 305.0, 10, 31.05788640400762
15, 176.0, 0, 74, 2, 160.0, 9, 31.461775066455857
15, 177.0, 0, 72, 3, 69.0, 6, 29.253261691102157
15, 178.0, 0, 73, 1, 40.0, 6, 28.146673357709346
15, 179.0, 0, 73, 0, 53.0, 6, 28.379595831353203
15, 180.0, 0, 73, 0, 67.0, 6, 27.509960731113438
15, 181.0, 0, 73, 1, 83.0, 6, 27.869164423046687
15, 182.0, 1, 72, 2, 40.0, 7, 25.199280656576967
15, 183.0, 0, 69, 3, 35.0, 7, 24.563713150044244
15, 184.0, 1, 66, 3, 13.0, 6, 24.675762031452983
15, 185.0, 1, 67, 1, 9.0, 6, 22.3712413971946
15, 186.0, 0, 68, 3, 12.0, 7, 22.458285177456798
15, 187.0, 1, 68, 1, 15.0, 8, 24.541410904424414
15, 188.0, 1, 71, 0, 20.0, 9, 23.359088279765828
15, 189.0, 1, 69, 3, 22.0, 8, 24.95889251879929
15, 190.0, 0, 70, 1, 26.0, 8, 24.014198951145325
15, 191.0, 1, 70, 2, 22.0, 8, 21.045960281118127
15, 192.0, 1, 70, 2, 27.0, 6, 20.091300702985848
15, 193.0, 0, 72, 1, 9.0, 8, 18.70088962511351
15, 194.0, 1, 71, 1, 11.0, 8, 16.23616046517942
15, 195.0, 0, 71, 2, 13.0, 8, 14.653035076728969
15, 196.0, 0, 71, 1, 16.0, 8, 13.921547200100457
15, 197.0, 0, 68, 3, 19.0, 8, 13.965910814173945
15, 198.0, 1, 67, 3, 9.0, 8, 12.33993207740697
15, 199.0, 1, 66, 2, 10.0, 7, 10.900404712166983
15, 200.0, 1, 63, 4, 11.0, 7, 12.283120853617925
15, 201.0, 1, 58, 5, 14.0, 6, 11.89351885343554
15, 202.0, 1, 58, 0, 17.0, 6, 10.651439658858045
15, 203.0, 0, 57, 1, 14.0, 8, 12.255641282904735
15, 204.0, 0, 54, 3, 1.0, 8, 13.423307545185192
15, 205.0, 1, 50, 4, 1.0, 6, 11.97955213058936
15, 206.0, 1, 50, 0, 2.0, 6, 12.36642819998185
15, 207.0, 1, 47, 3, 3.0, 5, 13.60909896727051
15, 208.0, 0, 45, 2, 1.0, 5, 13.76057290060004
15, 209.0, 0, 41, 4, 3.0, 4, 13.458375978065405
15, 210.0, 0, 38, 3, 6.0, 3, 12.944553600054656
15, 211.0, 1, 34, 4, 8.0, 2, 12.0951999137723
15, 212.0, 1, 34, 0, 11.0, 2, 11.21017658359258
15, 213.0, 1, 32, 2, 15.0, 2, 11.405144256440714
15, 214.0, 1, 31, 1, 20.0, 2, 10.574289999278578
15, 215.0, 1, 28, 3, 24.0, 2, 9.840796866347098
15, 216.0, 0, 28, 0, 7.0, 2, 8.129704343174186
15, 217.0, 0, 27, 1, 0.0, 2, 7.283601036135738
15, 218.0, 1, 26, 1, 0.0, 2, 5.639078816476813
15, 219.0, 1, 23, 3, 0.0, 2, 4.209459983512975
15, 220.0, 1, 23, 0, 0.0, 2, 3.569617180751141
15, 221.0, 1, 22, 1, 0.0, 2, 2.279042105237203
15, 222.0, 1, 22, 0, 0.0, 2, 1.5725688899453196
15, 223.0, 0, 21, 1, 0.0, 2, 1.4680034777049684
15, 224.0, 0, 20, 1, 0.0, 2, 1.072268805182747
15, 225.0, 1, 19, 1, 0.0, 2, 0.8782452634980285
15, 226.0, 0, 19, 0, 0.0, 2, 0.9853856655575193
15, 227.0, 0, 14, 5, 0.0, 2, 0.8703259995379993
15, 228.0, 0, 11, 3, 0.0, 1, 0.5028785363962807
15, 229.0, 0, 10, 1, 0.0, 1, 0.7232984576024637
15, 230.0, 0, 8, 2, 0.0, 1, 0.5443617614346676
15, 231.0, 1, 7, 1, 0.0, 1, 0.37793595281133197
15, 232.0, 1, 7, 0, 0.0, 1, 0.44988934768774946
15, 233.0, 0, 6, 1, 0.0, 1, 0.23685916795689188
15, 234.0, 0, 3, 3, 0.0, 0, 0.1506910352126205
15, 235.0, 1, 3, 0, 0.0, 0, 0.18124196109737234
15, 236.0, 1, 2, 1, 0.0, 0, 0.10894709544857051
15, 237.0, 1, 1, 1, 0.0, 0, 0.0939199109864095
15, 238.0, 1, 1, 0, 0.0, 0, 0.02520363712161
15, 239.0, 0, 1, 0, 0.0, 0, 0.12294192806936799
15, 240.0, 0, 1, 0, 0.0, 0, 0.015471735906769979
15, 241.0, 0, 1, 0, 0.0, 0, 0.10821184539664408
15, 242.0, 0, 1, 0, 0.0, 0, 0.07338026008610576
15, 243.0, 1, 0, 1, 0, 0, 0
16, 1.0, 0, 2, 0, 0.0, 0, 0.0
16, 2.0, 0, 3, 0, 0.0, 0, 1.0814256854756554
16, 3.0, 0, 5, 0, 0.0, 0, 1.2559462905827157
16, 4.0, 0, 7, 0, 0.0, 0, 1.2603760180273869
16, 5.0, 1, 9, 0, 0.0, 0, 1.356365191048412
16, 6.0, 0, 9, 0, 0.0, 0, 1.287337457469642
16, 7.0, 1, 10, 0, 0.0, 0, 0.9556235514719723
16, 8.0, 1, 11, 0, 0.0, 0, 1.168230593310705
16, 9.0, 0, 12, 0, 0.0, 0, 1.3211245838572987
16, 10.0, 0, 15, 0, 0.0, 0, 1.7843620203597017
16, 11.0, 0, 16, 0, 0.0, 0, 2.911643108908468
16, 12.0, 0, 18, 0, 0.0, 0, 2.772993127955704
16, 13.0, 0, 18, 0, 0.0, 0, 2.6211088417839665
16, 14.0, 1, 20, 0, 0.0, 0, 2.3415162392661757
16, 15.0, 0, 22, 0, 0.0, 3, 4.115898884103636
16, 16.0, 1, 23, 0, 0.0, 4, 5.029991028749011
16, 17.0, 1, 23, 0, 0.0, 4, 5.532371222588768
16, 18.0, 0, 25, 0, 0.0, 4, 5.366184041477369
16, 19.0, 1, 25, 0, 1.0, 4, 6.683746674195376
16, 20.0, 1, 27, 0, 2.0, 4, 7.108323057835318
16, 21.0, 1, 28, 0, 4.0, 4, 9.426275024127479
16, 22.0, 1, 28, 0, 7.0, 4, 10.144366373376995
16, 23.0, 1, 30, 0, 11.0, 4, 9.697326860562447
16, 24.0, 1, 31, 0, 15.0, 4, 10.894238649755215
16, 25.0, 0, 33, 0, 15.0, 4, 11.380545660567178
16, 26.0, 0, 36, 0, 15.0, 4, 12.859365106893073
16, 27.0, 1, 38, 0, 20.0, 4, 12.704311583259996
16, 28.0, 0, 40, 0, 19.0, 6, 14.778449292611626
16, 29.0, 0, 41, 0, 27.0, 6, 16.046191062379954
16, 30.0, 0, 41, 0, 35.0, 6, 15.85019253624283
16, 31.0, 1, 46, 0, 19.0, 6, 13.953768276565263
16, 32.0, 1, 48, 0, 24.0, 6, 13.467821280492403
16, 33.0, 1, 46, 2, 27.0, 5, 14.435769736591721
16, 34.0, 1, 47, 0, 26.0, 5, 14.178754079003676
16, 35.0, 1, 48, 0, 16.0, 5, 14.849187858643331
16, 36.0, 0, 48, 1, 14.0, 6, 15.790890642759512
16, 37.0, 1, 48, 1, 15.0, 6, 15.382809796949955
16, 38.0, 1, 49, 0, 16.0, 6, 16.97566809196228
16, 39.0, 1, 49, 2, 18.0, 5, 18.594142085296845
16, 40.0, 1, 52, 1, 22.0, 5, 20.099176322525086
16, 41.0, 0, 52, 0, 25.0, 5, 20.30386312288592
16, 42.0, 0, 53, 1, 20.0, 5, 19.163969364296754
16, 43.0, 0, 56, 0, 4.0, 5, 19.641835909176077
16, 44.0, 1, 57, 1, 1.0, 5, 19.29658732338903
16, 45.0, 1, 56, 1, 4.0, 5, 18.588803989171957
16, 46.0, 1, 56, 1, 7.0, 5, 17.037409621093257
16, 47.0, 1, 58, 1, 8.0, 5, 16.79611561596032
16, 48.0, 1, 58, 1, 9.0, 5, 17.47780770420701
16, 49.0, 1, 57, 1, 12.0, 4, 16.806594625930042
16, 50.0, 1, 58, 1, 14.0, 4, 15.85494798593884
16, 51.0, 0, 60, 1, 8.0, 5, 15.473372205907372
16, 52.0, 0, 61, 0, 3.0, 5, 16.19505106594988
16, 53.0, 1, 62, 0, 5.0, 5, 15.896626188460266
16, 54.0, 0, 63, 1, 9.0, 6, 15.289773616427235
16, 55.0, 0, 61, 2, 6.0, 6, 16.88974498496107
16, 56.0, 0, 62, 1, 7.0, 6, 17.163721994938157
16, 57.0, 1, 60, 3, 0.0, 6, 16.754010674596262
16, 58.0, 1, 56, 4, 1.0, 3, 15.516710565697478
16, 59.0, 1, 56, 1, 2.0, 2, 15.32868182757527
16, 60.0, 1, 56, 1, 4.0, 2, 14.410484841703953
16, 61.0, 1, 53, 5, 7.0, 2, 14.618579982547766
16, 62.0, 0, 54, 2, 5.0, 2, 14.599081644455921
16, 63.0, 0, 53, 2, 6.0, 2, 16.296913645322903
16, 64.0, 1, 55, 0, 8.0, 2, 15.380720267293551
16, 65.0, 1, 54, 1, 11.0, 2, 16.055234235360192
16, 66.0, 1, 56, 0, 12.0, 2, 16.847542109354173
16, 67.0, 0, 55, 1, 16.0, 2, 18.686297861726793
16, 68.0, 1, 52, 4, 20.0, 2, 17.378157933079322
16, 69.0, 1, 50, 2, 20.0, 2, 17.284863904658046
16, 70.0, 0, 49, 1, 23.0, 3, 17.662305046678384
16, 71.0, 0, 47, 3, 20.0, 2, 17.12802167547656
16, 72.0, 1, 49, 0, 23.0, 2, 17.06169414439001
16, 73.0, 1, 47, 4, 24.0, 2, 16.736603104744017
16, 74.0, 0, 47, 0, 29.0, 3, 18.10001691855635
16, 75.0, 1, 48, 2, 35.0, 2, 16.589959507361414
16, 76.0, 0, 51, 0, 41.0, 3, 16.414690927190765
16, 77.0, 0, 51, 1, 50.0, 3, 17.708209490117724
16, 78.0, 1, 50, 1, 50.0, 3, 16.873901104936266
16, 79.0, 1, 49, 2, 36.0, 3, 15.764644176831593
16, 80.0, 1, 49, 1, 37.0, 3, 15.866385863948217
16, 81.0, 0, 49, 1, 41.0, 4, 14.587665280589711
16, 82.0, 0, 50, 2, 49.0, 4, 13.91938255969926
16, 83.0, 0, 50, 1, 57.0, 4, 15.421894733656757
16, 84.0, 0, 49, 1, 65.0, 4, 16.23752116359668
16, 85.0, 0, 52, 0, 74.0, 4, 17.46838419290374
16, 86.0, 0, 51, 1, 83.0, 4, 16.982261744094316
16, 87.0, 1, 49, 2, 68.0, 4, 15.896559220976684
16, 88.0, 1, 49, 2, 76.0, 4, 15.526173940271834
16, 89.0, 0, 48, 1, 81.0, 4, 16.578409658206276
16, 90.0, 1, 49, 1, 90.0, 5, 16.901836034676876
16, 91.0, 1, 49, 2, 102.0, 5, 16.806053528105995
16, 92.0, 1, 50, 0, 111.0, 5, 18.559085000077847
16, 93.0, 0, 49, 2, 120.0, 6, 17.97790002924667
16, 94.0, 0, 48, 3, 131.0, 7, 17.624453219828006
16, 95.0, 1, 47, 1, 117.0, 8, 16.814353322438787
16, 96.0, 1, 48, 0, 104.0, 8, 16.85626727247122
16, 97.0, 0, 47, 2, 84.0, 7, 17.77036567062102
16, 98.0, 0, 48, 1, 73.0, 7, 17.61830903681281
16, 99.0, 1, 50, 1, 56.0, 7, 17.807570820128923
16, 100.0, 0, 52, 0, 40.0, 7, 16.19464900390664
16, 101.0, 1, 53, 0, 27.0, 7, 16.07749537061372
16, 102.0, 1, 52, 2, 17.0, 6, 15.226488825445923
16, 103.0, 1, 56, 0, 19.0, 6, 14.980110073506614
16, 104.0, 0, 55, 2, 22.0, 5, 16.164604057775293
16, 105.0, 0, 53, 2, 17.0, 5, 16.319755472367845
16, 106.0, 0, 55, 0, 20.0, 5, 16.34173614519835
16, 107.0, 1, 53, 2, 22.0, 5, 16.106038594351475
16, 108.0, 1, 52, 2, 21.0, 5, 14.922496820842134
16, 109.0, 1, 51, 1, 22.0, 4, 15.739259611820419
16, 110.0, 0, 53, 0, 24.0, 5, 15.71439262378914
16, 111.0, 0, 52, 1, 27.0, 5, 16.030129100890445
16, 112.0, 1, 48, 4, 28.0, 4, 15.031536485370001
16, 113.0, 0, 49, 1, 30.0, 5, 14.944320269580826
16, 114.0, 0, 48, 2, 34.0, 5, 17.345432477100502
16, 115.0, 1, 48, 1, 34.0, 5, 16.98357440203236
16, 116.0, 0, 51, 1, 12.0, 5, 16.150724505709963
16, 117.0, 0, 51, 1, 16.0, 5, 16.03013191202583
16, 118.0, 0, 52, 1, 20.0, 5, 15.387768953987344
16, 119.0, 1, 51, 2, 13.0, 5, 14.692376207944527
16, 120.0, 1, 52, 1, 15.0, 5, 13.945106133324657
16, 121.0, 1, 55, 0, 17.0, 5, 13.5356551241324
16, 122.0, 1, 56, 2, 21.0, 4, 13.762754906484279
16, 123.0, 1, 57, 2, 8.0, 4, 14.579045609933292
16, 124.0, 0, 58, 0, 6.0, 5, 14.81727486745413
16, 125.0, 1, 57, 1, 8.0, 5, 13.49378755274825
16, 126.0, 1, 56, 2, 11.0, 5, 12.681160116520704
16, 127.0, 1, 55, 2, 15.0, 5, 13.83877870430792
16, 128.0, 0, 54, 2, 21.0, 5, 16.317459288044443
16, 129.0, 1, 55, 2, 27.0, 4, 17.440853486459975
16, 130.0, 1, 52, 3, 36.0, 4, 18.89252842379471
16, 131.0, 1, 54, 0, 38.0, 4, 18.95997467383178
16, 132.0, 0, 52, 3, 48.0, 3, 19.72480657410274
16, 133.0, 0, 50, 2, 57.0, 3, 20.181278980316588
16, 134.0, 0, 50, 2, 65.0, 3, 21.021548529348102
16, 135.0, 0, 53, 0, 71.0, 3, 23.562568848827173
16, 136.0, 1, 51, 2, 80.0, 3, 25.617900169603956
16, 137.0, 1, 51, 1, 92.0, 3, 25.16535206475282
16, 138.0, 0, 53, 0, 99.0, 3, 25.34315264841415
16, 139.0, 1, 53, 0, 113.0, 3, 24.659859790528277
16, 140.0, 0, 55, 0, 118.0, 4, 24.83950572863547
16, 141.0, 1, 55, 3, 133.0, 5, 27.04175681491742
16, 142.0, 0, 55, 1, 148.0, 6, 28.51265914355794
16, 143.0, 1, 56, 0, 164.0, 6, 27.786989497177697
16, 144.0, 1, 56, 0, 172.0, 6, 27.157742940408628
16, 145.0, 1, 57, 0, 180.0, 6, 27.371860045882528
16, 146.0, 0, 56, 2, 189.0, 8, 27.767574214172715
16, 147.0, 0, 56, 1, 205.0, 8, 27.109543975972045
16, 148.0, 0, 56, 0, 224.0, 8, 26.496065503451486
16, 149.0, 0, 57, 0, 244.0, 8, 26.54067575542518
16, 150.0, 0, 57, 1, 265.0, 8, 27.256445491045316
16, 151.0, 1, 57, 3, 268.0, 7, 27.114770577604766
16, 152.0, 0, 56, 1, 237.0, 7, 27.454130016031566
16, 153.0, 1, 57, 0, 243.0, 7, 27.25879087317006
16, 154.0, 1, 57, 1, 248.0, 7, 27.028290351731904
16, 155.0, 0, 59, 0, 259.0, 9, 27.0249319014494
16, 156.0, 1, 60, 1, 254.0, 10, 26.001625578188563
16, 157.0, 1, 59, 1, 265.0, 10, 24.060748089217793
16, 158.0, 1, 60, 1, 276.0, 10, 23.723158205297473
16, 159.0, 0, 59, 3, 283.0, 10, 22.57228207070763
16, 160.0, 1, 59, 1, 295.0, 9, 21.089120937383868
16, 161.0, 0, 59, 0, 284.0, 10, 20.311530723826206
16, 162.0, 0, 59, 1, 200.0, 10, 19.796989684946713
16, 163.0, 1, 60, 0, 149.0, 11, 19.15028808552279
16, 164.0, 0, 59, 3, 70.0, 11, 17.409946947552474
16, 165.0, 1, 57, 2, 4.0, 11, 16.9926206709016
16, 166.0, 1, 58, 2, 5.0, 10, 15.0815740100857
16, 167.0, 1, 58, 0, 7.0, 10, 13.763513843157654
16, 168.0, 1, 61, 0, 3.0, 10, 12.737005466111398
16, 169.0, 0, 61, 1, 0.0, 10, 12.36053264871251
16, 170.0, 1, 60, 2, 0.0, 10, 11.009967809207176
16, 171.0, 0, 60, 3, 1.0, 8, 11.613453471182732
16, 172.0, 1, 58, 3, 0.0, 7, 10.856565815287356
16, 173.0, 1, 61, 0, 0.0, 7, 8.857246383751782
16, 174.0, 1, 58, 6, 0.0, 5, 8.704729320818231
16, 175.0, 0, 61, 1, 1.0, 6, 8.981271813650133
16, 176.0, 1, 61, 0, 0.0, 7, 8.8650961334143
16, 177.0, 0, 60, 2, 0.0, 7, 8.31608801611283
16, 178.0, 1, 60, 2, 0.0, 8, 8.31454427353078
16, 179.0, 1, 58, 2, 2.0, 8, 9.420137929098875
16, 180.0, 1, 53, 5, 4.0, 6, 9.231400615735616
16, 181.0, 1, 52, 2, 7.0, 6, 7.956881454706873
16, 182.0, 1, 51, 2, 10.0, 6, 8.325410650210427
16, 183.0, 1, 48, 3, 9.0, 5, 9.56583398054906
16, 184.0, 1, 46, 2, 13.0, 5, 10.450071978759661
16, 185.0, 0, 47, 1, 1.0, 8, 10.876194396612114
16, 186.0, 1, 48, 3, 1.0, 10, 13.14106262524228
16, 187.0, 1, 46, 3, 1.0, 10, 17.089951787609422
16, 188.0, 0, 48, 1, 3.0, 9, 16.624375716257376
16, 189.0, 1, 47, 2, 7.0, 9, 17.035936609378098
16, 190.0, 1, 48, 1, 5.0, 9, 17.43171913985492
16, 191.0, 1, 49, 1, 10.0, 9, 17.239003741697235
16, 192.0, 1, 50, 1, 13.0, 9, 16.253696699112716
16, 193.0, 1, 52, 1, 16.0, 9, 16.61178306293303
16, 194.0, 1, 50, 2, 14.0, 8, 15.351925853169293
16, 195.0, 1, 51, 1, 15.0, 8, 12.667229751102697
16, 196.0, 1, 51, 1, 13.0, 8, 12.842337176191622
16, 197.0, 1, 50, 1, 12.0, 7, 11.441499278302961
16, 198.0, 0, 52, 0, 2.0, 7, 11.277953779516631
16, 199.0, 0, 52, 1, 0.0, 6, 12.001535992434732
16, 200.0, 1, 52, 1, 0.0, 5, 10.76679224958588
16, 201.0, 0, 52, 0, 0.0, 6, 10.795782993328698
16, 202.0, 0, 51, 1, 1.0, 6, 11.3401478371196
16, 203.0, 0, 49, 2, 2.0, 6, 11.37964975020127
16, 204.0, 1, 45, 4, 0.0, 5, 10.777662073147352
16, 205.0, 1, 44, 1, 1.0, 4, 11.155525751743603
16, 206.0, 1, 43, 1, 1.0, 4, 12.611791002166484
16, 207.0, 0, 41, 2, 1.0, 4, 13.367298097029757
16, 208.0, 1, 38, 3, 4.0, 3, 13.436400887776305
16, 209.0, 0, 38, 0, 7.0, 3, 13.399856988988812
16, 210.0, 1, 35, 3, 11.0, 2, 13.545361847841397
16, 211.0, 0, 33, 2, 7.0, 2, 13.472319353377303
16, 212.0, 1, 33, 0, 10.0, 2, 12.802701794387636
16, 213.0, 0, 33, 0, 14.0, 4, 13.076124670368566
16, 214.0, 1, 32, 1, 13.0, 5, 13.650763969192223
16, 215.0, 1, 28, 4, 16.0, 5, 11.761698242014665
16, 216.0, 0, 28, 0, 17.0, 5, 12.0494648248087
16, 217.0, 1, 27, 1, 21.0, 5, 10.439173396696527
16, 218.0, 0, 27, 0, 12.0, 5, 9.731667049781878
16, 219.0, 1, 25, 2, 14.0, 4, 8.656101872807431
16, 220.0, 0, 24, 1, 1.0, 5, 7.992592090369019
16, 221.0, 0, 23, 1, 2.0, 5, 7.412268035196096
16, 222.0, 1, 21, 2, 1.0, 5, 6.530640291693375
16, 223.0, 1, 19, 2, 0.0, 5, 5.820955010372556
16, 224.0, 1, 18, 1, 0.0, 5, 5.503728544679689
16, 225.0, 1, 18, 0, 0.0, 5, 4.252177333531465
16, 226.0, 0, 17, 1, 0.0, 5, 2.9782660529376868
16, 227.0, 1, 17, 0, 0.0, 5, 3.0853614066209003
16, 228.0, 0, 15, 2, 0.0, 5, 2.637802031807113
16, 229.0, 0, 14, 1, 0.0, 5, 2.9506469745476673
16, 230.0, 0, 12, 2, 1.0, 5, 2.5505188019633085
16, 231.0, 1, 10, 2, 0.0, 5, 2.3527643691489732
16, 232.0, 0, 10, 0, 0.0, 5, 1.6489330381527765
16, 233.0, 1, 10, 0, 0.0, 5, 1.7587239431095636
16, 234.0, 1, 10, 0, 0.0, 5, 1.074065614689557
16, 235.0, 0, 10, 0, 0.0, 5, 0.9899207815533408
16, 236.0, 1, 9, 1, 0.0, 4, 1.1713895301416812
16, 237.0, 1, 9, 0, 0.0, 4, 0.8621256397478998
16, 238.0, 0, 9, 0, 0.0, 4, 0.7501650717917769
16, 239.0, 1, 6, 3, 0.0, 2, 0.4079976180542175
16, 240.0, 0, 6, 0, 0.0, 2, 0.3195777634275121
16, 241.0, 1, 5, 1, 0.0, 2, 0.32869969326594806
16, 242.0, 1, 3, 2, 0.0, 1, 0.2704747023616463
16, 243.0, 0, 3, 0, 0.0, 1, 0.16285398370531823
16, 244.0, 1, 2, 1, 0.0, 1, 0.0981724148368599
16, 245.0, 0, 2, 0, 0.0, 1, 0.033774285586321895
16, 246.0, 1, 2, 0, 0.0, 1, 0.1581051028937317
16, 247.0, 0, 1, 1, 0.0, 0, 0.008482153098274381
16, 248.0, 0, 1, 0, 0.0, 0, 0.0226807075392621
16, 249.0, 0, 1, 0, 0.0, 0, 0.08871423338931095
16, 250.0, 0, 0, 1, 0, 0, 0
17, 1.0, 0, 2, 0, 0.0, 0, 0.0
17, 2.0, 0, 3, 0, 0.0, 0, 1.0814256854756554
17, 3.0, 0, 5, 0, 0.0, 0, 1.2559462905827157
17, 4.0, 1, 7, 0, 0.0, 0, 1.2603760180273869
17, 5.0, 1, 9, 0, 0.0, 0, 1.356365191048412
17, 6.0, 0, 9, 0, 0.0, 0, 1.2083235416804996
17, 7.0, 0, 10, 0, 0.0, 0, 1.0113279673831101
17, 8.0, 0, 11, 0, 0.0, 0, 1.129802691208996
17, 9.0, 1, 12, 0, 0.0, 0, 1.3450565739990277
17, 10.0, 1, 15, 0, 0.0, 0, 1.8010715831181234
17, 11.0, 1, 16, 0, 0.0, 0, 2.7812725667563325
17, 12.0, 0, 18, 0, 0.0, 0, 2.9283900971975787
17, 13.0, 1, 18, 0, 0.0, 0, 2.8122046993081953
17, 14.0, 0, 20, 0, 0.0, 0, 2.7670024061042837
17, 15.0, 1, 22, 0, 0.0, 1, 3.734368370803254
17, 16.0, 1, 23, 0, 1.0, 1, 5.130609340680893
17, 17.0, 1, 23, 0, 3.0, 1, 5.735294522763627
17, 18.0, 1, 25, 0, 5.0, 1, 6.126136745919598
17, 19.0, 1, 25, 0, 8.0, 1, 7.784394733247355
17, 20.0, 1, 27, 0, 12.0, 1, 7.328792649487232
17, 21.0, 0, 28, 0, 5.0, 2, 8.636322812099662
17, 22.0, 0, 28, 0, 0.0, 2, 8.63541126761277
17, 23.0, 0, 30, 0, 1.0, 2, 8.611661175068768
17, 24.0, 0, 31, 0, 3.0, 2, 8.947600237102426
17, 25.0, 1, 33, 0, 0.0, 3, 9.236906162218487
17, 26.0, 1, 36, 0, 0.0, 3, 10.203185630185756
17, 27.0, 1, 38, 0, 1.0, 3, 10.748084239013913
17, 28.0, 1, 40, 0, 6.0, 3, 11.425778121731827
17, 29.0, 1, 41, 0, 9.0, 3, 13.188174907745925
17, 30.0, 1, 41, 0, 7.0, 3, 12.214667823401658
17, 31.0, 0, 46, 0, 4.0, 3, 10.77016045167109
17, 32.0, 1, 47, 1, 7.0, 3, 11.71547079483983
17, 33.0, 1, 46, 1, 10.0, 3, 10.420746800968477
17, 34.0, 0, 47, 0, 13.0, 3, 10.534422734499694
17, 35.0, 0, 47, 1, 4.0, 3, 11.600150548140657
17, 36.0, 0, 47, 1, 0.0, 3, 12.154190360733034
17, 37.0, 1, 48, 0, 1.0, 3, 11.568562612821594
17, 38.0, 0, 48, 1, 0.0, 3, 10.14009564092188
17, 39.0, 1, 49, 0, 0.0, 4, 11.77520633458122
17, 40.0, 1, 53, 1, 0.0, 4, 12.322337980048072
17, 41.0, 0, 49, 4, 0.0, 3, 12.332042394631676
17, 42.0, 1, 50, 1, 0.0, 3, 12.163343929870654
17, 43.0, 1, 53, 0, 1.0, 3, 12.298252386563217
17, 44.0, 1, 53, 1, 4.0, 3, 15.1101921674125
17, 45.0, 1, 54, 0, 8.0, 3, 13.903146996472005
17, 46.0, 1, 53, 2, 12.0, 3, 13.263523440924489
17, 47.0, 0, 57, 0, 12.0, 3, 13.099069583135224
17, 48.0, 1, 54, 3, 15.0, 2, 13.445355691361916
17, 49.0, 1, 53, 1, 19.0, 2, 13.878008287796893
17, 50.0, 0, 54, 1, 15.0, 2, 12.217350697412146
17, 51.0, 0, 55, 2, 15.0, 2, 12.255579066695912
17, 52.0, 1, 56, 0, 17.0, 2, 12.634673635905175
17, 53.0, 1, 55, 2, 19.0, 2, 12.820607307907768
17, 54.0, 1, 55, 2, 11.0, 2, 13.994018333065027
17, 55.0, 1, 55, 0, 3.0, 2, 15.014936048719996
17, 56.0, 0, 57, 0, 0.0, 2, 12.749636388086747
17, 57.0, 0, 53, 5, 0.0, 2, 11.95914283544592
17, 58.0, 0, 52, 1, 1.0, 2, 13.159489897013144
17, 59.0, 0, 51, 2, 3.0, 2, 12.986608737929254
17, 60.0, 1, 50, 2, 6.0, 3, 13.656171013664022
17, 61.0, 1, 51, 1, 10.0, 3, 13.434733820004466
17, 62.0, 1, 50, 4, 15.0, 3, 13.358261189368116
17, 63.0, 1, 49, 2, 13.0, 3, 14.223060377028728
17, 64.0, 1, 51, 0, 13.0, 3, 13.681569971321782
17, 65.0, 1, 50, 1, 17.0, 3, 14.353922789129568
17, 66.0, 1, 50, 2, 21.0, 3, 13.328017899345342
17, 67.0, 0, 49, 1, 14.0, 3, 12.798718866100012
17, 68.0, 0, 49, 1, 17.0, 3, 11.703692876289972
17, 69.0, 1, 48, 1, 0.0, 3, 10.974596164991445
17, 70.0, 1, 48, 0, 1.0, 3, 10.752325777055525
17, 71.0, 0, 46, 3, 1.0, 2, 9.832087817129581
17, 72.0, 1, 46, 2, 0.0, 2, 8.53575555460368
17, 73.0, 1, 48, 0, 2.0, 2, 9.852665365710328
17, 74.0, 1, 47, 1, 4.0, 1, 11.17922441205163
17, 75.0, 1, 47, 3, 0.0, 1, 10.745062746014742
17, 76.0, 1, 49, 1, 0.0, 1, 11.303167377855454
17, 77.0, 0, 48, 2, 0.0, 1, 12.64427782869062
17, 78.0, 1, 48, 0, 2.0, 1, 10.28284931385734
17, 79.0, 0, 46, 3, 2.0, 1, 9.91567597559105
17, 80.0, 1, 46, 1, 4.0, 2, 8.566112539828532
17, 81.0, 1, 47, 0, 7.0, 2, 8.358547960016129
17, 82.0, 1, 46, 4, 10.0, 1, 9.23919544380602
17, 83.0, 0, 46, 1, 6.0, 1, 9.00911247726124
17, 84.0, 1, 44, 2, 7.0, 1, 8.044910130526086
17, 85.0, 0, 47, 0, 0.0, 1, 8.365478977823674
17, 86.0, 0, 45, 2, 1.0, 1, 9.212039024143799
17, 87.0, 0, 41, 4, 2.0, 1, 10.111150907947657
17, 88.0, 0, 41, 2, 2.0, 1, 10.974243647420927
17, 89.0, 1, 40, 1, 1.0, 1, 10.814941501317819
17, 90.0, 0, 39, 3, 3.0, 3, 10.497559190673384
17, 91.0, 1, 41, 0, 5.0, 4, 13.498131544938424
17, 92.0, 1, 41, 1, 9.0, 4, 12.821099002155
17, 93.0, 1, 40, 2, 8.0, 4, 12.120547419063353
17, 94.0, 1, 42, 0, 7.0, 4, 12.379750067300156
17, 95.0, 1, 40, 2, 5.0, 4, 12.986274903637714
17, 96.0, 1, 41, 0, 8.0, 4, 12.545880279286479
17, 97.0, 1, 40, 2, 8.0, 4, 12.166686070261138
17, 98.0, 1, 42, 0, 12.0, 4, 12.576921142346984
17, 99.0, 0, 45, 1, 3.0, 5, 13.372475359001992
17, 100.0, 0, 46, 0, 5.0, 5, 13.203164121545042
17, 101.0, 1, 46, 1, 3.0, 5, 12.354832078671805
17, 102.0, 1, 47, 0, 5.0, 5, 11.479547142500804
17, 103.0, 0, 49, 2, 4.0, 5, 9.848234371006997
17, 104.0, 1, 49, 1, 0.0, 7, 10.31255198407167
17, 105.0, 0, 48, 1, 1.0, 8, 11.449672346624187
17, 106.0, 0, 49, 1, 3.0, 7, 10.92439038666586
17, 107.0, 0, 49, 0, 6.0, 7, 10.916629736667183
17, 108.0, 0, 49, 1, 10.0, 7, 10.279107539877916
17, 109.0, 0, 46, 3, 10.0, 7, 10.843958506264471
17, 110.0, 0, 48, 0, 16.0, 7, 11.865810904958522
17, 111.0, 1, 46, 2, 8.0, 7, 13.370752844520092
17, 112.0, 1, 44, 2, 6.0, 6, 13.465685856790865
17, 113.0, 1, 45, 1, 7.0, 6, 13.609473717022063
17, 114.0, 1, 45, 1, 11.0, 6, 14.119915065180654
17, 115.0, 0, 44, 2, 7.0, 7, 13.816981731524152
17, 116.0, 1, 45, 3, 1.0, 7, 13.418279384651585
17, 117.0, 0, 43, 3, 2.0, 9, 15.455503328846602
17, 118.0, 1, 44, 1, 3.0, 9, 13.325838628269654
17, 119.0, 1, 43, 2, 6.0, 8, 12.445052383096163
17, 120.0, 0, 45, 0, 6.0, 8, 10.900276294633015
17, 121.0, 0, 48, 0, 8.0, 8, 11.167992668151223
17, 122.0, 1, 51, 0, 7.0, 8, 11.149930513097786
17, 123.0, 0, 54, 0, 10.0, 10, 11.196573154982062
17, 124.0, 1, 55, 0, 3.0, 10, 10.588873328064972
17, 125.0, 1, 54, 2, 5.0, 9, 10.174773633873471
17, 126.0, 1, 52, 2, 7.0, 8, 9.147708662139689
17, 127.0, 1, 51, 2, 6.0, 8, 8.987751040390872
17, 128.0, 1, 50, 2, 7.0, 7, 10.076954110901358
17, 129.0, 1, 52, 1, 9.0, 7, 10.521222710964805
17, 130.0, 0, 51, 2, 12.0, 8, 12.440599152123545
17, 131.0, 1, 51, 1, 16.0, 8, 12.001284478835563
17, 132.0, 0, 51, 1, 2.0, 8, 12.414525476397644
17, 133.0, 1, 49, 2, 3.0, 8, 13.51428420325892
17, 134.0, 0, 51, 0, 2.0, 8, 12.422343760084951
17, 135.0, 0, 51, 3, 5.0, 6, 11.863928962300593
17, 136.0, 1, 51, 1, 5.0, 7, 12.517968149918387
17, 137.0, 1, 50, 1, 8.0, 7, 12.720542296575038
17, 138.0, 0, 49, 2, 9.0, 7, 11.731478181791818
17, 139.0, 0, 50, 0, 6.0, 7, 12.345484009846503
17, 140.0, 1, 50, 2, 1.0, 7, 11.417833193193642
17, 141.0, 0, 52, 1, 3.0, 7, 10.97841033388512
17, 142.0, 1, 50, 3, 2.0, 6, 11.43255706445793
17, 143.0, 1, 51, 0, 0.0, 6, 11.20588676313826
17, 144.0, 1, 49, 2, 0.0, 6, 11.351004946639534
17, 145.0, 1, 50, 0, 1.0, 6, 9.37454656691426
17, 146.0, 0, 49, 2, 0.0, 6, 8.58606531483183
17, 147.0, 1, 49, 1, 1.0, 6, 9.333008772207673
17, 148.0, 1, 47, 2, 0.0, 6, 8.051246799920898
17, 149.0, 1, 47, 1, 0.0, 6, 7.800494680376037
17, 150.0, 0, 46, 2, 0.0, 5, 7.613377202280464
17, 151.0, 1, 47, 2, 1.0, 5, 7.766332298312527
17, 152.0, 0, 43, 4, 2.0, 5, 6.509803731777884
17, 153.0, 0, 42, 2, 0.0, 5, 7.072660784633597
17, 154.0, 1, 41, 2, 0.0, 6, 8.690693951722304
17, 155.0, 0, 43, 0, 2.0, 8, 10.341765714160635
17, 156.0, 0, 43, 2, 5.0, 8, 9.409981025490575
17, 157.0, 1, 42, 1, 3.0, 8, 8.851009032984269
17, 158.0, 0, 42, 2, 5.0, 7, 7.9035429068516825
17, 159.0, 1, 43, 1, 8.0, 8, 10.433744598665784
17, 160.0, 1, 43, 1, 12.0, 8, 11.142262053844881
17, 161.0, 1, 41, 2, 16.0, 7, 11.054390105546181
17, 162.0, 1, 40, 2, 21.0, 7, 11.091473945761184
17, 163.0, 1, 38, 3, 27.0, 6, 11.867930678922399
17, 164.0, 1, 38, 2, 33.0, 6, 12.358626906219651
17, 165.0, 1, 37, 1, 28.0, 6, 13.23052768664259
17, 166.0, 1, 39, 1, 33.0, 6, 13.873154823501729
17, 167.0, 1, 39, 0, 42.0, 6, 15.278954908243088
17, 168.0, 0, 40, 2, 33.0, 8, 14.589667191366821
17, 169.0, 1, 41, 0, 30.0, 8, 14.033776766354478
17, 170.0, 1, 40, 2, 29.0, 7, 15.17840494187662
17, 171.0, 1, 42, 0, 35.0, 7, 16.107980377179484
17, 172.0, 1, 44, 0, 42.0, 7, 16.486291868504672
17, 173.0, 0, 45, 2, 51.0, 7, 17.463185410062838
17, 174.0, 0, 48, 0, 59.0, 7, 18.242392607348133
17, 175.0, 1, 50, 2, 63.0, 7, 17.579475054523375
17, 176.0, 1, 51, 0, 72.0, 7, 17.189090035918856
17, 177.0, 0, 51, 0, 81.0, 7, 18.186486957709388
17, 178.0, 1, 53, 0, 74.0, 7, 17.539740232055756
17, 179.0, 1, 53, 0, 83.0, 7, 17.816633907624755
17, 180.0, 0, 53, 0, 56.0, 8, 17.184393086016797
17, 181.0, 1, 53, 1, 54.0, 8, 16.10501100013371
17, 182.0, 0, 52, 2, 60.0, 9, 16.656048007749753
17, 183.0, 1, 52, 0, 52.0, 9, 16.967034127823208
17, 184.0, 1, 52, 0, 58.0, 9, 17.527697271949542
17, 185.0, 0, 54, 0, 64.0, 9, 17.98528539897545
17, 186.0, 1, 56, 2, 68.0, 8, 19.0602809358097
17, 187.0, 1, 58, 0, 77.0, 8, 22.24680513504989
17, 188.0, 1, 57, 2, 87.0, 8, 24.428679431038812
17, 189.0, 1, 57, 2, 98.0, 8, 24.292153653618374
17, 190.0, 0, 58, 1, 108.0, 8, 24.94184198826604
17, 191.0, 1, 59, 1, 123.0, 9, 26.916735646005595
17, 192.0, 0, 60, 1, 128.0, 9, 26.333827333543663
17, 193.0, 1, 62, 1, 145.0, 9, 24.58452382880006
17, 194.0, 1, 62, 0, 163.0, 9, 24.660463038607467
17, 195.0, 0, 63, 1, 182.0, 9, 24.464806303524156
17, 196.0, 0, 61, 3, 191.0, 8, 24.885059655382058
17, 197.0, 0, 56, 5, 199.0, 5, 25.772265144157807
17, 198.0, 1, 57, 1, 205.0, 4, 24.649053732952428
17, 199.0, 1, 57, 1, 213.0, 3, 25.073805867863552
17, 200.0, 1, 57, 1, 217.0, 3, 24.959359748282417
17, 201.0, 0, 56, 1, 224.0, 3, 24.694783248424752
17, 202.0, 0, 55, 1, 91.0, 3, 24.93853940361856
17, 203.0, 0, 55, 0, 100.0, 3, 24.740611437115763
17, 204.0, 0, 55, 0, 77.0, 3, 24.61297918935134
17, 205.0, 0, 54, 1, 71.0, 3, 24.584363595806497
17, 206.0, 0, 52, 2, 83.0, 3, 24.10063857978011
17, 207.0, 0, 51, 1, 85.0, 2, 23.45793185961398
17, 208.0, 1, 49, 2, 62.0, 1, 22.43375369842042
17, 209.0, 1, 48, 1, 56.0, 1, 22.40967136991752
17, 210.0, 0, 48, 0, 54.0, 3, 23.297240288255413
17, 211.0, 1, 47, 1, 57.0, 3, 22.22230965904471
17, 212.0, 1, 46, 1, 56.0, 3, 20.75513529376473
17, 213.0, 1, 45, 1, 65.0, 3, 20.535126423865393
17, 214.0, 1, 44, 1, 16.0, 3, 17.26855676015753
17, 215.0, 1, 44, 0, 22.0, 3, 15.360732220119964
17, 216.0, 0, 43, 1, 10.0, 3, 14.242420099373138
17, 217.0, 1, 43, 0, 14.0, 3, 11.571401485282163
17, 218.0, 1, 42, 1, 18.0, 3, 10.640004849953876
17, 219.0, 1, 39, 3, 14.0, 3, 9.180258007802664
17, 220.0, 1, 36, 3, 8.0, 2, 7.734085282729557
17, 221.0, 1, 35, 1, 10.0, 2, 6.960091605049605
17, 222.0, 1, 34, 1, 12.0, 2, 6.550158687979956
17, 223.0, 1, 32, 2, 14.0, 2, 5.870620222298603
17, 224.0, 1, 28, 4, 16.0, 2, 5.2915649028721905
17, 225.0, 0, 25, 3, 0.0, 1, 4.985031010187569
17, 226.0, 1, 23, 2, 0.0, 1, 4.093120680144043
17, 227.0, 1, 22, 1, 0.0, 1, 3.303710752105558
17, 228.0, 0, 20, 2, 0.0, 1, 3.005618253517068
17, 229.0, 1, 18, 2, 0.0, 1, 2.188895960641047
17, 230.0, 0, 15, 3, 0.0, 1, 1.9160750289153494
17, 231.0, 0, 13, 2, 0.0, 1, 1.4537365395202402
17, 232.0, 1, 13, 0, 0.0, 1, 1.292216679105925
17, 233.0, 0, 10, 3, 0.0, 0, 0.9932896431917495
17, 234.0, 1, 10, 0, 0.0, 0, 0.9686616323633768
17, 235.0, 1, 9, 1, 0.0, 0, 0.9775004545094799
17, 236.0, 0, 8, 1, 0.0, 0, 0.7633057974120323
17, 237.0, 1, 6, 2, 0.0, 0, 0.5539829941407604
17, 238.0, 0, 4, 2, 0.0, 0, 0.3276675328920504
17, 239.0, 1, 4, 0, 0.0, 0, 0.29675763025884194
17, 240.0, 1, 4, 0, 0.0, 0, 0.3206008506220961
17, 241.0, 1, 4, 0, 0.0, 0, 0.4181968074172637
17, 242.0, 1, 4, 0, 0.0, 0, 0.3996139910695291
17, 243.0, 0, 3, 1, 0.0, 0, 0.3463187358486479
17, 244.0, 0, 3, 0, 0.0, 0, 0.20711865876040036
17, 245.0, 0, 2, 1, 0.0, 0, 0.05626674941565213
17, 246.0, 1, 1, 1, 0.0, 0, 0.007720701909015304
17, 247.0, 0, 1, 0, 0.0, 0, 0.08603570246084757
17, 248.0, 0, 1, 0, 0.0, 0, 0.09537511925388742
17, 249.0, 0, 1, 0, 0.0, 0, 0.0674880624129024
17, 250.0, 0, 1, 0, 0.0, 0, 0.0392319903415661
17, 251.0, 0, 0, 1, 0, 0, 0
18, 1.0, 0, 2, 0, 0.0, 0, 0.0
18, 2.0, 0, 3, 0, 0.0, 0, 1.0814256854756554
18, 3.0, 0, 5, 0, 0.0, 0, 1.2559462905827157
18, 4.0, 0, 7, 0, 0.0, 0, 1.2603760180273869
18, 5.0, 0, 9, 0, 0.0, 0, 1.356365191048412
18, 6.0, 1, 9, 0, 0.0, 0, 1.287337457469642
18, 7.0, 1, 10, 0, 0.0, 0, 0.9556235514719723
18, 8.0, 1, 11, 0, 0.0, 0, 1.168230593310705
18, 9.0, 0, 12, 0, 0.0, 0, 1.3211245838572987
18, 10.0, 1, 15, 0, 0.0, 0, 1.8079871547397421
18, 11.0, 0, 16, 0, 0.0, 0, 2.8853175909259545
18, 12.0, 1, 18, 0, 0.0, 0, 2.84872046257084
18, 13.0, 0, 18, 0, 0.0, 0, 2.6828986452587267
18, 14.0, 1, 20, 0, 0.0, 0, 2.2708359476342856
18, 15.0, 0, 22, 0, 0.0, 3, 3.920015803473822
18, 16.0, 1, 23, 0, 0.0, 4, 5.030947720696268
18, 17.0, 1, 23, 0, 0.0, 4, 5.6345331962768315
18, 18.0, 0, 25, 0, 0.0, 4, 5.664241788508722
18, 19.0, 1, 25, 0, 1.0, 4, 6.755713043266949
18, 20.0, 0, 27, 0, 3.0, 6, 8.369062658678523
18, 21.0, 1, 27, 0, 3.0, 7, 9.347225381589688
18, 22.0, 0, 27, 0, 5.0, 7, 8.077513338637637
18, 23.0, 1, 30, 0, 8.0, 7, 9.28345732235912
18, 24.0, 1, 32, 0, 12.0, 7, 11.218020713852539
18, 25.0, 1, 33, 0, 16.0, 7, 12.64103402975681
18, 26.0, 0, 35, 0, 19.0, 7, 12.80287755763331
18, 27.0, 1, 38, 0, 12.0, 7, 12.584916212506403
18, 28.0, 1, 40, 0, 16.0, 7, 14.050044913243493
18, 29.0, 1, 41, 0, 22.0, 7, 15.550019917954796
18, 30.0, 1, 41, 0, 28.0, 7, 14.300425289724528
18, 31.0, 0, 46, 0, 19.0, 8, 14.102901305089812
18, 32.0, 0, 47, 0, 27.0, 8, 15.184589684625928
18, 33.0, 0, 46, 2, 31.0, 7, 14.725559657711266
18, 34.0, 1, 47, 0, 19.0, 8, 14.152228769824154
18, 35.0, 1, 48, 0, 17.0, 8, 12.693805256533135
18, 36.0, 1, 49, 0, 16.0, 8, 12.999787093563
18, 37.0, 1, 48, 2, 14.0, 7, 13.093396009061461
18, 38.0, 1, 47, 2, 12.0, 5, 13.250028844612263
18, 39.0, 0, 49, 0, 8.0, 5, 13.175056570664534
18, 40.0, 0, 52, 0, 10.0, 5, 13.229280573428834
18, 41.0, 1, 53, 0, 13.0, 7, 13.903651444686147
18, 42.0, 1, 55, 0, 15.0, 7, 12.966651672529515
18, 43.0, 1, 57, 1, 19.0, 7, 12.591500712763771
18, 44.0, 1, 57, 2, 24.0, 7, 14.307797905186312
18, 45.0, 1, 55, 2, 29.0, 6, 13.676969864284755
18, 46.0, 1, 55, 1, 34.0, 6, 12.894097578708449
18, 47.0, 1, 59, 0, 40.0, 6, 13.31063645155201
18, 48.0, 1, 58, 1, 46.0, 6, 13.645569701565286
18, 49.0, 0, 57, 1, 12.0, 5, 11.408619147127151
18, 50.0, 1, 56, 3, 4.0, 4, 9.938002545637584
18, 51.0, 1, 59, 0, 1.0, 4, 11.831759708372138
18, 52.0, 1, 57, 3, 3.0, 4, 14.311330152026224
18, 53.0, 1, 57, 1, 2.0, 4, 14.729807158469281
18, 54.0, 0, 57, 2, 0.0, 4, 14.351557394459432
18, 55.0, 0, 56, 1, 2.0, 4, 13.743835523999449
18, 56.0, 0, 55, 3, 6.0, 4, 14.245246623247631
18, 57.0, 1, 53, 3, 5.0, 3, 15.906187393779135
18, 58.0, 0, 52, 1, 10.0, 3, 15.863007215248693
18, 59.0, 1, 50, 3, 16.0, 4, 16.526665089363988
18, 60.0, 1, 48, 3, 20.0, 4, 17.646885122956018
18, 61.0, 1, 48, 2, 25.0, 4, 18.974302659654683
18, 62.0, 1, 51, 0, 34.0, 4, 20.496339024435173
18, 63.0, 0, 52, 0, 28.0, 4, 19.619043773580117
18, 64.0, 0, 51, 3, 35.0, 3, 19.222275931221716
18, 65.0, 0, 48, 3, 37.0, 3, 20.22179552082677
18, 66.0, 1, 50, 0, 43.0, 3, 19.41406251147359
18, 67.0, 1, 50, 0, 48.0, 3, 19.58717971906201
18, 68.0, 1, 49, 2, 56.0, 2, 20.33813068535992
18, 69.0, 0, 49, 0, 65.0, 2, 21.43751659420474
18, 70.0, 1, 47, 2, 49.0, 2, 20.86347040467651
18, 71.0, 0, 48, 0, 58.0, 2, 19.843018872199224
18, 72.0, 0, 49, 1, 56.0, 2, 20.89264728591117
18, 73.0, 1, 50, 1, 50.0, 2, 20.4588104850546
18, 74.0, 1, 49, 1, 41.0, 2, 20.316849354446358
18, 75.0, 0, 52, 1, 39.0, 2, 19.995364020421615
18, 76.0, 1, 54, 0, 37.0, 3, 20.327313773413938
18, 77.0, 1, 54, 1, 33.0, 3, 20.35652763666311
18, 78.0, 0, 53, 1, 23.0, 3, 19.138094276651728
18, 79.0, 1, 53, 1, 20.0, 4, 16.25979440957697
18, 80.0, 1, 53, 1, 23.0, 4, 16.347412441715473
18, 81.0, 0, 53, 1, 27.0, 4, 15.159520399606695
18, 82.0, 0, 54, 2, 12.0, 4, 14.396786699827668
18, 83.0, 0, 55, 0, 15.0, 4, 14.471370739014535
18, 84.0, 0, 54, 1, 18.0, 4, 15.32374954379481
18, 85.0, 0, 54, 3, 23.0, 3, 15.771992407749831
18, 86.0, 0, 51, 3, 31.0, 3, 16.651588846899312
18, 87.0, 1, 51, 0, 32.0, 3, 15.823484411186303
18, 88.0, 1, 51, 2, 21.0, 2, 16.525254605412
18, 89.0, 0, 48, 3, 23.0, 3, 18.37393155137047
18, 90.0, 0, 50, 0, 29.0, 3, 19.262725673262636
18, 91.0, 0, 50, 2, 27.0, 3, 19.9686361449382
18, 92.0, 0, 49, 2, 31.0, 3, 20.44537876924215
18, 93.0, 1, 49, 1, 22.0, 3, 17.85414600827333
18, 94.0, 1, 50, 1, 23.0, 3, 17.589129162875036
18, 95.0, 1, 48, 2, 27.0, 3, 18.54096326415186
18, 96.0, 1, 48, 1, 32.0, 3, 16.747049016413957
18, 97.0, 0, 48, 1, 40.0, 3, 17.449682895239626
18, 98.0, 1, 49, 1, 34.0, 2, 16.022674740970523
18, 99.0, 0, 53, 0, 31.0, 3, 18.18699503159737
18, 100.0, 1, 54, 0, 31.0, 4, 18.318235825180203
18, 101.0, 0, 53, 2, 28.0, 4, 17.586402349628834
18, 102.0, 0, 52, 1, 31.0, 4, 16.367369808452022
18, 103.0, 0, 57, 0, 34.0, 4, 16.555183032504733
18, 104.0, 0, 55, 2, 38.0, 4, 18.82561774752432
18, 105.0, 0, 54, 3, 44.0, 3, 18.61475895762663
18, 106.0, 0, 55, 0, 42.0, 3, 20.425746737615263
18, 107.0, 0, 54, 1, 50.0, 3, 20.053225584920963
18, 108.0, 0, 53, 2, 23.0, 3, 18.358671345567505
18, 109.0, 0, 53, 0, 32.0, 3, 17.60492188620868
18, 110.0, 1, 55, 0, 15.0, 4, 17.707756385399815
18, 111.0, 1, 53, 2, 16.0, 4, 18.40623450654013
18, 112.0, 0, 50, 3, 15.0, 5, 18.443162480993603
18, 113.0, 1, 49, 3, 10.0, 6, 17.316333583079622
18, 114.0, 0, 49, 1, 9.0, 7, 18.849427318789054
18, 115.0, 0, 48, 2, 12.0, 6, 18.636077604583377
18, 116.0, 1, 52, 0, 17.0, 6, 19.432009340495505
18, 117.0, 1, 52, 1, 13.0, 5, 20.360826268040242
18, 118.0, 1, 53, 1, 19.0, 5, 19.6258911723481
18, 119.0, 1, 52, 2, 26.0, 5, 20.144810833287256
18, 120.0, 1, 54, 0, 35.0, 5, 18.924028428467278
18, 121.0, 0, 56, 1, 38.0, 5, 18.883354102604155
18, 122.0, 0, 59, 0, 36.0, 5, 18.174178063257465
18, 123.0, 0, 61, 1, 42.0, 5, 19.184905749673042
18, 124.0, 0, 62, 0, 38.0, 5, 19.532957071630605
18, 125.0, 1, 61, 2, 37.0, 4, 19.180332736911048
18, 126.0, 1, 59, 2, 43.0, 4, 18.45046924548496
18, 127.0, 0, 57, 3, 48.0, 5, 20.39459057555533
18, 128.0, 1, 56, 2, 42.0, 6, 20.109941667358697
18, 129.0, 0, 55, 3, 23.0, 5, 20.0954249915271
18, 130.0, 1, 57, 0, 27.0, 5, 21.518299311448573
18, 131.0, 0, 55, 3, 31.0, 4, 21.36648405152301
18, 132.0, 0, 56, 0, 33.0, 4, 21.410458641148605
18, 133.0, 0, 56, 0, 43.0, 4, 22.112462885154674
18, 134.0, 1, 57, 1, 50.0, 5, 22.92973692658809
18, 135.0, 0, 58, 2, 57.0, 5, 25.506743686736964
18, 136.0, 0, 58, 1, 59.0, 5, 27.632868663333927
18, 137.0, 1, 57, 1, 68.0, 5, 27.296058529108443
18, 138.0, 1, 59, 0, 75.0, 5, 26.300099579250503
18, 139.0, 1, 58, 1, 72.0, 5, 27.30135054210291
18, 140.0, 1, 60, 0, 40.0, 5, 25.482215902334183
18, 141.0, 0, 60, 3, 30.0, 7, 25.456709381200135
18, 142.0, 1, 59, 2, 37.0, 7, 25.988083807329613
18, 143.0, 0, 60, 0, 44.0, 7, 24.95375463113429
18, 144.0, 1, 57, 3, 48.0, 8, 23.832007253920587
18, 145.0, 0, 58, 0, 58.0, 8, 22.43793061591935
18, 146.0, 0, 59, 0, 49.0, 8, 21.233083176125888
18, 147.0, 1, 58, 2, 54.0, 8, 19.301961067612297
18, 148.0, 1, 57, 1, 62.0, 8, 18.940148127110778
18, 149.0, 0, 58, 0, 71.0, 10, 18.40011302270472
18, 150.0, 0, 58, 1, 59.0, 10, 17.513582205711256
18, 151.0, 1, 61, 0, 55.0, 11, 18.242607050583413
18, 152.0, 1, 58, 3, 54.0, 11, 18.43588191904649
18, 153.0, 1, 57, 2, 38.0, 11, 18.55533329127219
18, 154.0, 1, 56, 2, 43.0, 11, 16.748133177798017
18, 155.0, 1, 56, 2, 49.0, 11, 16.32271531408768
18, 156.0, 1, 57, 1, 55.0, 11, 17.381998919362573
18, 157.0, 1, 53, 4, 63.0, 10, 17.528033286931603
18, 158.0, 0, 53, 2, 55.0, 10, 15.140999709881644
18, 159.0, 1, 54, 1, 55.0, 10, 13.853842257106713
18, 160.0, 1, 54, 1, 59.0, 10, 13.125447110859136
18, 161.0, 0, 51, 3, 0.0, 11, 11.603380608293438
18, 162.0, 1, 51, 1, 0.0, 10, 9.662763538896089
18, 163.0, 1, 49, 3, 0.0, 9, 9.924289677148694
18, 164.0, 1, 51, 0, 2.0, 9, 10.84455269435319
18, 165.0, 0, 49, 2, 2.0, 8, 10.950447433093277
18, 166.0, 1, 50, 2, 4.0, 8, 9.890520678439747
18, 167.0, 0, 49, 1, 6.0, 8, 9.38757226305004
18, 168.0, 0, 51, 1, 5.0, 8, 9.543822837205232
18, 169.0, 1, 51, 1, 1.0, 8, 9.580243632900013
18, 170.0, 1, 49, 3, 2.0, 7, 9.272578158517012
18, 171.0, 1, 51, 1, 3.0, 7, 10.206335678321096
18, 172.0, 0, 51, 1, 5.0, 8, 11.824056475049847
18, 173.0, 1, 52, 2, 0.0, 8, 10.09998253013195
18, 174.0, 1, 51, 4, 0.0, 7, 8.583549440345996
18, 175.0, 0, 54, 1, 0.0, 7, 8.512646041267544
18, 176.0, 1, 52, 2, 0.0, 7, 8.188355170611517
18, 177.0, 1, 50, 3, 0.0, 6, 7.010297539828748
18, 178.0, 1, 52, 0, 1.0, 6, 8.608276847521548
18, 179.0, 0, 51, 1, 0.0, 6, 7.898627055629394
18, 180.0, 0, 49, 2, 0.0, 6, 7.387406145675345
18, 181.0, 1, 48, 2, 0.0, 5, 7.047672145977859
18, 182.0, 0, 48, 1, 0.0, 5, 7.451096969027771
18, 183.0, 0, 46, 2, 1.0, 6, 9.101688460590893
18, 184.0, 1, 44, 2, 4.0, 7, 9.846553514011935
18, 185.0, 0, 45, 1, 4.0, 8, 11.24059320163273
18, 186.0, 1, 48, 1, 6.0, 9, 13.552654633707874
18, 187.0, 1, 47, 2, 5.0, 9, 16.360280129274344
18, 188.0, 0, 48, 2, 1.0, 8, 16.046194461637537
18, 189.0, 1, 48, 1, 2.0, 8, 16.302769868324383
18, 190.0, 1, 48, 2, 4.0, 8, 15.52646516336738
18, 191.0, 1, 49, 1, 7.0, 8, 15.405353895793532
18, 192.0, 0, 48, 3, 7.0, 8, 13.671488392351915
18, 193.0, 0, 50, 1, 11.0, 8, 13.746918129328025
18, 194.0, 1, 49, 1, 10.0, 8, 12.783932392677377
18, 195.0, 0, 51, 0, 12.0, 8, 10.842472258639605
18, 196.0, 1, 52, 0, 6.0, 8, 11.088997721814774
18, 197.0, 1, 51, 1, 7.0, 7, 9.232266448450282
18, 198.0, 0, 53, 0, 8.0, 8, 9.176877105665072
18, 199.0, 1, 52, 2, 0.0, 7, 10.358717777745158
18, 200.0, 1, 50, 3, 1.0, 5, 9.63102242430016
18, 201.0, 1, 48, 2, 2.0, 5, 10.58779583201703
18, 202.0, 0, 46, 2, 0.0, 6, 10.130527403828177
18, 203.0, 0, 44, 2, 2.0, 5, 10.574889376594093
18, 204.0, 1, 44, 0, 0.0, 5, 8.546091546711613
18, 205.0, 0, 42, 2, 0.0, 4, 8.889618100004437
18, 206.0, 1, 40, 2, 0.0, 5, 10.950332734511209
18, 207.0, 1, 39, 1, 2.0, 4, 11.88454077346899
18, 208.0, 1, 39, 0, 5.0, 4, 11.80233338059458
18, 209.0, 1, 38, 1, 9.0, 4, 11.678717826981318
18, 210.0, 1, 34, 4, 13.0, 4, 10.076244394439486
18, 211.0, 0, 33, 1, 3.0, 3, 10.363748962697443
18, 212.0, 1, 32, 1, 5.0, 3, 9.535560990449948
18, 213.0, 0, 30, 2, 6.0, 4, 10.602795332936742
18, 214.0, 0, 29, 1, 3.0, 4, 10.634993499725503
18, 215.0, 0, 28, 1, 5.0, 4, 10.855125290021235
18, 216.0, 1, 28, 0, 1.0, 4, 9.977904912047059
18, 217.0, 0, 28, 0, 4.0, 4, 8.846870231826108
18, 218.0, 0, 25, 3, 6.0, 4, 8.497049902776759
18, 219.0, 0, 22, 3, 5.0, 3, 7.973330572444685
18, 220.0, 0, 22, 0, 8.0, 3, 7.126535093243032
18, 221.0, 0, 22, 0, 11.0, 3, 6.162854209035165
18, 222.0, 0, 21, 1, 14.0, 3, 5.4226896429292175
18, 223.0, 1, 18, 3, 6.0, 2, 4.039963016094044
18, 224.0, 0, 17, 1, 7.0, 2, 3.2436368825557795
18, 225.0, 0, 16, 1, 8.0, 2, 3.415104599123077
18, 226.0, 1, 14, 2, 9.0, 2, 2.8601043879627044
18, 227.0, 0, 12, 2, 0.0, 2, 2.1095539048495278
18, 228.0, 0, 12, 0, 0.0, 2, 1.4974642445549167
18, 229.0, 1, 12, 0, 0.0, 2, 1.1503278865317421
18, 230.0, 0, 11, 1, 0.0, 2, 0.8916309616918063
18, 231.0, 0, 10, 1, 0.0, 2, 0.5833272585247977
18, 232.0, 1, 9, 1, 0.0, 2, 0.6712679571966662
18, 233.0, 0, 9, 0, 0.0, 2, 0.4929588223513264
18, 234.0, 0, 9, 0, 0.0, 2, 0.4309941986882615
18, 235.0, 0, 8, 1, 0.0, 1, 0.2942683982808578
18, 236.0, 0, 8, 0, 0.0, 1, 0.3972129234753492
18, 237.0, 1, 6, 2, 0.0, 1, 0.27629636140875036
18, 238.0, 0, 4, 2, 0.0, 1, 0.13639754161873618
18, 239.0, 0, 2, 2, 0.0, 1, 0.07893635136747434
18, 240.0, 1, 2, 0, 0.0, 1, 0.1686120062268177
18, 241.0, 0, 2, 0, 0.0, 1, 0.03330975449435947
18, 242.0, 1, 2, 0, 0.0, 1, 0.17064102806650183
18, 243.0, 0, 2, 0, 0.0, 1, 0.11110970685035682
18, 244.0, 0, 1, 1, 0.0, 1, 0.003202357788357091
18, 245.0, 1, 1, 0, 0.0, 1, 0.046133079691088597
18, 246.0, 1, 0, 1, 0, 0, 0
19, 1.0, 0, 2, 0, 0.0, 0, 0.0
19, 2.0, 1, 3, 0, 0.0, 0, 1.0814256854756554
19, 3.0, 1, 5, 0, 0.0, 0, 1.2559462905827157
19, 4.0, 1, 7, 0, 0.0, 0, 1.2603760180273869
19, 5.0, 0, 9, 0, 0.0, 0, 1.356365191048412
19, 6.0, 0, 9, 0, 0.0, 0, 1.2083235416804996
19, 7.0, 0, 10, 0, 0.0, 0, 1.0113279673831101
19, 8.0, 0, 11, 0, 0.0, 0, 1.129802691208996
19, 9.0, 1, 12, 0, 0.0, 0, 1.3450565739990277
19, 10.0, 0, 15, 0, 0.0, 0, 1.8246967174981639
19, 11.0, 0, 16, 0, 0.0, 0, 2.7549470487738192
19, 12.0, 1, 18, 0, 0.0, 0, 2.940871327034432
19, 13.0, 0, 18, 0, 0.0, 0, 2.768681570560472
19, 14.0, 0, 20, 0, 0.0, 0, 2.736627344267118
19, 15.0, 1, 22, 0, 0.0, 1, 3.6375901613616
19, 16.0, 1, 23, 0, 1.0, 1, 5.039746553834578
19, 17.0, 1, 23, 0, 3.0, 1, 5.832949327835218
19, 18.0, 1, 25, 0, 5.0, 1, 6.070708652226642
19, 19.0, 1, 25, 0, 9.0, 1, 7.8713113989336225
19, 20.0, 1, 27, 0, 13.0, 1, 7.282312339182788
19, 21.0, 0, 28, 0, 5.0, 2, 8.657951234521759
19, 22.0, 1, 28, 0, 6.0, 3, 8.789127042227245
19, 23.0, 0, 30, 0, 7.0, 3, 8.715886695848525
19, 24.0, 1, 31, 0, 8.0, 4, 8.84366056383249
19, 25.0, 1, 33, 0, 11.0, 4, 9.277296896325964
19, 26.0, 1, 36, 0, 14.0, 4, 11.200711474225619
19, 27.0, 1, 38, 0, 19.0, 4, 13.006495998057293
19, 28.0, 1, 40, 0, 25.0, 4, 12.980227255282314
19, 29.0, 1, 41, 0, 32.0, 4, 14.224838043789836
19, 30.0, 0, 41, 0, 20.0, 4, 14.521110226459108
19, 31.0, 0, 46, 0, 22.0, 4, 14.196218069696451
19, 32.0, 0, 47, 1, 28.0, 4, 14.589447612265293
19, 33.0, 1, 46, 1, 31.0, 5, 14.04659638123671
19, 34.0, 1, 47, 0, 37.0, 5, 13.660887441107095
19, 35.0, 0, 48, 0, 9.0, 7, 15.202610772940984
19, 36.0, 1, 48, 1, 11.0, 7, 13.649856982654715
19, 37.0, 0, 47, 2, 7.0, 7, 12.780564037806517
19, 38.0, 1, 47, 1, 2.0, 6, 12.961270393425373
19, 39.0, 0, 49, 0, 0.0, 6, 12.31298084875178
19, 40.0, 1, 53, 0, 1.0, 9, 13.15218404767331
19, 41.0, 0, 50, 3, 0.0, 8, 12.478000322525158
19, 42.0, 1, 52, 0, 0.0, 9, 12.250249412600386
19, 43.0, 1, 54, 1, 1.0, 9, 12.391721477012664
19, 44.0, 0, 56, 0, 2.0, 10, 13.406565693097367
19, 45.0, 0, 56, 0, 5.0, 10, 13.897827293567971
19, 46.0, 1, 57, 0, 6.0, 10, 11.355662164096376
19, 47.0, 0, 60, 0, 8.0, 10, 11.127370240689345
19, 48.0, 0, 60, 1, 10.0, 10, 13.196253627544438
19, 49.0, 1, 55, 5, 14.0, 11, 12.911709189166343
19, 50.0, 0, 56, 1, 16.0, 11, 12.52497438986088
19, 51.0, 0, 58, 1, 16.0, 11, 11.860065678631303
19, 52.0, 1, 58, 1, 18.0, 12, 12.988459773790584
19, 53.0, 0, 56, 3, 20.0, 11, 12.655224419155243
19, 54.0, 1, 56, 2, 22.0, 12, 11.976600683307078
19, 55.0, 1, 54, 2, 24.0, 12, 14.123902698434788
19, 56.0, 0, 55, 1, 27.0, 12, 13.774082289413727
19, 57.0, 0, 52, 4, 32.0, 11, 14.889847741144877
19, 58.0, 0, 51, 1, 40.0, 10, 15.532892155399985
19, 59.0, 1, 49, 3, 43.0, 9, 14.361137268268873
19, 60.0, 1, 48, 2, 46.0, 9, 15.13830953239548
19, 61.0, 1, 50, 0, 10.0, 9, 15.650645057469232
19, 62.0, 0, 51, 2, 16.0, 8, 16.318430650862393
19, 63.0, 1, 50, 2, 22.0, 8, 16.410136653893026
19, 64.0, 1, 52, 0, 29.0, 8, 16.285134991170892
19, 65.0, 1, 50, 2, 36.0, 8, 16.559581466711446
19, 66.0, 1, 50, 2, 37.0, 8, 15.590459020241502
19, 67.0, 1, 48, 2, 37.0, 7, 16.172786134574643
19, 68.0, 1, 49, 0, 43.0, 7, 14.803570295324022
19, 69.0, 1, 47, 2, 41.0, 6, 14.48665405254891
19, 70.0, 1, 47, 0, 48.0, 6, 15.408841754816397
19, 71.0, 1, 47, 1, 45.0, 5, 13.984852356487536
19, 72.0, 1, 49, 0, 53.0, 5, 14.084472795164633
19, 73.0, 0, 50, 1, 28.0, 5, 13.923021631108568
19, 74.0, 0, 50, 0, 30.0, 5, 14.79629184975076
19, 75.0, 0, 51, 2, 32.0, 3, 14.912430933812967
19, 76.0, 0, 53, 1, 34.0, 3, 14.175270751267686
19, 77.0, 0, 51, 3, 38.0, 3, 14.752235406350525
19, 78.0, 1, 47, 4, 38.0, 1, 13.557479770091287
19, 79.0, 0, 47, 1, 42.0, 1, 13.088465475595395
19, 80.0, 0, 46, 2, 46.0, 1, 12.340426422198169
19, 81.0, 1, 46, 1, 47.0, 1, 11.575689167275035
19, 82.0, 0, 48, 1, 51.0, 1, 11.114135740829534
19, 83.0, 1, 47, 2, 28.0, 1, 12.355611846756434
19, 84.0, 0, 46, 1, 34.0, 0, 13.020749462556498
19, 85.0, 1, 49, 0, 38.0, 0, 12.824331970355429
19, 86.0, 1, 47, 2, 36.0, 0, 11.87680738964823
19, 87.0, 1, 46, 1, 33.0, 0, 11.588209861369156
19, 88.0, 0, 46, 2, 33.0, 2, 12.344949984067046
19, 89.0, 0, 45, 1, 2.0, 2, 12.741931530209415
19, 90.0, 1, 47, 0, 0.0, 2, 12.484262745593771
19, 91.0, 0, 46, 3, 1.0, 4, 12.104607273581996
19, 92.0, 1, 47, 0, 0.0, 4, 12.711001344388011
19, 93.0, 1, 48, 0, 1.0, 4, 11.235724133428178
19, 94.0, 1, 48, 2, 3.0, 4, 11.437249108687917
19, 95.0, 1, 47, 1, 8.0, 4, 11.530266114252642
19, 96.0, 0, 47, 1, 8.0, 6, 10.771122649329655
19, 97.0, 0, 45, 3, 1.0, 7, 10.776848670872115
19, 98.0, 1, 46, 1, 0.0, 7, 9.275700023171616
19, 99.0, 0, 49, 0, 0.0, 7, 10.29171166476908
19, 100.0, 1, 50, 1, 0.0, 7, 10.680474465879014
19, 101.0, 0, 49, 2, 0.0, 7, 9.585832230088755
19, 102.0, 1, 48, 2, 0.0, 7, 9.18655836080944
19, 103.0, 1, 51, 1, 0.0, 7, 9.520808072777251
19, 104.0, 1, 51, 1, 0.0, 7, 10.699957096924866
19, 105.0, 0, 50, 2, 1.0, 7, 10.811323680336164
19, 106.0, 1, 46, 5, 3.0, 8, 10.456107408651752
19, 107.0, 1, 45, 1, 2.0, 8, 10.14145061979903
19, 108.0, 0, 44, 2, 0.0, 7, 9.567919811147918
19, 109.0, 1, 44, 0, 1.0, 8, 8.935504860879028
19, 110.0, 1, 45, 1, 2.0, 8, 9.74848394079847
19, 111.0, 1, 42, 3, 5.0, 6, 10.6749219490107
19, 112.0, 0, 40, 2, 6.0, 7, 10.968816650331245
19, 113.0, 1, 42, 0, 10.0, 8, 11.266195312221429
19, 114.0, 0, 42, 1, 7.0, 9, 12.277317262737204
19, 115.0, 1, 42, 1, 10.0, 8, 12.545792932586071
19, 116.0, 0, 43, 3, 12.0, 6, 13.111590246704445
19, 117.0, 1, 44, 0, 14.0, 8, 13.77173943561492
19, 118.0, 1, 45, 1, 19.0, 8, 12.669338720161836
19, 119.0, 0, 45, 1, 17.0, 7, 11.899386327699276
19, 120.0, 0, 46, 1, 19.0, 7, 10.739890128154844
19, 121.0, 1, 49, 0, 21.0, 7, 10.476662709319905
19, 122.0, 0, 50, 2, 23.0, 7, 11.189055307737165
19, 123.0, 1, 51, 2, 26.0, 7, 11.496575603589429
19, 124.0, 0, 49, 3, 28.0, 8, 11.90264243121798
19, 125.0, 1, 49, 1, 31.0, 9, 10.781827915293732
19, 126.0, 0, 48, 1, 34.0, 9, 10.921482889873158
19, 127.0, 0, 49, 0, 37.0, 9, 10.516996009765831
19, 128.0, 1, 50, 0, 5.0, 9, 9.284467216925242
19, 129.0, 0, 53, 0, 6.0, 10, 10.604716242959396
19, 130.0, 1, 49, 5, 0.0, 6, 12.063184010950135
19, 131.0, 0, 50, 0, 1.0, 6, 12.462346455499642
19, 132.0, 0, 50, 1, 5.0, 6, 12.914560241443999
19, 133.0, 1, 48, 2, 6.0, 7, 13.171895703165577
19, 134.0, 0, 48, 2, 9.0, 9, 12.242472893942315
19, 135.0, 1, 49, 2, 8.0, 11, 14.611738437194104
19, 136.0, 1, 49, 1, 11.0, 11, 16.835749470390688
19, 137.0, 0, 49, 0, 8.0, 11, 15.562363486083092
19, 138.0, 1, 51, 0, 13.0, 11, 15.25285175140596
19, 139.0, 1, 51, 0, 19.0, 11, 16.25343618962517
19, 140.0, 0, 50, 3, 25.0, 10, 16.456820212225537
19, 141.0, 0, 52, 1, 31.0, 9, 18.067650483489892
19, 142.0, 1, 51, 2, 31.0, 8, 17.638846281444803
19, 143.0, 0, 51, 1, 29.0, 9, 17.714913387584296
19, 144.0, 1, 50, 1, 34.0, 9, 17.08151193036872
19, 145.0, 0, 51, 0, 40.0, 9, 17.208307889456687
19, 146.0, 0, 50, 2, 45.0, 9, 17.86767940329071
19, 147.0, 0, 49, 2, 54.0, 8, 17.7872898211551
19, 148.0, 0, 48, 1, 65.0, 8, 17.30799696204459
19, 149.0, 0, 47, 2, 66.0, 8, 16.771052383475634
19, 150.0, 1, 47, 1, 55.0, 8, 15.996134741329955
19, 151.0, 0, 49, 1, 41.0, 8, 15.191931872447547
19, 152.0, 0, 47, 2, 39.0, 8, 15.206385228353872
19, 153.0, 1, 46, 2, 43.0, 8, 13.923115272119338
19, 154.0, 0, 46, 1, 48.0, 9, 13.577690862896462
19, 155.0, 0, 48, 0, 43.0, 9, 13.855567261380447
19, 156.0, 0, 48, 2, 49.0, 9, 14.329393592513474
19, 157.0, 0, 47, 1, 50.0, 8, 13.543730145232702
19, 158.0, 1, 48, 1, 48.0, 7, 13.683679393996293
19, 159.0, 0, 49, 1, 51.0, 8, 12.99530356411833
19, 160.0, 0, 50, 0, 56.0, 8, 13.490945869895809
19, 161.0, 0, 50, 0, 59.0, 8, 13.950255622868056
19, 162.0, 0, 48, 3, 63.0, 6, 13.232133647840419
19, 163.0, 1, 47, 2, 37.0, 5, 11.772785447335899
19, 164.0, 0, 49, 0, 39.0, 5, 10.879937422375269
19, 165.0, 0, 47, 2, 42.0, 5, 11.15005302724495
19, 166.0, 1, 48, 2, 46.0, 7, 11.906300006063972
19, 167.0, 0, 46, 2, 33.0, 6, 11.362489469787729
19, 168.0, 1, 47, 2, 35.0, 7, 11.45161639693536
19, 169.0, 1, 46, 2, 35.0, 7, 11.276257260206561
19, 170.0, 0, 45, 2, 36.0, 8, 10.515723997436957
19, 171.0, 0, 47, 1, 39.0, 8, 10.303033932302155
19, 172.0, 1, 48, 0, 38.0, 8, 10.92312393091728
19, 173.0, 0, 51, 0, 40.0, 8, 10.772405846020632
19, 174.0, 0, 52, 2, 42.0, 7, 11.725306891659015
19, 175.0, 0, 54, 2, 45.0, 7, 11.299873969745882
19, 176.0, 0, 55, 0, 2.0, 7, 11.197722810172687
19, 177.0, 1, 52, 3, 0.0, 7, 9.472730831497495
19, 178.0, 1, 52, 2, 0.0, 8, 10.177682150609996
19, 179.0, 1, 51, 1, 2.0, 7, 12.078281857503029
19, 180.0, 1, 49, 2, 5.0, 6, 12.923075565195214
19, 181.0, 0, 50, 0, 3.0, 8, 13.774719737029203
19, 182.0, 1, 49, 2, 8.0, 9, 13.404691901376632
19, 183.0, 1, 48, 1, 14.0, 9, 13.968309042821321
19, 184.0, 0, 47, 1, 12.0, 10, 14.681489794959592
19, 185.0, 0, 46, 2, 15.0, 9, 15.315280343076559
19, 186.0, 1, 50, 1, 13.0, 11, 15.882730086378238
19, 187.0, 1, 49, 3, 18.0, 12, 19.27083776725467
19, 188.0, 0, 50, 0, 21.0, 14, 20.92400545023803
19, 189.0, 1, 51, 1, 7.0, 13, 17.17241157854001
19, 190.0, 1, 51, 2, 8.0, 12, 16.344335472755027
19, 191.0, 1, 51, 2, 9.0, 11, 16.40557923451806
19, 192.0, 0, 52, 1, 1.0, 12, 16.18306526821572
19, 193.0, 1, 55, 0, 3.0, 12, 13.830038538302142
19, 194.0, 0, 55, 0, 5.0, 13, 13.58625343281414
19, 195.0, 1, 56, 1, 4.0, 12, 11.776203367389394
19, 196.0, 0, 57, 0, 6.0, 12, 10.554306508826619
19, 197.0, 0, 56, 1, 3.0, 12, 9.534765322608637
19, 198.0, 1, 57, 1, 3.0, 11, 9.14759380863834
19, 199.0, 0, 57, 1, 1.0, 12, 9.885764788479031
19, 200.0, 1, 57, 1, 1.0, 12, 10.785827869906557
19, 201.0, 0, 55, 2, 2.0, 13, 11.565570633908155
19, 202.0, 0, 53, 2, 4.0, 13, 12.540883824495717
19, 203.0, 1, 50, 3, 5.0, 11, 11.941511798875434
19, 204.0, 1, 48, 2, 5.0, 9, 11.539584079460926
19, 205.0, 0, 46, 2, 8.0, 9, 12.912704600052498
19, 206.0, 0, 39, 7, 12.0, 5, 13.94441092366677
19, 207.0, 1, 37, 2, 12.0, 6, 14.225546660954606
19, 208.0, 1, 36, 1, 19.0, 5, 15.138275635734267
19, 209.0, 0, 36, 0, 22.0, 6, 15.86491756184411
19, 210.0, 1, 33, 3, 31.0, 6, 16.553178901256196
19, 211.0, 1, 33, 0, 36.0, 6, 16.942397909856982
19, 212.0, 1, 31, 2, 46.0, 6, 17.661560300838993
19, 213.0, 1, 31, 0, 56.0, 6, 18.494095662487982
19, 214.0, 1, 29, 2, 67.0, 5, 18.6936781028323
19, 215.0, 1, 28, 1, 80.0, 5, 18.27022453607728
19, 216.0, 1, 28, 0, 93.0, 5, 17.529533005602147
19, 217.0, 0, 28, 0, 94.0, 5, 17.271414620050006
19, 218.0, 0, 27, 1, 101.0, 5, 16.663078476256842
19, 219.0, 1, 26, 1, 99.0, 5, 15.105976280399705
19, 220.0, 1, 26, 0, 93.0, 5, 13.866877530111987
19, 221.0, 1, 26, 0, 86.0, 5, 14.002191286171463
19, 222.0, 1, 24, 2, 68.0, 5, 12.460683613950735
19, 223.0, 0, 23, 1, 10.0, 4, 11.253258816612652
19, 224.0, 1, 23, 0, 3.0, 4, 10.921957148214297
19, 225.0, 1, 22, 1, 5.0, 4, 8.632910967232334
19, 226.0, 1, 22, 0, 7.0, 4, 7.5736663431037385
19, 227.0, 1, 22, 0, 5.0, 4, 6.7395789503437165
19, 228.0, 1, 20, 2, 6.0, 4, 5.8727039893399935
19, 229.0, 0, 19, 1, 7.0, 4, 5.284783612994289
19, 230.0, 1, 18, 1, 8.0, 3, 4.126158810507269
19, 231.0, 0, 18, 0, 9.0, 3, 3.26280183673036
19, 232.0, 0, 17, 1, 10.0, 3, 3.4930110062703656
19, 233.0, 0, 17, 0, 11.0, 3, 3.640345360101554
19, 234.0, 0, 17, 0, 13.0, 3, 3.5249784905605788
19, 235.0, 0, 17, 0, 15.0, 3, 3.1431538602817737
19, 236.0, 0, 14, 3, 3.0, 3, 2.8169252009950565
19, 237.0, 0, 12, 2, 4.0, 3, 2.497313527188231
19, 238.0, 0, 11, 1, 5.0, 3, 1.9331665724853817
19, 239.0, 0, 10, 1, 6.0, 3, 2.0628565433635426
19, 240.0, 1, 9, 1, 0.0, 3, 1.387771547314177
19, 241.0, 0, 9, 0, 0.0, 3, 1.0797760413484898
19, 242.0, 0, 7, 2, 0.0, 2, 0.8035917006240929
19, 243.0, 1, 7, 0, 0.0, 2, 1.0802205614963665
19, 244.0, 1, 5, 2, 0.0, 1, 0.6262539275063972
19, 245.0, 0, 5, 0, 0.0, 1, 0.5582106504171342
19, 246.0, 1, 3, 2, 0.0, 0, 0.2660251323139242
19, 247.0, 0, 3, 0, 0.0, 0, 0.2509588450694977
19, 248.0, 1, 2, 1, 0.0, 0, 0.11243350796213747
19, 249.0, 1, 2, 0, 0.0, 0, 0.027366918822238517
19, 250.0, 1, 2, 0, 0.0, 0, 0.08930349020196005
19, 251.0, 0, 1, 1, 0.0, 0, 0.012477176777061061
19, 252.0, 0, 1, 0, 0.0, 0, 0.06470544770302311
19, 253.0, 1, 1, 0, 0.0, 0, 0.014581359890300405
19, 254.0, 1, 1, 0, 0.0, 0, 0.04527186650588888
19, 255.0, 1, 1, 0, 0.0, 0, 0.05537625879054531
19, 256.0, 0, 1, 0, 0.0, 0, 0.08405007965045286
19, 257.0, 1, 1, 0, 0.0, 0, 0.024184411901828184
19, 258.0, 0, 0, 1, 0, 0, 0
20, 1.0, 0, 2, 0, 0.0, 0, 0.0
20, 2.0, 1, 3, 0, 0.0, 0, 1.0814256854756554
20, 3.0, 1, 5, 0, 0.0, 0, 1.2559462905827157
20, 4.0, 0, 7, 0, 0.0, 0, 1.2603760180273869
20, 5.0, 1, 9, 0, 0.0, 0, 1.356365191048412
20, 6.0, 1, 9, 0, 0.0, 0, 1.287337457469642
20, 7.0, 0, 10, 0, 0.0, 0, 0.9556235514719723
20, 8.0, 1, 11, 0, 0.0, 0, 1.168230593310705
20, 9.0, 0, 12, 0, 0.0, 0, 1.3211245838572987
20, 10.0, 0, 15, 0, 0.0, 0, 1.7843620203597017
20, 11.0, 0, 16, 0, 0.0, 0, 2.911643108908468
20, 12.0, 1, 18, 0, 0.0, 0, 2.772993127955704
20, 13.0, 0, 18, 0, 0.0, 0, 2.6211088417839665
20, 14.0, 1, 20, 0, 0.0, 0, 2.3415162392661757
20, 15.0, 0, 22, 0, 0.0, 3, 4.115898884103636
20, 16.0, 0, 23, 0, 1.0, 3, 5.208198325776383
20, 17.0, 0, 23, 0, 4.0, 3, 4.957988952113837
20, 18.0, 1, 25, 0, 0.0, 3, 4.373295945285168
20, 19.0, 1, 25, 0, 0.0, 3, 6.070128583420831
20, 20.0, 1, 27, 0, 0.0, 3, 6.031767812890885
20, 21.0, 1, 28, 0, 1.0, 3, 8.321678544233174
20, 22.0, 1, 28, 0, 3.0, 3, 8.473734342506289
20, 23.0, 1, 30, 0, 6.0, 3, 7.6641695364612215
20, 24.0, 1, 31, 0, 10.0, 3, 8.953702825421399
20, 25.0, 1, 33, 0, 11.0, 3, 8.958581417031702
20, 26.0, 0, 36, 0, 1.0, 3, 10.025240757358967
20, 27.0, 1, 38, 0, 1.0, 3, 10.42835303448926
20, 28.0, 1, 40, 0, 4.0, 3, 10.68478927980599
20, 29.0, 0, 41, 0, 2.0, 4, 10.852874604349083
20, 30.0, 1, 41, 0, 1.0, 4, 9.828990763199162
20, 31.0, 0, 46, 0, 1.0, 5, 9.5066291480164
20, 32.0, 0, 48, 0, 1.0, 5, 8.92978313869826
20, 33.0, 0, 45, 3, 2.0, 5, 8.385596853193901
20, 34.0, 1, 46, 0, 0.0, 5, 7.755614996680708
20, 35.0, 1, 47, 0, 0.0, 5, 6.626471319962482
20, 36.0, 1, 47, 1, 1.0, 5, 6.444516526084491
20, 37.0, 0, 46, 2, 0.0, 4, 7.1592322110955005
20, 38.0, 1, 47, 0, 0.0, 5, 7.6649582770078455
20, 39.0, 1, 49, 0, 1.0, 5, 8.38985761235025
20, 40.0, 1, 53, 0, 3.0, 5, 10.325497857771007
20, 41.0, 1, 50, 3, 5.0, 4, 11.149217658048158
20, 42.0, 0, 52, 0, 0.0, 5, 10.05642356190581
20, 43.0, 0, 54, 1, 1.0, 5, 10.902786891495614
20, 44.0, 1, 51, 5, 0.0, 4, 9.86413548019607
20, 45.0, 1, 50, 1, 0.0, 4, 10.162149297467119
20, 46.0, 1, 50, 1, 0.0, 4, 9.216483828916594
20, 47.0, 1, 52, 1, 0.0, 4, 9.12732429461008
20, 48.0, 1, 52, 1, 2.0, 4, 10.870941832084895
20, 49.0, 1, 50, 2, 5.0, 4, 10.774905265335773
20, 50.0, 0, 50, 2, 0.0, 3, 8.498966072519105
20, 51.0, 1, 51, 2, 0.0, 3, 8.343763967250053
20, 52.0, 0, 50, 2, 0.0, 3, 8.784178075980767
20, 53.0, 1, 51, 0, 0.0, 4, 9.376739700512406
20, 54.0, 0, 52, 1, 1.0, 6, 9.563143050161056
20, 55.0, 1, 50, 2, 2.0, 8, 10.793806837229154
20, 56.0, 1, 52, 0, 1.0, 8, 11.601797268149006
20, 57.0, 0, 50, 3, 1.0, 8, 10.88327902394197
20, 58.0, 0, 48, 2, 2.0, 8, 10.67847733137351
20, 59.0, 1, 46, 3, 4.0, 7, 10.100572235272947
20, 60.0, 1, 45, 2, 3.0, 6, 10.856312908738065
20, 61.0, 0, 44, 3, 5.0, 6, 12.282105756526638
20, 62.0, 0, 47, 0, 9.0, 6, 12.674812786843823
20, 63.0, 1, 47, 1, 11.0, 7, 12.471076484488945
20, 64.0, 1, 48, 1, 12.0, 8, 13.724993676411398
20, 65.0, 0, 47, 1, 7.0, 9, 15.410025058348614
20, 66.0, 0, 48, 1, 9.0, 9, 15.235055996819552
20, 67.0, 0, 47, 1, 12.0, 9, 15.666860380942417
20, 68.0, 0, 46, 2, 18.0, 7, 14.991121214098165
20, 69.0, 1, 45, 1, 4.0, 7, 14.243089783854117
20, 70.0, 0, 45, 0, 7.0, 8, 13.821394510628668
20, 71.0, 1, 43, 3, 6.0, 7, 12.616306465976352
20, 72.0, 0, 44, 1, 7.0, 7, 12.374375336074731
20, 73.0, 1, 45, 1, 10.0, 7, 12.119806282741296
20, 74.0, 0, 45, 0, 15.0, 9, 14.669219356290586
20, 75.0, 0, 46, 2, 13.0, 9, 14.161745763132824
20, 76.0, 0, 48, 1, 18.0, 9, 13.731634200868434
20, 77.0, 1, 48, 1, 15.0, 9, 13.806692437428142
20, 78.0, 1, 47, 1, 18.0, 9, 13.7462052465073
20, 79.0, 1, 45, 3, 24.0, 8, 13.296587288265435
20, 80.0, 1, 46, 0, 30.0, 8, 13.267054124354042
20, 81.0, 0, 46, 1, 35.0, 8, 12.688302414757615
20, 82.0, 0, 49, 0, 42.0, 8, 11.662089723968458
20, 83.0, 0, 50, 0, 49.0, 8, 12.355197995961536
20, 84.0, 0, 50, 0, 57.0, 8, 12.94140334240742
20, 85.0, 1, 49, 4, 61.0, 7, 12.518258619855738
20, 86.0, 1, 47, 2, 55.0, 6, 12.341118056979495
20, 87.0, 1, 45, 2, 31.0, 6, 12.515096110128377
20, 88.0, 1, 46, 1, 37.0, 5, 12.617479620274455
20, 89.0, 1, 46, 0, 41.0, 5, 14.35014029843542
20, 90.0, 1, 46, 2, 34.0, 4, 14.94441106919942
20, 91.0, 0, 46, 2, 24.0, 5, 15.678508313393818
20, 92.0, 0, 45, 2, 14.0, 4, 15.491223656435777
20, 93.0, 1, 44, 2, 13.0, 3, 13.84190640715416
20, 94.0, 1, 46, 0, 15.0, 3, 13.725436034577118
20, 95.0, 1, 45, 1, 18.0, 3, 14.320310619004893
20, 96.0, 1, 44, 2, 20.0, 2, 13.010518873440608
20, 97.0, 0, 44, 1, 9.0, 2, 13.848667500222033
20, 98.0, 0, 46, 0, 2.0, 2, 13.346176983605739
20, 99.0, 1, 48, 1, 3.0, 2, 13.548126707849239
20, 100.0, 0, 48, 2, 5.0, 1, 13.196650353317443
20, 101.0, 1, 49, 0, 5.0, 1, 12.878966544594627
20, 102.0, 0, 50, 0, 6.0, 1, 13.962567480171307
20, 103.0, 0, 53, 1, 9.0, 1, 14.953965389306996
20, 104.0, 0, 53, 1, 12.0, 1, 16.278544384847308
20, 105.0, 1, 51, 2, 3.0, 2, 16.036913758016166
20, 106.0, 1, 51, 2, 6.0, 2, 14.644785284012814
20, 107.0, 1, 50, 1, 10.0, 2, 14.44447503363158
20, 108.0, 1, 49, 2, 10.0, 2, 12.286228052131648
20, 109.0, 0, 48, 1, 3.0, 2, 11.639771320429668
20, 110.0, 0, 49, 1, 0.0, 2, 11.444165769580302
20, 111.0, 1, 47, 2, 0.0, 3, 11.734761126484605
20, 112.0, 1, 42, 5, 1.0, 3, 11.743395572911133
20, 113.0, 0, 43, 1, 0.0, 4, 12.07911161387484
20, 114.0, 0, 43, 1, 1.0, 4, 14.3720213737672
20, 115.0, 0, 44, 0, 7.0, 4, 15.352377869875816
20, 116.0, 0, 47, 1, 14.0, 4, 15.203053673658225
20, 117.0, 1, 48, 0, 11.0, 4, 15.403376769936823
20, 118.0, 0, 49, 1, 15.0, 5, 14.702376331096078
20, 119.0, 0, 50, 0, 16.0, 5, 14.270947457810857
20, 120.0, 1, 51, 1, 15.0, 5, 12.922657451752109
20, 121.0, 0, 51, 3, 21.0, 5, 12.817065338511194
20, 122.0, 1, 53, 1, 19.0, 5, 14.133722762909033
20, 123.0, 1, 54, 2, 19.0, 5, 14.04654499206557
20, 124.0, 1, 53, 2, 23.0, 3, 14.379555462706552
20, 125.0, 1, 52, 2, 16.0, 3, 14.400926478252376
20, 126.0, 1, 52, 0, 21.0, 3, 13.451963942446419
20, 127.0, 1, 52, 1, 26.0, 3, 13.45105852359818
20, 128.0, 1, 50, 3, 30.0, 3, 13.853624297538948
20, 129.0, 1, 53, 0, 35.0, 3, 14.821732401637648
20, 130.0, 1, 52, 2, 43.0, 3, 17.004260961201933
20, 131.0, 0, 53, 0, 43.0, 3, 16.39387470088315
20, 132.0, 0, 52, 2, 50.0, 3, 17.510819040168645
20, 133.0, 1, 51, 1, 38.0, 3, 18.111883970754274
20, 134.0, 1, 52, 1, 44.0, 3, 18.618209101142476
20, 135.0, 0, 52, 3, 29.0, 3, 18.167711679463345
20, 136.0, 1, 52, 1, 28.0, 4, 17.512156188517416
20, 137.0, 1, 51, 1, 32.0, 4, 18.16247206393991
20, 138.0, 0, 51, 1, 36.0, 5, 17.291763557110468
20, 139.0, 1, 51, 1, 41.0, 5, 15.7695430930762
20, 140.0, 1, 53, 0, 48.0, 5, 15.246889030972152
20, 141.0, 1, 56, 0, 56.0, 5, 14.973303263916579
20, 142.0, 1, 57, 0, 35.0, 5, 15.839286742862658
20, 143.0, 0, 57, 1, 18.0, 6, 16.35463486430213
20, 144.0, 1, 56, 1, 20.0, 8, 15.85775016377052
20, 145.0, 0, 55, 2, 17.0, 7, 14.290675243235397
20, 146.0, 1, 55, 1, 19.0, 7, 13.746860902741298
20, 147.0, 0, 54, 2, 21.0, 6, 14.220440607239452
20, 148.0, 0, 53, 1, 23.0, 6, 14.496534718982714
20, 149.0, 0, 51, 3, 12.0, 6, 13.579316282405939
20, 150.0, 1, 52, 0, 0.0, 6, 12.949187100766522
20, 151.0, 1, 53, 2, 0.0, 6, 12.116596791299239
20, 152.0, 0, 49, 4, 1.0, 6, 12.02967082134145
20, 153.0, 0, 46, 4, 2.0, 6, 11.88674387841011
20, 154.0, 0, 45, 2, 5.0, 6, 12.93954635488351
20, 155.0, 0, 46, 1, 10.0, 6, 13.5621850891228
20, 156.0, 1, 47, 1, 7.0, 5, 13.033379011032853
20, 157.0, 0, 45, 2, 5.0, 5, 11.830356843265323
20, 158.0, 0, 46, 1, 4.0, 5, 12.232440796796386
20, 159.0, 0, 46, 2, 6.0, 5, 12.962064695748724
20, 160.0, 1, 46, 1, 3.0, 5, 11.480750359463652
20, 161.0, 1, 44, 2, 4.0, 4, 11.096774078616543
20, 162.0, 0, 43, 2, 0.0, 3, 10.87104214120421
20, 163.0, 1, 44, 0, 0.0, 4, 9.872254532543868
20, 164.0, 1, 45, 1, 1.0, 3, 11.066523022196478
20, 165.0, 0, 43, 2, 0.0, 3, 10.344320796185919
20, 166.0, 0, 46, 0, 0.0, 3, 10.091813752579291
20, 167.0, 1, 46, 0, 1.0, 3, 10.552669797118607
20, 168.0, 1, 47, 2, 2.0, 2, 10.604969967058395
20, 169.0, 0, 45, 3, 3.0, 2, 10.068083239479828
20, 170.0, 1, 46, 0, 4.0, 2, 8.434866236178198
20, 171.0, 1, 46, 2, 5.0, 2, 9.55715705516418
20, 172.0, 1, 47, 1, 0.0, 2, 10.57108817158633
20, 173.0, 1, 48, 2, 0.0, 2, 10.003635149781593
20, 174.0, 1, 50, 1, 1.0, 2, 9.774300731469694
20, 175.0, 0, 53, 1, 2.0, 5, 9.6094000401549
20, 176.0, 1, 53, 1, 0.0, 5, 8.30893179583495
20, 177.0, 0, 51, 2, 0.0, 5, 7.559045284068354
20, 178.0, 1, 51, 2, 0.0, 5, 6.957304761414351
20, 179.0, 0, 50, 1, 0.0, 5, 7.084294431466287
20, 180.0, 1, 49, 1, 1.0, 5, 7.744856862164376
20, 181.0, 0, 49, 1, 1.0, 5, 8.078760433172416
20, 182.0, 1, 48, 2, 1.0, 7, 9.163253060521454
20, 183.0, 0, 47, 1, 0.0, 7, 9.360286109728607
20, 184.0, 0, 43, 4, 0.0, 7, 9.335080465940184
20, 185.0, 1, 45, 0, 0.0, 8, 9.554384482106556
20, 186.0, 0, 46, 3, 1.0, 9, 11.33959928469053
20, 187.0, 1, 48, 0, 3.0, 12, 15.265387900374252
20, 188.0, 0, 48, 1, 5.0, 13, 15.423925893434733
20, 189.0, 1, 46, 4, 8.0, 14, 16.515683914961627
20, 190.0, 1, 45, 3, 9.0, 12, 17.46186213472924
20, 191.0, 1, 47, 0, 14.0, 12, 18.28069033386732
20, 192.0, 1, 48, 1, 19.0, 12, 17.73365260103657
20, 193.0, 1, 51, 0, 25.0, 12, 16.293678641234465
20, 194.0, 1, 51, 0, 30.0, 12, 16.26581644199761
20, 195.0, 1, 50, 3, 37.0, 11, 15.708524142266134
20, 196.0, 1, 51, 0, 44.0, 11, 14.476141479810021
20, 197.0, 1, 50, 1, 34.0, 11, 14.852046965139824
20, 198.0, 0, 50, 2, 27.0, 12, 14.101226779258162
20, 199.0, 1, 49, 2, 25.0, 10, 14.062298019674806
20, 200.0, 1, 50, 0, 28.0, 10, 13.708040423944153
20, 201.0, 0, 49, 1, 32.0, 10, 14.346126878751832
20, 202.0, 1, 48, 1, 8.0, 9, 14.164661882625946
20, 203.0, 0, 47, 1, 11.0, 9, 13.870539762861604
20, 204.0, 0, 46, 1, 16.0, 9, 13.618582480237466
20, 205.0, 0, 46, 0, 19.0, 9, 14.410885190852762
20, 206.0, 0, 44, 2, 26.0, 8, 15.37549130706907
20, 207.0, 1, 43, 1, 20.0, 9, 15.620125860793967
20, 208.0, 1, 42, 1, 23.0, 9, 15.729154453740817
20, 209.0, 1, 41, 1, 28.0, 9, 15.912951523547182
20, 210.0, 1, 40, 1, 33.0, 8, 16.56865801999774
20, 211.0, 0, 39, 1, 31.0, 8, 15.363359397274447
20, 212.0, 1, 36, 3, 36.0, 8, 14.535723363147198
20, 213.0, 1, 36, 0, 41.0, 8, 12.382674143031839
20, 214.0, 1, 33, 3, 46.0, 5, 11.888695025665383
20, 215.0, 1, 31, 2, 51.0, 5, 10.759251174456663
20, 216.0, 1, 30, 1, 57.0, 5, 10.371922133673575
20, 217.0, 0, 29, 1, 17.0, 5, 9.231859876607492
20, 218.0, 0, 29, 0, 0.0, 5, 8.078250424709989
20, 219.0, 0, 27, 2, 0.0, 4, 7.032332154304781
20, 220.0, 0, 26, 1, 0.0, 3, 6.030187854836516
20, 221.0, 0, 26, 0, 1.0, 3, 5.182077205401057
20, 222.0, 1, 26, 0, 1.0, 3, 4.5169554478183755
20, 223.0, 0, 24, 2, 0.0, 3, 3.360869201612928
20, 224.0, 0, 20, 4, 0.0, 3, 2.3699920229565254
20, 225.0, 1, 19, 1, 0.0, 3, 1.9596390551948826
20, 226.0, 1, 18, 1, 0.0, 3, 1.8160223925320684
20, 227.0, 1, 18, 0, 0.0, 3, 2.0425474522927978
20, 228.0, 1, 17, 1, 0.0, 3, 1.6767245932985837
20, 229.0, 0, 16, 1, 0.0, 3, 1.4178964105403722
20, 230.0, 1, 11, 5, 0.0, 3, 0.448151556642455
20, 231.0, 1, 10, 1, 0.0, 3, 0.43026796904514164
20, 232.0, 1, 10, 0, 0.0, 3, 0.40071496764980896
20, 233.0, 1, 10, 0, 0.0, 3, 0.3503920122297579
20, 234.0, 0, 8, 2, 0.0, 3, 0.3938175623496498
20, 235.0, 1, 6, 2, 0.0, 1, 0.25330532967410235
20, 236.0, 0, 5, 1, 0.0, 1, 0.2940795072282478
20, 237.0, 0, 4, 1, 0.0, 1, 0.1457620469815435
20, 238.0, 0, 2, 2, 0.0, 0, 0.04807374205127779
20, 239.0, 0, 2, 0, 0.0, 0, 0.06846973129387735
20, 240.0, 0, 1, 1, 0.0, 0, 0.003793822397106794
20, 241.0, 1, 1, 0, 0.0, 0, 0.04498944355866108
20, 242.0, 1, 0, 1, 0, 0, 0
21, 1.0, 1, 2, 0, 0.0, 0, 0.0
21, 2.0, 0, 3, 0, 0.0, 0, 1.0814256854756554
21, 3.0, 1, 5, 0, 0.0, 0, 1.2317430816274335
21, 4.0, 1, 7, 0, 0.0, 0, 1.2562929516962287
21, 5.0, 1, 9, 0, 0.0, 0, 1.3267641311373821
21, 6.0, 1, 9, 0, 0.0, 0, 1.1958048679358226
21, 7.0, 1, 10, 0, 0.0, 0, 0.8231502954305336
21, 8.0, 0, 11, 0, 0.0, 0, 1.0949618552544191
21, 9.0, 0, 12, 0, 0.0, 0, 1.613748799613663
21, 10.0, 0, 15, 0, 0.0, 0, 2.1519767132714427
21, 11.0, 0, 16, 0, 0.0, 0, 2.895102088409554
21, 12.0, 0, 18, 0, 0.0, 0, 3.04544383182529
21, 13.0, 0, 18, 0, 0.0, 0, 2.640063892572083
21, 14.0, 1, 20, 0, 0.0, 0, 2.420562583094217
21, 15.0, 0, 22, 0, 0.0, 2, 4.005111254713986
21, 16.0, 1, 23, 0, 0.0, 4, 4.575032386565001
21, 17.0, 1, 23, 0, 0.0, 4, 4.536486591870665
21, 18.0, 0, 25, 0, 0.0, 4, 4.881701164898932
21, 19.0, 1, 25, 0, 0.0, 4, 6.17542384068181
21, 20.0, 0, 27, 0, 2.0, 5, 7.2443723059205976
21, 21.0, 1, 27, 0, 4.0, 6, 8.585034453674004
21, 22.0, 0, 27, 0, 4.0, 6, 7.338228751738283
21, 23.0, 1, 30, 0, 4.0, 7, 7.993083628717311
21, 24.0, 1, 32, 0, 7.0, 7, 9.986403106461687
21, 25.0, 1, 33, 0, 11.0, 7, 11.195098501648143
21, 26.0, 1, 35, 0, 13.0, 7, 11.716239801160395
21, 27.0, 1, 38, 0, 14.0, 7, 11.197776687630208
21, 28.0, 1, 40, 0, 19.0, 7, 12.926805562851198
21, 29.0, 1, 41, 0, 15.0, 7, 14.00390823215881
21, 30.0, 1, 41, 0, 20.0, 7, 13.280322679367456
21, 31.0, 1, 46, 0, 21.0, 7, 12.95945808063124
21, 32.0, 1, 47, 1, 27.0, 6, 14.378779419891309
21, 33.0, 1, 45, 2, 33.0, 5, 13.675648223000682
21, 34.0, 0, 46, 0, 21.0, 6, 13.339291592001477
21, 35.0, 1, 46, 1, 26.0, 5, 10.846013357035138
21, 36.0, 1, 47, 0, 31.0, 5, 10.858425932094764
21, 37.0, 1, 48, 0, 36.0, 5, 12.866386567523833
21, 38.0, 1, 46, 3, 24.0, 3, 13.951151828119063
21, 39.0, 1, 47, 0, 16.0, 3, 15.479668182855407
21, 40.0, 1, 52, 0, 22.0, 3, 17.078655601167636
21, 41.0, 0, 51, 1, 17.0, 3, 18.04524699321733
21, 42.0, 1, 53, 0, 21.0, 3, 15.747867642765476
21, 43.0, 1, 56, 0, 25.0, 3, 15.735508892813337
21, 44.0, 0, 58, 0, 8.0, 4, 16.879199539055435
21, 45.0, 1, 57, 1, 10.0, 5, 15.129442774351238
21, 46.0, 1, 55, 3, 13.0, 5, 12.834605993777002
21, 47.0, 1, 58, 1, 16.0, 5, 12.670519467813218
21, 48.0, 0, 55, 3, 7.0, 4, 12.866945702755958
21, 49.0, 1, 53, 2, 9.0, 5, 11.220300451930845
21, 50.0, 1, 55, 0, 12.0, 5, 10.283684378905958
21, 51.0, 1, 58, 0, 15.0, 5, 10.896549239502484
21, 52.0, 0, 57, 2, 4.0, 6, 11.770555932182138
21, 53.0, 0, 57, 1, 3.0, 6, 12.690772172130902
21, 54.0, 1, 57, 2, 0.0, 8, 14.278627184045575
21, 55.0, 0, 54, 3, 0.0, 10, 14.393274353776928
21, 56.0, 1, 54, 2, 1.0, 11, 15.152311583775964
21, 57.0, 0, 54, 1, 3.0, 11, 15.28254873531297
21, 58.0, 0, 54, 0, 7.0, 11, 16.326658530250985
21, 59.0, 1, 53, 2, 7.0, 11, 15.71199626248923
21, 60.0, 0, 49, 5, 10.0, 12, 15.888455945279128
21, 61.0, 1, 50, 1, 5.0, 13, 16.0926477520122
21, 62.0, 1, 52, 1, 8.0, 13, 16.034492376751476
21, 63.0, 1, 52, 1, 11.0, 13, 17.127567438908684
21, 64.0, 1, 51, 3, 16.0, 12, 16.24009831601763
21, 65.0, 1, 50, 1, 11.0, 12, 15.920709620161396
21, 66.0, 0, 52, 0, 9.0, 13, 15.437977287217851
21, 67.0, 0, 50, 2, 11.0, 12, 15.71520109025001
21, 68.0, 0, 50, 1, 15.0, 12, 16.763256411225953
21, 69.0, 1, 49, 1, 7.0, 11, 17.100652830200612
21, 70.0, 0, 46, 3, 11.0, 10, 16.41919408098305
21, 71.0, 1, 46, 1, 16.0, 10, 17.338477372540886
21, 72.0, 1, 47, 1, 16.0, 9, 18.301020505355133
21, 73.0, 1, 47, 2, 11.0, 9, 18.946380253665147
21, 74.0, 0, 47, 0, 4.0, 9, 18.860491919240488
21, 75.0, 0, 51, 0, 8.0, 9, 18.103564428445733
21, 76.0, 1, 53, 0, 13.0, 10, 18.634188866180953
21, 77.0, 1, 53, 1, 19.0, 10, 17.201576071218234
21, 78.0, 1, 50, 3, 25.0, 10, 15.624268434915072
21, 79.0, 1, 50, 1, 31.0, 10, 14.44221287568088
21, 80.0, 1, 50, 1, 37.0, 10, 14.953300055351741
21, 81.0, 1, 50, 1, 43.0, 10, 15.754376676779431
21, 82.0, 1, 52, 1, 49.0, 10, 15.742551010360549
21, 83.0, 0, 52, 1, 39.0, 9, 15.913647299330165
21, 84.0, 0, 51, 1, 43.0, 8, 15.594157481779837
21, 85.0, 0, 52, 2, 48.0, 7, 15.935314018183018
21, 86.0, 1, 49, 3, 52.0, 8, 16.36019603278284
21, 87.0, 0, 47, 2, 58.0, 7, 16.844430692127073
21, 88.0, 0, 49, 0, 64.0, 7, 17.730900304093762
21, 89.0, 1, 49, 0, 69.0, 7, 19.069412778139217
21, 90.0, 1, 49, 2, 79.0, 7, 19.808514686861717
21, 91.0, 1, 50, 1, 89.0, 6, 21.678446598444374
21, 92.0, 0, 49, 2, 98.0, 6, 22.043757669700955
21, 93.0, 1, 50, 0, 104.0, 6, 21.142616278188477
21, 94.0, 1, 48, 4, 110.0, 5, 20.24275304154794
21, 95.0, 1, 48, 0, 93.0, 5, 20.895688566427694
21, 96.0, 1, 47, 2, 78.0, 3, 18.91599649467653
21, 97.0, 1, 47, 1, 82.0, 3, 18.387578166952487
21, 98.0, 0, 49, 0, 56.0, 4, 18.938426673396556
21, 99.0, 1, 52, 0, 40.0, 4, 17.81067452313969
21, 100.0, 0, 52, 2, 29.0, 4, 18.164782051712177
21, 101.0, 0, 53, 0, 20.0, 4, 18.473241961997566
21, 102.0, 0, 53, 0, 14.0, 4, 18.8462097062827
21, 103.0, 0, 58, 0, 13.0, 4, 19.326359442209835
21, 104.0, 0, 57, 1, 20.0, 4, 21.292557883305474
21, 105.0, 1, 58, 1, 7.0, 4, 21.11490479902097
21, 106.0, 1, 58, 1, 6.0, 4, 20.796350669958283
21, 107.0, 1, 55, 3, 6.0, 3, 20.645364713551295
21, 108.0, 1, 54, 2, 8.0, 3, 19.686691204002113
21, 109.0, 0, 54, 0, 4.0, 3, 17.67648741033819
21, 110.0, 0, 56, 0, 7.0, 3, 17.02510418832404
21, 111.0, 0, 52, 4, 10.0, 2, 17.968078379469727
21, 112.0, 0, 52, 0, 4.0, 2, 18.470501584674693
21, 113.0, 1, 51, 3, 2.0, 2, 17.169456667378494
21, 114.0, 0, 49, 3, 4.0, 3, 17.4736070824227
21, 115.0, 0, 50, 0, 8.0, 3, 17.916092225698865
21, 116.0, 0, 54, 0, 12.0, 3, 17.89089136303
21, 117.0, 1, 54, 1, 13.0, 4, 17.51104130246455
21, 118.0, 0, 55, 1, 17.0, 5, 16.408274892018316
21, 119.0, 1, 55, 1, 21.0, 5, 17.022669096843877
21, 120.0, 1, 57, 0, 27.0, 5, 15.531324010758677
21, 121.0, 1, 58, 2, 25.0, 4, 16.543228488487685
21, 122.0, 0, 59, 2, 21.0, 4, 16.86745680912121
21, 123.0, 1, 61, 1, 24.0, 4, 16.855842077216767
21, 124.0, 1, 57, 5, 30.0, 3, 16.892998883457274
21, 125.0, 1, 56, 2, 18.0, 3, 18.431892956916656
21, 126.0, 0, 55, 1, 20.0, 3, 18.52473066145513
21, 127.0, 1, 55, 1, 22.0, 4, 18.35183866731991
21, 128.0, 1, 56, 0, 29.0, 4, 18.464544006461683
21, 129.0, 1, 55, 3, 34.0, 4, 18.294178197463754
21, 130.0, 1, 57, 0, 41.0, 4, 17.495571243110202
21, 131.0, 1, 55, 3, 40.0, 4, 18.06978343113059
21, 132.0, 1, 56, 0, 47.0, 4, 17.636573690069252
21, 133.0, 1, 54, 2, 55.0, 3, 17.514323734933413
21, 134.0, 0, 54, 2, 55.0, 4, 17.70063161660719
21, 135.0, 1, 55, 2, 60.0, 5, 20.732945425160477
21, 136.0, 0, 56, 0, 15.0, 6, 22.999151508384116
21, 137.0, 1, 55, 1, 13.0, 6, 21.51822993536281
21, 138.0, 0, 56, 1, 20.0, 7, 20.72600149213172
21, 139.0, 1, 55, 1, 22.0, 7, 20.40460614481721
21, 140.0, 1, 57, 0, 28.0, 7, 18.701638560607584
21, 141.0, 1, 59, 1, 34.0, 7, 19.472362354643984
21, 142.0, 1, 59, 1, 41.0, 7, 19.880714005221847
21, 143.0, 1, 60, 0, 19.0, 7, 18.754206898105686
21, 144.0, 0, 58, 2, 20.0, 7, 17.563711450987235
21, 145.0, 1, 58, 1, 22.0, 8, 16.69908059137647
21, 146.0, 1, 58, 1, 16.0, 8, 15.90831643554365
21, 147.0, 0, 56, 3, 12.0, 8, 15.382419062808507
21, 148.0, 1, 55, 1, 14.0, 8, 13.619242742643362
21, 149.0, 0, 53, 3, 4.0, 7, 12.90151142622124
21, 150.0, 0, 53, 1, 6.0, 7, 12.652247523095257
21, 151.0, 1, 55, 1, 8.0, 7, 12.583304205452372
21, 152.0, 1, 50, 5, 3.0, 5, 12.752371583495986
21, 153.0, 0, 47, 4, 0.0, 4, 12.223961924622436
21, 154.0, 0, 46, 2, 1.0, 4, 10.997970231444752
21, 155.0, 0, 48, 0, 0.0, 4, 11.827594206309715
21, 156.0, 0, 48, 2, 1.0, 4, 11.42743518611991
21, 157.0, 1, 48, 0, 1.0, 5, 12.509313913657872
21, 158.0, 1, 48, 2, 1.0, 5, 12.443658216738823
21, 159.0, 0, 49, 1, 0.0, 5, 13.277011147921735
21, 160.0, 1, 49, 1, 1.0, 5, 11.924300893437024
21, 161.0, 1, 48, 1, 0.0, 5, 11.641794036556618
21, 162.0, 1, 46, 3, 0.0, 5, 10.909654657100598
21, 163.0, 1, 45, 2, 0.0, 4, 10.771977378881713
21, 164.0, 1, 44, 3, 0.0, 4, 11.430432364629985
21, 165.0, 1, 44, 0, 0.0, 4, 12.190689409327005
21, 166.0, 1, 46, 1, 2.0, 4, 12.012602053497767
21, 167.0, 1, 44, 2, 5.0, 3, 11.850996477981885
21, 168.0, 1, 46, 1, 10.0, 3, 11.294150080000517
21, 169.0, 0, 46, 1, 4.0, 5, 13.052937093810154
21, 170.0, 1, 43, 4, 3.0, 4, 11.977568938088018
21, 171.0, 1, 45, 1, 0.0, 4, 11.914042573174967
21, 172.0, 1, 46, 0, 1.0, 4, 13.844634890951166
21, 173.0, 0, 47, 2, 4.0, 4, 13.543569115866756
21, 174.0, 1, 50, 0, 7.0, 4, 12.958265064866445
21, 175.0, 1, 53, 1, 10.0, 4, 12.865345856717447
21, 176.0, 1, 51, 2, 13.0, 4, 14.051396169713112
21, 177.0, 1, 51, 1, 16.0, 4, 13.517858867672908
21, 178.0, 0, 52, 1, 14.0, 3, 12.378402904028912
21, 179.0, 1, 51, 1, 15.0, 5, 12.485721897421223
21, 180.0, 0, 51, 0, 1.0, 6, 11.793848993604641
21, 181.0, 0, 50, 2, 2.0, 6, 10.430397777633694
21, 182.0, 0, 50, 1, 4.0, 6, 10.132136876601642
21, 183.0, 1, 49, 1, 4.0, 6, 10.20697707342175
21, 184.0, 1, 49, 0, 5.0, 6, 10.181019831178645
21, 185.0, 0, 48, 3, 6.0, 6, 11.075113461541308
21, 186.0, 0, 52, 0, 9.0, 6, 14.14396007065535
21, 187.0, 0, 51, 2, 5.0, 6, 17.227895408919437
21, 188.0, 0, 53, 1, 5.0, 6, 17.04947269622589
21, 189.0, 1, 52, 2, 4.0, 6, 18.409242693684376
21, 190.0, 1, 53, 1, 7.0, 6, 18.81561682006814
21, 191.0, 1, 53, 2, 10.0, 6, 18.93446330781032
21, 192.0, 1, 54, 1, 14.0, 6, 16.67934143374957
21, 193.0, 0, 54, 3, 15.0, 7, 15.57474886161868
21, 194.0, 1, 53, 1, 17.0, 7, 15.381626135518172
21, 195.0, 1, 55, 0, 11.0, 7, 13.291868557177011
21, 196.0, 1, 55, 1, 13.0, 6, 12.860786951342668
21, 197.0, 1, 54, 1, 15.0, 5, 10.532549641078587
21, 198.0, 1, 53, 3, 7.0, 4, 10.139475939996482
21, 199.0, 1, 52, 2, 0.0, 4, 10.13854270366026
21, 200.0, 1, 53, 0, 0.0, 4, 10.284980417039227
21, 201.0, 1, 51, 2, 0.0, 3, 10.714864486943458
21, 202.0, 1, 48, 3, 1.0, 3, 10.067330193548248
21, 203.0, 1, 46, 2, 2.0, 1, 9.289135557417646
21, 204.0, 0, 46, 0, 0.0, 1, 8.623730928058281
21, 205.0, 0, 44, 2, 1.0, 1, 9.414387832017658
21, 206.0, 1, 44, 0, 1.0, 2, 10.921755250458059
21, 207.0, 0, 44, 0, 2.0, 3, 11.76492132915549
21, 208.0, 1, 42, 2, 2.0, 3, 10.821730803356484
21, 209.0, 0, 39, 3, 4.0, 3, 10.862558254344592
21, 210.0, 1, 38, 1, 2.0, 3, 11.10062678324181
21, 211.0, 1, 35, 3, 4.0, 3, 10.70527354345717
21, 212.0, 0, 34, 1, 4.0, 4, 11.334729899283715
21, 213.0, 0, 32, 2, 7.0, 4, 10.850345844102286
21, 214.0, 1, 32, 0, 9.0, 4, 10.016624874330427
21, 215.0, 0, 28, 4, 0.0, 3, 8.440731219496975
21, 216.0, 0, 27, 1, 0.0, 3, 8.812073485352022
21, 217.0, 0, 26, 1, 0.0, 3, 8.39905881088067
21, 218.0, 0, 25, 1, 1.0, 3, 7.962620221964643
21, 219.0, 0, 25, 0, 3.0, 3, 7.435317773633542
21, 220.0, 0, 20, 5, 5.0, 3, 6.9918150820049
21, 221.0, 0, 20, 0, 7.0, 3, 6.69979250917409
21, 222.0, 0, 19, 1, 10.0, 3, 6.737537138048945
21, 223.0, 1, 17, 2, 2.0, 3, 5.764138808654397
21, 224.0, 0, 16, 1, 1.0, 3, 4.964050847616944
21, 225.0, 0, 13, 3, 2.0, 3, 4.451052426486753
21, 226.0, 0, 12, 1, 3.0, 3, 4.296224334257662
21, 227.0, 1, 12, 0, 0.0, 3, 3.065153959077616
21, 228.0, 1, 11, 1, 0.0, 3, 2.6313691231342258
21, 229.0, 1, 11, 0, 0.0, 3, 2.663084621260868
21, 230.0, 0, 10, 1, 0.0, 3, 2.1336255418380894
21, 231.0, 0, 8, 2, 0.0, 1, 1.5380407638859825
21, 232.0, 1, 8, 0, 0.0, 1, 0.9972721025552413
21, 233.0, 0, 8, 0, 0.0, 1, 0.981332489864494
21, 234.0, 0, 8, 0, 0.0, 1, 0.7242315358655098
21, 235.0, 1, 7, 1, 0.0, 1, 0.3568818957251114
21, 236.0, 1, 7, 0, 0.0, 1, 0.289230267195423
21, 237.0, 0, 7, 0, 0.0, 1, 0.4108356626835885
21, 238.0, 0, 6, 1, 0.0, 1, 0.28554930960740066
21, 239.0, 1, 5, 1, 0.0, 1, 0.18524453584780076
21, 240.0, 0, 5, 0, 0.0, 1, 0.31961931376761754
21, 241.0, 1, 4, 1, 0.0, 1, 0.14296794097868215
21, 242.0, 0, 4, 0, 0.0, 1, 0.21770662003410735
21, 243.0, 1, 3, 1, 0.0, 0, 0.1780923499971614
21, 244.0, 1, 2, 1, 0.0, 0, 0.08519629678009366
21, 245.0, 1, 2, 0, 0.0, 0, 0.07267804685130841
21, 246.0, 1, 2, 0, 0.0, 0, 0.09960107329567691
21, 247.0, 1, 2, 0, 0.0, 0, 0.1018640947755074
21, 248.0, 1, 1, 1, 0.0, 0, 0.0138451062964009
21, 249.0, 1, 1, 0, 0.0, 0, 0.06447583223640763
21, 250.0, 0, 0, 1, 0, 0, 0
22, 1.0, 0, 2, 0, 0.0, 0, 0.0
22, 2.0, 1, 3, 0, 0.0, 0, 1.0814256854756554
22, 3.0, 1, 5, 0, 0.0, 0, 1.2559462905827157
22, 4.0, 0, 7, 0, 0.0, 0, 1.2603760180273869
22, 5.0, 1, 9, 0, 0.0, 0, 1.356365191048412
22, 6.0, 1, 9, 0, 0.0, 0, 1.287337457469642
22, 7.0, 0, 10, 0, 0.0, 0, 0.9556235514719723
22, 8.0, 0, 11, 0, 0.0, 0, 1.168230593310705
22, 9.0, 1, 12, 0, 0.0, 0, 1.3211245838572987
22, 10.0, 0, 15, 0, 0.0, 0, 1.8521160770279796
22, 11.0, 0, 16, 0, 0.0, 0, 2.9419051546901827
22, 12.0, 0, 18, 0, 0.0, 0, 2.9383818211151675
22, 13.0, 0, 18, 0, 0.0, 0, 2.668472236361216
22, 14.0, 1, 20, 0, 0.0, 0, 2.355969334585047
22, 15.0, 1, 22, 0, 0.0, 0, 3.53860742809937
22, 16.0, 1, 23, 0, 0.0, 0, 5.034761108242401
22, 17.0, 1, 23, 0, 2.0, 0, 5.688998715882288
22, 18.0, 1, 25, 0, 4.0, 0, 5.522955916225588
22, 19.0, 0, 25, 0, 0.0, 0, 6.697191761305648
22, 20.0, 1, 27, 0, 0.0, 1, 6.170333220290434
22, 21.0, 1, 28, 0, 1.0, 1, 8.05732901820762
22, 22.0, 1, 28, 0, 2.0, 1, 9.077259766703659
22, 23.0, 1, 30, 0, 4.0, 1, 8.474487445864524
22, 24.0, 1, 31, 0, 7.0, 1, 8.964284981985962
22, 25.0, 0, 33, 0, 4.0, 1, 9.096096205534506
22, 26.0, 1, 36, 0, 6.0, 1, 11.241598534895642
22, 27.0, 1, 38, 0, 7.0, 1, 12.084781922225545
22, 28.0, 0, 40, 0, 4.0, 1, 12.239994833076938
22, 29.0, 1, 41, 0, 3.0, 1, 11.699192298724425
22, 30.0, 1, 41, 0, 4.0, 1, 10.769981365180449
22, 31.0, 1, 45, 1, 5.0, 1, 8.893534059081944
22, 32.0, 1, 46, 1, 6.0, 1, 9.081102588450035
22, 33.0, 1, 46, 0, 7.0, 1, 9.56888622281108
22, 34.0, 1, 47, 0, 0.0, 1, 9.668994006358773
22, 35.0, 0, 48, 0, 1.0, 4, 11.370988375512015
22, 36.0, 1, 49, 0, 0.0, 4, 9.947303348542594
22, 37.0, 1, 49, 1, 0.0, 4, 9.78912531183382
22, 38.0, 0, 47, 3, 0.0, 4, 9.483165371706265
22, 39.0, 1, 46, 2, 0.0, 5, 9.960501862847282
22, 40.0, 1, 49, 2, 1.0, 5, 9.685831610020827
22, 41.0, 0, 48, 1, 0.0, 4, 11.73812660168755
22, 42.0, 1, 50, 0, 0.0, 5, 10.673210032786544
22, 43.0, 1, 53, 0, 0.0, 5, 11.39531582691347
22, 44.0, 0, 53, 1, 1.0, 5, 13.880921639421276
22, 45.0, 1, 52, 2, 1.0, 5, 13.864093239721733
22, 46.0, 1, 51, 2, 3.0, 5, 11.925935655619849
22, 47.0, 0, 54, 1, 0.0, 5, 12.947688345443833
22, 48.0, 1, 53, 1, 0.0, 5, 13.108998711984555
22, 49.0, 1, 51, 2, 0.0, 4, 11.843748445202868
22, 50.0, 1, 53, 0, 3.0, 4, 10.334939827245709
22, 51.0, 1, 56, 0, 4.0, 4, 10.279022013377373
22, 52.0, 0, 55, 2, 0.0, 5, 12.044092183210694
22, 53.0, 0, 54, 2, 1.0, 4, 11.75493481515531
22, 54.0, 0, 53, 3, 2.0, 4, 13.402839858524256
22, 55.0, 1, 52, 1, 0.0, 5, 15.18599827978719
22, 56.0, 1, 52, 2, 1.0, 4, 13.880872571631985
22, 57.0, 0, 49, 4, 1.0, 2, 13.001359967092577
22, 58.0, 0, 49, 0, 2.0, 2, 12.37417757264148
22, 59.0, 1, 48, 2, 1.0, 2, 11.250653137804047
22, 60.0, 1, 47, 2, 2.0, 2, 11.703912328524034
22, 61.0, 0, 49, 0, 3.0, 4, 12.709392750223296
22, 62.0, 0, 51, 1, 6.0, 4, 13.353274990202857
22, 63.0, 1, 50, 2, 7.0, 4, 13.511907432760873
22, 64.0, 1, 51, 1, 4.0, 4, 13.094737798361102
22, 65.0, 1, 51, 0, 8.0, 5, 14.43638068550933
22, 66.0, 0, 51, 2, 0.0, 5, 14.284516461225781
22, 67.0, 0, 50, 1, 2.0, 5, 13.75727823211403
22, 68.0, 0, 50, 1, 4.0, 5, 12.366997258127356
22, 69.0, 1, 47, 3, 3.0, 5, 11.307924606058648
22, 70.0, 1, 47, 0, 4.0, 5, 11.271585086441906
22, 71.0, 1, 47, 1, 2.0, 5, 11.218326105007614
22, 72.0, 0, 46, 3, 4.0, 5, 11.820043545598974
22, 73.0, 1, 47, 1, 6.0, 5, 12.467704458490195
22, 74.0, 1, 46, 1, 9.0, 5, 12.535519124102521
22, 75.0, 1, 46, 3, 12.0, 5, 12.797019984491381
22, 76.0, 0, 49, 0, 16.0, 6, 14.500025931617285
22, 77.0, 0, 49, 1, 16.0, 6, 16.17702764888616
22, 78.0, 0, 48, 1, 20.0, 5, 15.380972876831
22, 79.0, 0, 46, 3, 18.0, 4, 15.223288054237013
22, 80.0, 0, 45, 2, 13.0, 4, 14.775447704898573
22, 81.0, 0, 45, 1, 19.0, 3, 14.683980441175956
22, 82.0, 1, 47, 1, 8.0, 3, 14.75369643458761
22, 83.0, 0, 47, 1, 8.0, 3, 14.585814907899433
22, 84.0, 1, 45, 2, 12.0, 2, 14.646794118857345
22, 85.0, 0, 47, 1, 14.0, 3, 15.198093447744977
22, 86.0, 1, 44, 3, 18.0, 4, 15.85700210986516
22, 87.0, 1, 43, 1, 20.0, 4, 16.3083925312242
22, 88.0, 1, 43, 2, 21.0, 4, 16.235123673267548
22, 89.0, 1, 43, 0, 29.0, 4, 16.507623049128284
22, 90.0, 1, 44, 1, 29.0, 4, 15.976982348998318
22, 91.0, 1, 46, 0, 31.0, 4, 17.308594147071183
22, 92.0, 0, 46, 1, 22.0, 4, 16.6231165709244
22, 93.0, 1, 47, 0, 21.0, 4, 14.90756408545113
22, 94.0, 1, 47, 2, 21.0, 4, 15.255468658992784
22, 95.0, 0, 47, 0, 9.0, 6, 17.339956492464275
22, 96.0, 1, 46, 2, 9.0, 7, 16.094012380294078
22, 97.0, 0, 47, 0, 4.0, 7, 15.052754955927478
22, 98.0, 1, 48, 1, 7.0, 6, 14.125305646747963
22, 99.0, 0, 52, 0, 11.0, 6, 14.660728284535153
22, 100.0, 0, 53, 0, 17.0, 6, 14.577322190268804
22, 101.0, 0, 52, 2, 23.0, 6, 14.054626900056086
22, 102.0, 1, 52, 1, 14.0, 7, 13.543737153187868
22, 103.0, 0, 55, 1, 12.0, 7, 12.437301480318705
22, 104.0, 0, 55, 1, 10.0, 7, 14.628936859605961
22, 105.0, 1, 53, 2, 9.0, 7, 13.49355719406336
22, 106.0, 1, 55, 0, 9.0, 7, 14.199450294516625
22, 107.0, 1, 53, 2, 9.0, 7, 13.783080066594746
22, 108.0, 1, 53, 1, 7.0, 7, 13.532076118692164
22, 109.0, 0, 53, 0, 4.0, 7, 13.322385399355293
22, 110.0, 0, 52, 3, 5.0, 7, 12.510569407556353
22, 111.0, 1, 49, 3, 6.0, 7, 13.783846061619016
22, 112.0, 0, 44, 5, 9.0, 8, 14.348476339061023
22, 113.0, 1, 45, 1, 2.0, 7, 12.57613637039761
22, 114.0, 1, 44, 2, 5.0, 5, 15.466619789589435
22, 115.0, 0, 44, 1, 6.0, 5, 16.668993343603656
22, 116.0, 0, 46, 2, 11.0, 5, 16.59769118742568
22, 117.0, 1, 45, 2, 15.0, 6, 17.780814392280316
22, 118.0, 1, 47, 0, 20.0, 6, 17.311520832057127
22, 119.0, 1, 47, 1, 17.0, 6, 16.47582408372789
22, 120.0, 1, 48, 1, 19.0, 6, 14.689038344791117
22, 121.0, 0, 51, 0, 14.0, 6, 15.153966202817827
22, 122.0, 0, 53, 1, 18.0, 6, 15.313312595118992
22, 123.0, 1, 56, 0, 22.0, 7, 14.638717271906605
22, 124.0, 0, 54, 3, 26.0, 8, 15.766841201783294
22, 125.0, 0, 53, 1, 17.0, 8, 16.505994394743574
22, 126.0, 1, 54, 0, 17.0, 8, 15.301566679858231
22, 127.0, 1, 52, 3, 20.0, 7, 15.974746184479015
22, 128.0, 1, 51, 2, 21.0, 6, 16.484892808263186
22, 129.0, 1, 54, 0, 24.0, 6, 15.968438828014147
22, 130.0, 0, 53, 1, 31.0, 7, 18.691871592173545
22, 131.0, 1, 54, 1, 38.0, 7, 18.303841871532693
22, 132.0, 0, 53, 2, 9.0, 7, 17.695893282429303
22, 133.0, 1, 53, 0, 8.0, 8, 19.251152569342853
22, 134.0, 0, 54, 1, 10.0, 8, 18.482870552258163
22, 135.0, 0, 56, 1, 13.0, 8, 18.84830275342465
22, 136.0, 0, 55, 1, 18.0, 8, 20.90902392589638
22, 137.0, 0, 54, 2, 24.0, 8, 20.19844208393944
22, 138.0, 1, 55, 1, 24.0, 8, 18.770581143421428
22, 139.0, 1, 54, 1, 23.0, 8, 18.241468438489502
22, 140.0, 1, 56, 0, 28.0, 8, 19.072238943210085
22, 141.0, 1, 58, 1, 34.0, 8, 18.445390797171676
22, 142.0, 1, 58, 1, 27.0, 8, 19.190484448242888
22, 143.0, 0, 58, 1, 30.0, 9, 18.560420352466878
22, 144.0, 1, 56, 2, 35.0, 9, 17.166911875184834
22, 145.0, 0, 57, 0, 11.0, 9, 15.930129959658359
22, 146.0, 1, 57, 1, 12.0, 9, 15.381194127185287
22, 147.0, 1, 56, 2, 14.0, 8, 12.519402227239935
22, 148.0, 1, 53, 3, 16.0, 6, 12.510094345666586
22, 149.0, 0, 51, 3, 16.0, 5, 11.840717743604207
22, 150.0, 1, 52, 0, 0.0, 6, 10.335766522899174
22, 151.0, 0, 52, 3, 1.0, 6, 10.119914247664342
22, 152.0, 1, 50, 2, 3.0, 5, 10.246869529962664
22, 153.0, 1, 48, 3, 2.0, 5, 9.26291334443351
22, 154.0, 0, 48, 1, 0.0, 5, 8.519813882711073
22, 155.0, 0, 49, 1, 2.0, 6, 8.883522026363673
22, 156.0, 0, 49, 2, 3.0, 6, 9.653611623886977
22, 157.0, 0, 49, 0, 5.0, 6, 10.565665816233055
22, 158.0, 0, 49, 2, 8.0, 5, 8.990587651692824
22, 159.0, 0, 49, 2, 11.0, 4, 9.356193028198742
22, 160.0, 0, 47, 3, 14.0, 4, 9.780827852151354
22, 161.0, 0, 45, 2, 18.0, 4, 9.473269692157286
22, 162.0, 1, 43, 3, 9.0, 3, 8.710120949273092
22, 163.0, 1, 43, 1, 0.0, 3, 8.92496763429716
22, 164.0, 1, 42, 3, 1.0, 3, 10.223996226202122
22, 165.0, 1, 39, 3, 3.0, 2, 10.334147775970488
22, 166.0, 1, 41, 1, 6.0, 2, 10.583734622155994
22, 167.0, 1, 40, 1, 7.0, 2, 10.74232142604801
22, 168.0, 0, 43, 0, 0.0, 4, 10.070008831874185
22, 169.0, 1, 40, 4, 0.0, 4, 9.884469765054536
22, 170.0, 1, 41, 0, 0.0, 4, 10.995208027919011
22, 171.0, 1, 42, 2, 1.0, 3, 11.46657533428181
22, 172.0, 0, 43, 0, 4.0, 3, 12.722624383331365
22, 173.0, 1, 45, 1, 7.0, 3, 11.142886072688906
22, 174.0, 0, 48, 0, 12.0, 3, 10.93500938464379
22, 175.0, 0, 51, 1, 15.0, 3, 11.137530586583583
22, 176.0, 1, 48, 3, 19.0, 4, 11.636098784681808
22, 177.0, 1, 49, 0, 17.0, 4, 10.650905810215288
22, 178.0, 0, 50, 1, 12.0, 4, 10.529745656780285
22, 179.0, 0, 49, 1, 8.0, 4, 11.040726192838742
22, 180.0, 1, 49, 0, 9.0, 4, 10.195081970942292
22, 181.0, 0, 48, 2, 1.0, 3, 9.511753747649074
22, 182.0, 1, 49, 0, 1.0, 3, 9.223997016694362
22, 183.0, 1, 48, 1, 3.0, 3, 9.952998201342828
22, 184.0, 0, 45, 3, 5.0, 3, 10.475597393955434
22, 185.0, 0, 46, 1, 3.0, 3, 10.594576261505313
22, 186.0, 0, 49, 1, 6.0, 3, 13.004655780340348
22, 187.0, 0, 49, 1, 11.0, 3, 15.76614550705319
22, 188.0, 1, 50, 2, 8.0, 3, 16.357906774783686
22, 189.0, 1, 51, 0, 11.0, 3, 18.445158642275587
22, 190.0, 1, 52, 1, 10.0, 3, 18.83140824713987
22, 191.0, 1, 53, 1, 18.0, 3, 17.595627125635477
22, 192.0, 1, 53, 2, 23.0, 3, 16.344173028879883
22, 193.0, 0, 53, 3, 16.0, 3, 17.008512284708118
22, 194.0, 1, 52, 1, 15.0, 3, 14.645967934560247
22, 195.0, 0, 53, 1, 18.0, 3, 13.356536130645642
22, 196.0, 0, 53, 1, 15.0, 3, 13.773489832336136
22, 197.0, 0, 52, 1, 10.0, 3, 12.696399902243508
22, 198.0, 1, 54, 0, 13.0, 3, 11.543319234050333
22, 199.0, 0, 53, 2, 16.0, 3, 10.862899610555925
22, 200.0, 1, 51, 3, 10.0, 3, 11.486499448753968
22, 201.0, 1, 49, 2, 13.0, 3, 10.961098576544574
22, 202.0, 1, 48, 1, 18.0, 3, 11.285924574075558
22, 203.0, 0, 46, 2, 1.0, 5, 10.97427507846948
22, 204.0, 1, 46, 0, 0.0, 6, 9.180608791122923
22, 205.0, 1, 46, 0, 0.0, 6, 9.083547167907833
22, 206.0, 0, 44, 2, 0.0, 6, 10.085919046765488
22, 207.0, 0, 42, 2, 1.0, 6, 11.013699924822493
22, 208.0, 0, 40, 2, 4.0, 6, 10.711876275585517
22, 209.0, 1, 40, 0, 0.0, 6, 9.533105275550106
22, 210.0, 0, 39, 1, 0.0, 6, 9.034748970518468
22, 211.0, 0, 37, 2, 0.0, 6, 9.984722626372763
22, 212.0, 0, 34, 3, 2.0, 5, 10.151720246815314
22, 213.0, 1, 32, 2, 4.0, 5, 9.95319199198398
22, 214.0, 0, 30, 2, 8.0, 6, 9.756902630720063
22, 215.0, 0, 29, 1, 12.0, 6, 8.812209767567913
22, 216.0, 0, 29, 0, 12.0, 6, 8.480705382978279
22, 217.0, 0, 28, 1, 8.0, 6, 7.601944460237966
22, 218.0, 0, 27, 1, 11.0, 5, 6.874682522503471
22, 219.0, 0, 24, 3, 14.0, 4, 6.0414251829642245
22, 220.0, 0, 22, 2, 17.0, 4, 5.326969254696312
22, 221.0, 0, 19, 3, 20.0, 3, 4.693478286190785
22, 222.0, 1, 19, 0, 0.0, 3, 3.5758799343683436
22, 223.0, 0, 19, 0, 0.0, 3, 2.7742663815636326
22, 224.0, 1, 17, 2, 0.0, 1, 2.3650047449013614
22, 225.0, 1, 14, 3, 0.0, 1, 1.560375026110846
22, 226.0, 0, 13, 1, 0.0, 1, 1.2871788003410303
22, 227.0, 0, 13, 0, 0.0, 1, 1.313323208395302
22, 228.0, 0, 12, 1, 0.0, 1, 0.7580545023959817
22, 229.0, 0, 11, 1, 0.0, 1, 0.717997247418166
22, 230.0, 0, 11, 0, 0.0, 1, 1.063282899403371
22, 231.0, 0, 9, 2, 0.0, 1, 0.8282572973139422
22, 232.0, 0, 7, 2, 0.0, 1, 0.7288121771115197
22, 233.0, 0, 6, 1, 0.0, 1, 0.5430780150449248
22, 234.0, 0, 5, 1, 0.0, 1, 0.3053469096342809
22, 235.0, 0, 5, 0, 0.0, 1, 0.3169742769241015
22, 236.0, 0, 5, 0, 0.0, 1, 0.29135561505278673
22, 237.0, 1, 5, 0, 0.0, 1, 0.23937434266400182
22, 238.0, 1, 3, 2, 0.0, 0, 0.18112412112463971
22, 239.0, 0, 3, 0, 0.0, 0, 0.12422462892856245
22, 240.0, 0, 0, 3, 0, 0, 0
23, 1.0, 0, 2, 0, 0.0, 0, 0.0
23, 2.0, 0, 3, 0, 0.0, 0, 1.0814256854756554
23, 3.0, 1, 5, 0, 0.0, 0, 1.2559462905827157
23, 4.0, 0, 7, 0, 0.0, 0, 1.2603760180273869
23, 5.0, 0, 9, 0, 0.0, 0, 1.356365191048412
23, 6.0, 0, 9, 0, 0.0, 0, 1.287337457469642
23, 7.0, 0, 10, 0, 0.0, 0, 0.9556235514719723
23, 8.0, 0, 11, 0, 0.0, 0, 1.168230593310705
23, 9.0, 0, 12, 0, 0.0, 0, 1.3211245838572987
23, 10.0, 0, 15, 0, 0.0, 0, 1.87574121140802
23, 11.0, 0, 16, 0, 0.0, 0, 2.915579636707669
23, 12.0, 0, 18, 0, 0.0, 0, 2.9377218912341223
23, 13.0, 1, 18, 0, 0.0, 0, 2.603603802247269
23, 14.0, 1, 20, 0, 0.0, 0, 2.276997265863175
23, 15.0, 0, 22, 0, 0.0, 3, 4.02335700095899
23, 16.0, 1, 23, 0, 0.0, 5, 5.022561595720182
23, 17.0, 0, 23, 0, 0.0, 5, 5.195452238718428
23, 18.0, 0, 25, 0, 1.0, 5, 5.551867238343065
23, 19.0, 1, 25, 0, 3.0, 5, 6.589245067607757
23, 20.0, 0, 27, 0, 6.0, 7, 7.9200496326891985
23, 21.0, 0, 27, 0, 10.0, 7, 9.205834938085246
23, 22.0, 1, 27, 0, 10.0, 8, 9.153478371166802
23, 23.0, 1, 30, 0, 13.0, 8, 8.661126486656777
23, 24.0, 0, 32, 0, 14.0, 9, 10.349213457279813
23, 25.0, 1, 33, 0, 17.0, 10, 11.260887935454454
23, 26.0, 1, 35, 0, 20.0, 10, 11.514879332385588
23, 27.0, 1, 38, 0, 20.0, 10, 10.866996585155878
23, 28.0, 0, 40, 0, 13.0, 11, 13.611192220359701
23, 29.0, 1, 41, 0, 18.0, 11, 14.079110464587087
23, 30.0, 0, 41, 0, 22.0, 13, 13.546431065967859
23, 31.0, 1, 46, 0, 8.0, 13, 12.75544322522846
23, 32.0, 1, 48, 0, 12.0, 13, 13.53473028829257
23, 33.0, 1, 46, 2, 16.0, 12, 12.552030790474136
23, 34.0, 1, 47, 0, 20.0, 12, 11.675527137413297
23, 35.0, 0, 48, 0, 24.0, 14, 11.405700169138576
23, 36.0, 1, 48, 1, 19.0, 14, 10.122520467978957
23, 37.0, 0, 48, 1, 13.0, 15, 12.339955096968652
23, 38.0, 1, 48, 1, 9.0, 15, 12.8429277614298
23, 39.0, 1, 46, 3, 3.0, 13, 13.006280457846183
23, 40.0, 1, 50, 1, 3.0, 13, 13.146621586000213
23, 41.0, 1, 50, 0, 6.0, 13, 14.191104064895697
23, 42.0, 1, 52, 0, 10.0, 13, 13.431217099650821
23, 43.0, 1, 55, 0, 12.0, 13, 13.449435901501017
23, 44.0, 1, 57, 0, 16.0, 13, 14.673675489360015
23, 45.0, 0, 55, 2, 1.0, 12, 13.274966057946815
23, 46.0, 1, 55, 1, 0.0, 11, 11.844118316239175
23, 47.0, 1, 57, 2, 0.0, 9, 11.024290105634694
23, 48.0, 1, 57, 0, 1.0, 9, 12.073511025711415
23, 49.0, 1, 54, 3, 2.0, 6, 10.27789640165182
23, 50.0, 0, 54, 2, 0.0, 7, 8.339248762972014
23, 51.0, 0, 57, 0, 0.0, 7, 7.5726680263081825
23, 52.0, 0, 58, 0, 1.0, 7, 9.469149080449332
23, 53.0, 0, 58, 1, 2.0, 7, 9.923925695232331
23, 54.0, 1, 57, 3, 1.0, 8, 10.815438119157099
23, 55.0, 1, 54, 3, 3.0, 8, 11.294003395731096
23, 56.0, 1, 53, 3, 5.0, 6, 11.252092173562083
23, 57.0, 1, 54, 0, 7.0, 6, 11.624797234974343
23, 58.0, 1, 52, 2, 10.0, 6, 11.877562189336723
23, 59.0, 0, 51, 2, 0.0, 7, 11.306798379782753
23, 60.0, 1, 49, 3, 0.0, 7, 10.084104288251261
23, 61.0, 1, 47, 4, 0.0, 6, 9.572487454532343
23, 62.0, 1, 48, 2, 1.0, 5, 10.886838156118532
23, 63.0, 1, 47, 2, 4.0, 5, 10.864627577426695
23, 64.0, 1, 47, 2, 5.0, 4, 10.441145087640052
23, 65.0, 1, 45, 2, 7.0, 4, 10.917486585921552
23, 66.0, 0, 47, 0, 1.0, 6, 10.40209291024811
23, 67.0, 1, 46, 1, 0.0, 6, 10.522959232590331
23, 68.0, 0, 46, 1, 1.0, 6, 9.542294573102533
23, 69.0, 0, 46, 0, 4.0, 6, 9.381349876756422
23, 70.0, 0, 45, 1, 8.0, 6, 9.09284742662344
23, 71.0, 1, 45, 1, 8.0, 6, 9.514772466518542
23, 72.0, 1, 46, 1, 5.0, 6, 10.353684759787132
23, 73.0, 1, 46, 2, 3.0, 5, 11.50771068296918
23, 74.0, 1, 44, 2, 6.0, 5, 10.95159728767011
23, 75.0, 0, 45, 3, 5.0, 3, 11.074969116906122
23, 76.0, 0, 45, 2, 8.0, 3, 11.994469285760701
23, 77.0, 0, 46, 0, 11.0, 3, 12.255162305612268
23, 78.0, 1, 45, 1, 9.0, 3, 11.941303508338372
23, 79.0, 0, 43, 3, 8.0, 4, 11.427628689145713
23, 80.0, 1, 43, 1, 5.0, 5, 11.915024612199407
23, 81.0, 0, 44, 0, 4.0, 6, 12.091889415700907
23, 82.0, 1, 44, 3, 7.0, 5, 12.515521928897062
23, 83.0, 0, 45, 0, 12.0, 5, 13.727692140997162
23, 84.0, 1, 43, 2, 15.0, 5, 14.627151871323994
23, 85.0, 0, 46, 0, 21.0, 5, 14.254307946599122
23, 86.0, 0, 42, 4, 21.0, 5, 14.659730371711282
23, 87.0, 0, 40, 2, 29.0, 5, 14.33919659528314
23, 88.0, 1, 41, 1, 34.0, 5, 14.287281414051042
23, 89.0, 0, 41, 0, 40.0, 8, 17.012577015404666
23, 90.0, 1, 42, 1, 35.0, 8, 16.780231306433034
23, 91.0, 1, 44, 0, 30.0, 9, 18.04663609231877
23, 92.0, 0, 44, 1, 26.0, 8, 18.486134254505174
23, 93.0, 1, 43, 2, 26.0, 8, 17.382270423763483
23, 94.0, 1, 45, 0, 25.0, 8, 16.845221501475486
23, 95.0, 1, 45, 0, 23.0, 8, 16.199336598384303
23, 96.0, 0, 45, 1, 16.0, 10, 13.903393024882376
23, 97.0, 1, 45, 1, 12.0, 9, 13.102882898774757
23, 98.0, 0, 47, 0, 8.0, 9, 14.71149021560134
23, 99.0, 0, 51, 0, 4.0, 9, 16.674058811775524
23, 100.0, 0, 52, 0, 5.0, 9, 17.74363902466875
23, 101.0, 1, 52, 1, 5.0, 8, 16.937622655676005
23, 102.0, 0, 53, 0, 8.0, 8, 17.085016974897368
23, 103.0, 0, 54, 3, 13.0, 8, 17.40520430438423
23, 104.0, 1, 55, 0, 16.0, 10, 17.459818852651477
23, 105.0, 1, 55, 0, 8.0, 10, 17.147046044306418
23, 106.0, 0, 54, 3, 10.0, 10, 16.650528818288645
23, 107.0, 1, 54, 0, 9.0, 11, 14.842132815046904
23, 108.0, 1, 52, 3, 0.0, 9, 15.217269324503514
23, 109.0, 1, 50, 2, 2.0, 9, 14.295826162127312
23, 110.0, 0, 49, 3, 0.0, 8, 13.324506351941876
23, 111.0, 1, 46, 3, 2.0, 7, 14.127886334295955
23, 112.0, 0, 46, 0, 6.0, 8, 15.004183122778711
23, 113.0, 0, 47, 1, 9.0, 8, 14.236387115183923
23, 114.0, 1, 47, 1, 9.0, 7, 14.574005695763798
23, 115.0, 1, 47, 1, 12.0, 6, 15.279325861341905
23, 116.0, 1, 50, 1, 16.0, 6, 15.63175484311874
23, 117.0, 1, 50, 1, 13.0, 6, 16.627224286190526
23, 118.0, 0, 51, 1, 16.0, 7, 16.146553651021193
23, 119.0, 1, 51, 1, 20.0, 7, 14.381999451066804
23, 120.0, 1, 51, 2, 25.0, 6, 14.32131868275239
23, 121.0, 1, 52, 2, 16.0, 5, 13.550931594090148
23, 122.0, 0, 54, 1, 10.0, 6, 13.762936319399904
23, 123.0, 1, 56, 1, 11.0, 6, 14.403603254172069
23, 124.0, 0, 55, 2, 3.0, 6, 13.305612588344385
23, 125.0, 1, 54, 1, 4.0, 6, 12.431377291857
23, 126.0, 1, 54, 1, 6.0, 6, 11.207985645166968
23, 127.0, 1, 54, 1, 8.0, 6, 11.544842118338805
23, 128.0, 0, 53, 2, 12.0, 7, 12.957214460532468
23, 129.0, 1, 55, 1, 14.0, 7, 13.75519850554931
23, 130.0, 1, 54, 1, 21.0, 7, 14.74986958518758
23, 131.0, 0, 53, 3, 20.0, 7, 14.117181928787133
23, 132.0, 0, 53, 1, 25.0, 6, 15.704545968432686
23, 133.0, 1, 52, 1, 32.0, 6, 16.291542389879403
23, 134.0, 1, 53, 1, 41.0, 6, 17.150048723307627
23, 135.0, 1, 54, 2, 44.0, 6, 19.27853416952742
23, 136.0, 1, 50, 4, 53.0, 5, 21.118645911018415
23, 137.0, 0, 50, 1, 16.0, 4, 19.944545017042014
23, 138.0, 1, 52, 0, 16.0, 4, 16.351035111325903
23, 139.0, 1, 52, 0, 19.0, 4, 16.299227445374626
23, 140.0, 1, 53, 1, 23.0, 4, 15.890887348100248
23, 141.0, 0, 55, 1, 26.0, 4, 16.424531629836903
23, 142.0, 1, 53, 3, 19.0, 4, 14.9814048903372
23, 143.0, 1, 53, 1, 6.0, 4, 14.500935592636832
23, 144.0, 1, 53, 0, 8.0, 4, 13.367166226297144
23, 145.0, 0, 53, 1, 10.0, 5, 12.07894698539073
23, 146.0, 1, 52, 2, 12.0, 5, 11.073617292378854
23, 147.0, 1, 53, 0, 14.0, 5, 8.749929136493305
23, 148.0, 1, 51, 2, 16.0, 5, 8.14553695495545
23, 149.0, 0, 52, 0, 7.0, 5, 7.1727095514488735
23, 150.0, 0, 52, 1, 8.0, 5, 8.73689638679922
23, 151.0, 1, 55, 0, 9.0, 6, 8.007283385863458
23, 152.0, 1, 53, 2, 1.0, 6, 8.418575818528046
23, 153.0, 0, 51, 3, 2.0, 6, 8.771793260455544
23, 154.0, 1, 51, 1, 3.0, 6, 8.406621995138044
23, 155.0, 1, 47, 6, 2.0, 5, 7.938631868932916
23, 156.0, 0, 45, 4, 4.0, 4, 7.4923937823271025
23, 157.0, 0, 41, 4, 6.0, 4, 9.051033691751407
23, 158.0, 1, 42, 1, 8.0, 4, 8.595924698399552
23, 159.0, 1, 43, 1, 10.0, 4, 8.303381205177358
23, 160.0, 0, 42, 2, 13.0, 4, 9.048424231503452
23, 161.0, 0, 40, 2, 17.0, 4, 8.492901108940385
23, 162.0, 1, 38, 3, 13.0, 3, 8.307096794602625
23, 163.0, 1, 38, 1, 16.0, 3, 8.33586517439929
23, 164.0, 1, 39, 1, 20.0, 3, 9.394790422923037
23, 165.0, 1, 38, 1, 24.0, 3, 11.5482843047713
23, 166.0, 0, 40, 1, 25.0, 2, 10.293699747641304
23, 167.0, 1, 40, 0, 21.0, 2, 9.055156096408224
23, 168.0, 1, 43, 0, 1.0, 2, 9.04752222869474
23, 169.0, 1, 43, 1, 2.0, 2, 8.707093323502102
23, 170.0, 1, 41, 3, 3.0, 1, 10.277088490657277
23, 171.0, 1, 43, 1, 4.0, 1, 10.560402708554129
23, 172.0, 1, 42, 2, 6.0, 1, 10.330726350742038
23, 173.0, 1, 44, 1, 9.0, 1, 9.841408776638543
23, 174.0, 1, 47, 0, 12.0, 1, 8.422838337392436
23, 175.0, 1, 51, 0, 15.0, 1, 7.8637792073875294
23, 176.0, 1, 48, 3, 18.0, 1, 8.61940184815839
23, 177.0, 0, 48, 1, 5.0, 1, 8.303434839578092
23, 178.0, 1, 50, 0, 6.0, 1, 8.034900473234783
23, 179.0, 1, 50, 0, 8.0, 1, 9.672158394927159
23, 180.0, 1, 49, 1, 10.0, 1, 10.50808795837142
23, 181.0, 0, 48, 2, 13.0, 2, 9.703744340277424
23, 182.0, 0, 48, 1, 6.0, 2, 8.578572007025105
23, 183.0, 1, 48, 0, 5.0, 2, 10.622377554634866
23, 184.0, 1, 45, 3, 6.0, 2, 11.279302666299182
23, 185.0, 0, 46, 1, 1.0, 3, 12.53553552848246
23, 186.0, 0, 49, 1, 2.0, 4, 14.752902049830816
23, 187.0, 0, 48, 2, 4.0, 4, 17.41084759572629
23, 188.0, 1, 47, 4, 2.0, 4, 17.51995253151557
23, 189.0, 1, 47, 1, 2.0, 4, 17.908635109922795
23, 190.0, 1, 48, 1, 3.0, 4, 18.09697389003886
23, 191.0, 1, 49, 1, 6.0, 4, 16.691212971975894
23, 192.0, 1, 49, 2, 9.0, 4, 15.947560350308223
23, 193.0, 1, 51, 1, 10.0, 4, 15.120720076208245
23, 194.0, 1, 50, 1, 13.0, 4, 14.147604246152056
23, 195.0, 1, 51, 1, 14.0, 4, 12.683624672976492
23, 196.0, 1, 52, 0, 11.0, 4, 11.80873286422438
23, 197.0, 0, 52, 0, 0.0, 4, 11.474057455879187
23, 198.0, 0, 53, 1, 0.0, 3, 10.911090336125023
23, 199.0, 1, 54, 0, 0.0, 4, 10.444667840297813
23, 200.0, 0, 53, 2, 0.0, 6, 11.117407688462368
23, 201.0, 1, 49, 4, 1.0, 7, 11.410304409141672
23, 202.0, 0, 46, 3, 0.0, 7, 11.288777537303519
23, 203.0, 0, 46, 0, 1.0, 7, 11.661766191924835
23, 204.0, 1, 42, 4, 0.0, 6, 9.857460097652465
23, 205.0, 0, 42, 0, 0.0, 6, 8.90322052314258
23, 206.0, 1, 42, 0, 0.0, 6, 11.038177180045343
23, 207.0, 1, 41, 1, 2.0, 6, 10.189841562033275
23, 208.0, 0, 41, 0, 1.0, 6, 8.864983340977266
23, 209.0, 1, 40, 1, 2.0, 6, 9.703139048684521
23, 210.0, 1, 39, 1, 4.0, 6, 9.128846103672783
23, 211.0, 1, 36, 3, 6.0, 6, 9.378176158238265
23, 212.0, 0, 35, 1, 1.0, 7, 9.644780335261238
23, 213.0, 1, 35, 0, 0.0, 7, 9.344191434537871
23, 214.0, 0, 34, 1, 1.0, 8, 9.6138833152162
23, 215.0, 1, 29, 5, 1.0, 7, 7.774622000586957
23, 216.0, 0, 27, 2, 0.0, 5, 7.046897056802701
23, 217.0, 0, 25, 2, 1.0, 4, 5.610706497834332
23, 218.0, 0, 24, 1, 2.0, 4, 4.7222617354702
23, 219.0, 1, 24, 0, 3.0, 4, 3.9504080565967605
23, 220.0, 0, 22, 2, 4.0, 4, 3.210070989772474
23, 221.0, 0, 22, 0, 5.0, 4, 3.2922859689892845
23, 222.0, 1, 20, 2, 0.0, 4, 2.2072345433287333
23, 223.0, 1, 16, 4, 0.0, 3, 2.409937537185371
23, 224.0, 0, 14, 2, 0.0, 3, 1.7068816724897826
23, 225.0, 0, 14, 0, 0.0, 3, 1.0417314842542047
23, 226.0, 0, 13, 1, 0.0, 3, 0.6545584694903228
23, 227.0, 1, 13, 0, 0.0, 3, 0.9163461301678613
23, 228.0, 1, 11, 2, 0.0, 3, 0.5182923954348904
23, 229.0, 0, 11, 0, 0.0, 3, 0.5647594503453162
23, 230.0, 1, 10, 1, 0.0, 2, 0.6071222127091498
23, 231.0, 1, 8, 2, 0.0, 1, 0.4561307256991012
23, 232.0, 1, 8, 0, 0.0, 1, 0.5057651362438507
23, 233.0, 1, 5, 3, 0.0, 0, 0.17510425062289947
23, 234.0, 1, 4, 1, 0.0, 0, 0.24108604360831087
23, 235.0, 1, 3, 1, 0.0, 0, 0.25744968737400065
23, 236.0, 0, 3, 0, 0.0, 0, 0.22580080835512462
23, 237.0, 0, 2, 1, 0.0, 0, 0.14685281751666324
23, 238.0, 1, 1, 1, 0.0, 0, 0.09096032075929017
23, 239.0, 1, 1, 0, 0.0, 0, 0.04439337531138321
23, 240.0, 1, 1, 0, 0.0, 0, 0.01729947501574358
23, 241.0, 0, 0, 1, 0, 0, 0
24, 1.0, 1, 2, 0, 0.0, 0, 0.0
24, 2.0, 1, 3, 0, 0.0, 0, 1.0814256854756554
24, 3.0, 1, 5, 0, 0.0, 0, 1.2317430816274335
24, 4.0, 1, 7, 0, 0.0, 0, 1.2562929516962287
24, 5.0, 1, 9, 0, 0.0, 0, 1.3267641311373821
24, 6.0, 1, 9, 0, 0.0, 0, 1.1958048679358226
24, 7.0, 1, 10, 0, 0.0, 0, 0.8231502954305336
24, 8.0, 1, 11, 0, 0.0, 0, 1.0949618552544191
24, 9.0, 1, 12, 0, 0.0, 0, 1.613748799613663
24, 10.0, 0, 15, 0, 0.0, 0, 2.084222656603165
24, 11.0, 1, 16, 0, 0.0, 0, 2.864840042627839
24, 12.0, 0, 18, 0, 0.0, 0, 3.0071947205975733
24, 13.0, 0, 18, 0, 0.0, 0, 2.661075691961524
24, 14.0, 1, 20, 0, 0.0, 0, 2.4086428175372685
24, 15.0, 0, 22, 0, 0.0, 2, 4.022675847893632
24, 16.0, 1, 23, 0, 0.0, 3, 4.612009463313226
24, 17.0, 0, 23, 0, 0.0, 3, 4.007943537451446
24, 18.0, 0, 25, 0, 0.0, 3, 4.642031665968717
24, 19.0, 1, 25, 0, 1.0, 4, 6.381031832436031
24, 20.0, 1, 27, 0, 3.0, 4, 7.084309427021212
24, 21.0, 1, 28, 0, 6.0, 4, 8.883986657454676
24, 22.0, 1, 28, 0, 6.0, 4, 9.39536746639513
24, 23.0, 1, 30, 0, 9.0, 4, 8.882781921553805
24, 24.0, 1, 31, 0, 12.0, 4, 10.272021506460234
24, 25.0, 0, 33, 0, 11.0, 4, 11.17365119263634
24, 26.0, 0, 36, 0, 14.0, 4, 12.713444914149129
24, 27.0, 1, 38, 0, 14.0, 4, 13.046595120116681
24, 28.0, 1, 40, 0, 20.0, 4, 14.352477323941564
24, 29.0, 1, 41, 0, 15.0, 4, 15.687187943404172
24, 30.0, 0, 41, 0, 20.0, 4, 15.78016257737916
24, 31.0, 0, 46, 0, 20.0, 4, 14.492752070798563
24, 32.0, 1, 47, 1, 26.0, 3, 14.280364286353475
24, 33.0, 0, 45, 2, 32.0, 2, 14.893525544621799
24, 34.0, 1, 46, 0, 40.0, 3, 15.081986941046617
24, 35.0, 1, 47, 0, 29.0, 3, 15.130048465674012
24, 36.0, 1, 47, 1, 26.0, 3, 14.907332235947598
24, 37.0, 1, 47, 1, 15.0, 2, 14.726115563859022
24, 38.0, 0, 48, 0, 3.0, 2, 15.113330543902066
24, 39.0, 1, 49, 0, 2.0, 2, 15.638452691644869
24, 40.0, 1, 53, 1, 3.0, 2, 15.025118126588104
24, 41.0, 1, 52, 1, 4.0, 2, 16.80849399859312
24, 42.0, 0, 53, 1, 0.0, 1, 14.860971935452383
24, 43.0, 0, 56, 0, 0.0, 1, 15.494043417873863
24, 44.0, 1, 58, 0, 1.0, 1, 15.95840749423252
24, 45.0, 1, 56, 2, 2.0, 1, 16.43837653766995
24, 46.0, 1, 56, 1, 5.0, 1, 15.173670127365458
24, 47.0, 1, 58, 2, 10.0, 1, 13.650285335868299
24, 48.0, 1, 58, 0, 15.0, 1, 15.650110066737192
24, 49.0, 0, 55, 3, 6.0, 1, 14.056406184718487
24, 50.0, 1, 57, 0, 0.0, 1, 11.839509863930653
24, 51.0, 0, 59, 1, 1.0, 3, 12.58211257315171
24, 52.0, 0, 60, 0, 1.0, 3, 12.926321791093446
24, 53.0, 1, 59, 2, 0.0, 5, 12.385554165845727
24, 54.0, 0, 61, 0, 1.0, 7, 14.108811595139876
24, 55.0, 0, 58, 3, 2.0, 7, 14.896803232714287
24, 56.0, 0, 57, 3, 5.0, 6, 14.591204401181853
24, 57.0, 0, 56, 2, 10.0, 6, 15.306475440031033
24, 58.0, 0, 54, 2, 16.0, 6, 16.09182742043287
24, 59.0, 0, 54, 1, 22.0, 6, 17.839858537973107
24, 60.0, 1, 52, 3, 9.0, 6, 18.838228963288795
24, 61.0, 1, 50, 4, 13.0, 6, 18.756439284260487
24, 62.0, 0, 53, 0, 13.0, 6, 18.583648871099754
24, 63.0, 1, 53, 1, 16.0, 7, 17.715122498765226
24, 64.0, 1, 52, 3, 20.0, 8, 16.80124521521173
24, 65.0, 1, 51, 1, 24.0, 8, 18.523512441666167
24, 66.0, 1, 53, 0, 18.0, 8, 16.42320714915991
24, 67.0, 1, 50, 3, 21.0, 8, 17.497034792244925
24, 68.0, 0, 50, 1, 20.0, 8, 15.778586334825043
24, 69.0, 1, 49, 1, 25.0, 9, 15.585327218749269
24, 70.0, 0, 49, 0, 25.0, 10, 16.241695911453483
24, 71.0, 0, 49, 1, 30.0, 10, 16.247465867127932
24, 72.0, 1, 49, 2, 34.0, 10, 16.28845567410425
24, 73.0, 1, 50, 1, 39.0, 9, 16.614277574905604
24, 74.0, 0, 48, 2, 46.0, 10, 20.285473556241648
24, 75.0, 0, 51, 0, 38.0, 10, 20.877643153761547
24, 76.0, 0, 52, 2, 49.0, 9, 21.075808276776023
24, 77.0, 0, 52, 1, 52.0, 9, 21.855006893320784
24, 78.0, 1, 51, 1, 53.0, 9, 21.2948786927308
24, 79.0, 0, 51, 1, 47.0, 9, 20.486742649304837
24, 80.0, 1, 49, 3, 56.0, 9, 21.555232321388512
24, 81.0, 0, 47, 3, 66.0, 9, 20.20772154642004
24, 82.0, 0, 49, 1, 79.0, 9, 19.186692156979124
24, 83.0, 1, 50, 0, 69.0, 9, 19.42751867294802
24, 84.0, 1, 48, 2, 78.0, 8, 19.608499392000166
24, 85.0, 1, 50, 1, 89.0, 7, 19.54849758269798
24, 86.0, 1, 50, 0, 100.0, 7, 19.508208322528617
24, 87.0, 1, 49, 1, 111.0, 7, 20.124164782380028
24, 88.0, 1, 50, 1, 107.0, 7, 20.752583364002525
24, 89.0, 1, 50, 0, 112.0, 7, 21.435192658235742
24, 90.0, 0, 51, 1, 100.0, 7, 20.922537001897698
24, 91.0, 1, 53, 0, 92.0, 7, 20.343190893009567
24, 92.0, 1, 53, 1, 84.0, 6, 20.87967096867113
24, 93.0, 0, 53, 1, 77.0, 7, 21.352873043314908
24, 94.0, 1, 55, 0, 70.0, 7, 19.782448101413102
24, 95.0, 0, 52, 3, 57.0, 6, 19.723393951616835
24, 96.0, 0, 52, 1, 55.0, 6, 19.0813879048497
24, 97.0, 1, 52, 1, 60.0, 6, 17.69103840003901
24, 98.0, 1, 53, 1, 67.0, 6, 15.692993274499267
24, 99.0, 1, 55, 1, 72.0, 6, 17.014384959530275
24, 100.0, 0, 55, 2, 60.0, 4, 16.801729683028878
24, 101.0, 1, 55, 1, 60.0, 4, 16.244110079217048
24, 102.0, 1, 55, 1, 29.0, 3, 16.73730765337085
24, 103.0, 1, 59, 0, 34.0, 3, 16.820464633670934
24, 104.0, 0, 60, 0, 4.0, 3, 18.3012369804652
24, 105.0, 0, 59, 1, 7.0, 3, 18.132548168289386
24, 106.0, 0, 57, 4, 10.0, 2, 16.681461182636937
24, 107.0, 0, 57, 0, 14.0, 2, 15.835327848954325
24, 108.0, 0, 53, 5, 20.0, 1, 14.286215009788558
24, 109.0, 0, 52, 1, 27.0, 0, 14.43232873561176
24, 110.0, 0, 54, 0, 35.0, 0, 14.046752522298032
24, 111.0, 0, 51, 3, 44.0, 0, 15.531271547609903
24, 112.0, 1, 51, 0, 40.0, 1, 16.57797931879596
24, 113.0, 1, 51, 2, 47.0, 1, 15.628530253749023
24, 114.0, 0, 52, 0, 56.0, 1, 16.46322466349071
24, 115.0, 0, 51, 2, 65.0, 1, 17.29230396933914
24, 116.0, 0, 53, 2, 70.0, 1, 17.475138700824566
24, 117.0, 0, 53, 1, 77.0, 1, 19.008536183086132
24, 118.0, 1, 52, 3, 66.0, 1, 17.61261461989451
24, 119.0, 1, 52, 1, 58.0, 1, 16.655121060846998
24, 120.0, 1, 53, 1, 47.0, 1, 15.548499148634274
24, 121.0, 1, 56, 0, 34.0, 2, 15.644937854102414
24, 122.0, 0, 56, 3, 24.0, 2, 15.58427462644174
24, 123.0, 1, 58, 1, 27.0, 2, 15.237876351726706
24, 124.0, 1, 54, 5, 0.0, 2, 14.517113797337428
24, 125.0, 0, 55, 0, 1.0, 2, 14.7454426727104
24, 126.0, 0, 54, 1, 4.0, 2, 13.725926714172138
24, 127.0, 1, 54, 1, 7.0, 2, 13.48046823033641
24, 128.0, 0, 54, 1, 10.0, 2, 13.928396151433262
24, 129.0, 1, 56, 1, 7.0, 1, 15.000616313051255
24, 130.0, 1, 56, 1, 9.0, 1, 16.578870522905362
24, 131.0, 1, 57, 0, 13.0, 1, 16.14885710262144
24, 132.0, 0, 56, 2, 8.0, 2, 16.945989780462735
24, 133.0, 1, 54, 2, 7.0, 3, 17.258123430258184
24, 134.0, 0, 54, 2, 2.0, 3, 17.879499564896957
24, 135.0, 0, 55, 2, 4.0, 3, 19.750838753757616
24, 136.0, 1, 55, 1, 4.0, 3, 19.690881912872968
24, 137.0, 0, 54, 1, 6.0, 3, 20.576225309479668
24, 138.0, 1, 53, 2, 6.0, 3, 19.11605103646046
24, 139.0, 0, 52, 2, 15.0, 4, 20.215957579425652
24, 140.0, 0, 54, 0, 26.0, 4, 20.284460143046104
24, 141.0, 1, 56, 1, 29.0, 4, 20.331998582350767
24, 142.0, 1, 54, 3, 26.0, 4, 21.33256950286589
24, 143.0, 1, 54, 1, 34.0, 4, 21.6999735155121
24, 144.0, 1, 54, 0, 29.0, 4, 19.847875169702004
24, 145.0, 1, 53, 2, 35.0, 4, 18.561472912848124
24, 146.0, 0, 54, 0, 38.0, 6, 18.761456043670233
24, 147.0, 1, 53, 2, 44.0, 5, 16.92902336279425
24, 148.0, 1, 50, 3, 48.0, 5, 18.089154268813417
24, 149.0, 1, 51, 0, 53.0, 5, 17.597982755306262
24, 150.0, 0, 51, 1, 60.0, 5, 16.956682265061737
24, 151.0, 1, 52, 2, 54.0, 7, 17.872697894269713
24, 152.0, 0, 49, 3, 43.0, 7, 16.4140137067128
24, 153.0, 1, 49, 1, 47.0, 7, 15.44107025699602
24, 154.0, 1, 49, 1, 52.0, 7, 16.354498856738267
24, 155.0, 0, 51, 0, 58.0, 7, 17.623205765876566
24, 156.0, 1, 52, 1, 31.0, 7, 16.185740294532717
24, 157.0, 0, 52, 0, 37.0, 7, 15.903273593377856
24, 158.0, 1, 52, 2, 46.0, 6, 14.76454058086651
24, 159.0, 0, 53, 1, 53.0, 6, 15.854718100965885
24, 160.0, 1, 51, 3, 44.0, 5, 16.125921522050216
24, 161.0, 0, 50, 1, 46.0, 6, 16.289872939808014
24, 162.0, 1, 49, 2, 52.0, 6, 14.530236456796509
24, 163.0, 1, 49, 1, 58.0, 6, 15.613840245404441
24, 164.0, 0, 50, 1, 64.0, 7, 15.426752037872701
24, 165.0, 1, 48, 2, 70.0, 8, 15.442675570305983
24, 166.0, 1, 50, 1, 41.0, 8, 16.164677283249695
24, 167.0, 0, 48, 2, 47.0, 7, 17.699610443782948
24, 168.0, 1, 49, 2, 40.0, 7, 16.987814921741737
24, 169.0, 1, 49, 1, 34.0, 6, 16.33697610778131
24, 170.0, 1, 49, 1, 15.0, 5, 16.333172726605216
24, 171.0, 1, 49, 2, 14.0, 5, 15.036922070533612
24, 172.0, 1, 50, 1, 18.0, 4, 14.964084016494613
24, 173.0, 1, 51, 2, 22.0, 4, 15.320722466259793
24, 174.0, 1, 54, 0, 15.0, 4, 14.107443262095627
24, 175.0, 0, 57, 1, 1.0, 5, 13.423869599704291
24, 176.0, 0, 57, 1, 2.0, 5, 13.814434551807812
24, 177.0, 1, 56, 1, 0.0, 5, 11.380574837393029
24, 178.0, 1, 57, 1, 0.0, 5, 11.652443950063057
24, 179.0, 1, 56, 1, 1.0, 5, 11.85980571305192
24, 180.0, 0, 55, 1, 3.0, 5, 12.674142231715194
24, 181.0, 1, 56, 0, 7.0, 6, 14.097090397081894
24, 182.0, 1, 55, 2, 15.0, 5, 15.64379911877967
24, 183.0, 0, 52, 3, 18.0, 5, 17.05466075887506
24, 184.0, 0, 51, 1, 25.0, 5, 17.522019268496294
24, 185.0, 1, 52, 1, 33.0, 6, 19.426037788434424
24, 186.0, 0, 53, 3, 37.0, 6, 19.805471539207865
24, 187.0, 0, 54, 1, 46.0, 6, 23.31605997586933
24, 188.0, 1, 54, 1, 47.0, 6, 23.852912650582844
24, 189.0, 1, 52, 4, 43.0, 6, 24.117044229470565
24, 190.0, 1, 54, 0, 45.0, 6, 26.00413397495489
24, 191.0, 1, 55, 1, 51.0, 6, 25.374222004938282
24, 192.0, 0, 52, 5, 37.0, 5, 24.5826399866578
24, 193.0, 0, 55, 0, 43.0, 5, 22.349994190544553
24, 194.0, 1, 55, 0, 44.0, 5, 20.65960461728545
24, 195.0, 1, 56, 1, 41.0, 5, 18.399837431552292
24, 196.0, 1, 56, 1, 46.0, 5, 17.917443826711136
24, 197.0, 1, 56, 0, 52.0, 5, 16.849354792452125
24, 198.0, 1, 58, 0, 45.0, 5, 17.231054982431424
24, 199.0, 0, 56, 2, 22.0, 4, 17.623670256418706
24, 200.0, 1, 58, 0, 24.0, 5, 17.05293973968592
24, 201.0, 1, 57, 1, 28.0, 5, 17.495275874063775
24, 202.0, 0, 57, 0, 19.0, 6, 17.54755840087726
24, 203.0, 0, 55, 2, 22.0, 6, 17.07587582467866
24, 204.0, 0, 53, 2, 27.0, 6, 17.732173186998708
24, 205.0, 0, 52, 1, 32.0, 5, 18.408607191078822
24, 206.0, 1, 52, 0, 5.0, 5, 17.672920892466788
24, 207.0, 0, 51, 1, 7.0, 5, 17.189804221102328
24, 208.0, 1, 49, 2, 8.0, 5, 17.5954248896069
24, 209.0, 1, 46, 3, 8.0, 5, 16.2443810404207
24, 210.0, 1, 43, 3, 9.0, 5, 16.049525237199692
24, 211.0, 0, 42, 1, 11.0, 5, 16.937827495600732
24, 212.0, 1, 40, 2, 14.0, 5, 14.79683171439354
24, 213.0, 1, 39, 1, 19.0, 5, 14.203010250813874
24, 214.0, 1, 37, 2, 21.0, 5, 14.603345825908326
24, 215.0, 1, 34, 3, 27.0, 4, 13.189117538981318
24, 216.0, 0, 33, 1, 25.0, 4, 12.368350144206168
24, 217.0, 1, 32, 1, 26.0, 3, 11.012886072354805
24, 218.0, 0, 31, 1, 29.0, 2, 10.409993810560447
24, 219.0, 1, 30, 1, 34.0, 2, 9.827923991980013
24, 220.0, 1, 28, 2, 39.0, 2, 8.110041436787668
24, 221.0, 0, 27, 1, 36.0, 2, 7.967064710999028
24, 222.0, 1, 26, 1, 29.0, 2, 7.007522250192907
24, 223.0, 0, 26, 0, 0.0, 2, 5.916817701471156
24, 224.0, 1, 26, 0, 0.0, 2, 5.531513225679272
24, 225.0, 0, 22, 4, 0.0, 2, 4.838609395181347
24, 226.0, 0, 20, 2, 1.0, 2, 4.130893825859302
24, 227.0, 0, 19, 1, 2.0, 2, 2.9674321022181225
24, 228.0, 0, 15, 4, 3.0, 2, 2.3845679671059585
24, 229.0, 0, 15, 0, 4.0, 2, 2.1825328634197847
24, 230.0, 0, 12, 3, 5.0, 2, 1.9462261604407143
24, 231.0, 0, 11, 1, 6.0, 2, 1.6623917095958927
24, 232.0, 0, 11, 0, 7.0, 2, 1.6208082235775212
24, 233.0, 0, 11, 0, 8.0, 2, 1.6956929274985821
24, 234.0, 0, 10, 1, 9.0, 1, 1.6251113145488514
24, 235.0, 0, 8, 2, 10.0, 1, 1.6480401886491212
24, 236.0, 1, 8, 0, 0.0, 1, 0.9823367088253967
24, 237.0, 1, 7, 1, 0.0, 1, 0.7716593788414485
24, 238.0, 0, 7, 0, 0.0, 1, 0.5229480452261104
24, 239.0, 0, 7, 0, 0.0, 1, 0.8302532545499997
24, 240.0, 0, 5, 2, 0.0, 1, 0.6993568775029537
24, 241.0, 1, 4, 1, 0.0, 1, 0.47730143076548437
24, 242.0, 0, 4, 0, 0.0, 1, 0.24431955942518613
24, 243.0, 1, 2, 2, 0.0, 1, 0.1852469204212568
24, 244.0, 1, 2, 0, 0.0, 1, 0.01935927462695375
24, 245.0, 1, 2, 0, 0.0, 1, 0.11421349678439796
24, 246.0, 1, 2, 0, 0.0, 1, 0.08430514572426873
24, 247.0, 0, 1, 1, 0.0, 1, 0.05897073878973558
24, 248.0, 0, 1, 0, 0.0, 1, 0.026834939268105984
24, 249.0, 0, 1, 0, 0.0, 1, 0.090926678553231
24, 250.0, 0, 1, 0, 0.0, 1, 0.014647493067052153
24, 251.0, 0, 1, 0, 0.0, 1, 0.03530071430242643
24, 252.0, 1, 1, 0, 0.0, 1, 0.08873602667155822
24, 253.0, 1, 1, 0, 0.0, 1, 0.07725832537111543
24, 254.0, 0, 0, 1, 0, 0, 0
25, 1.0, 1, 2, 0, 0.0, 0, 0.0
25, 2.0, 0, 3, 0, 0.0, 0, 1.0814256854756554
25, 3.0, 1, 5, 0, 0.0, 0, 1.2317430816274335
25, 4.0, 0, 7, 0, 0.0, 0, 1.2562929516962287
25, 5.0, 1, 9, 0, 0.0, 0, 1.3267641311373821
25, 6.0, 0, 9, 0, 0.0, 0, 1.2111458088704232
25, 7.0, 1, 10, 0, 0.0, 0, 0.8241869857907528
25, 8.0, 1, 11, 0, 0.0, 0, 1.1261125852745222
25, 9.0, 1, 12, 0, 0.0, 0, 1.687215381166026
25, 10.0, 1, 15, 0, 0.0, 0, 1.9070519360886862
25, 11.0, 0, 16, 0, 0.0, 0, 3.0477319902337747
25, 12.0, 1, 18, 0, 0.0, 0, 2.9931974979167424
25, 13.0, 0, 18, 0, 0.0, 0, 2.7222328975210695
25, 14.0, 1, 20, 0, 0.0, 0, 2.269326275685488
25, 15.0, 1, 22, 0, 0.0, 0, 3.110749498681975
25, 16.0, 1, 23, 0, 0.0, 0, 4.585491372247116
25, 17.0, 1, 23, 0, 1.0, 0, 5.108178892807766
25, 18.0, 0, 25, 0, 0.0, 0, 4.458653065644999
25, 19.0, 1, 25, 0, 0.0, 1, 5.446334359281108
25, 20.0, 1, 27, 0, 1.0, 1, 5.760276485843873
25, 21.0, 1, 28, 0, 1.0, 1, 8.510582298285595
25, 22.0, 1, 28, 0, 2.0, 1, 8.406141210413406
25, 23.0, 1, 30, 0, 4.0, 1, 8.16891161900318
25, 24.0, 1, 31, 0, 6.0, 1, 9.323129803605793
25, 25.0, 0, 33, 0, 3.0, 1, 9.714064027615628
25, 26.0, 1, 36, 0, 1.0, 1, 11.407621283044044
25, 27.0, 0, 38, 0, 1.0, 2, 12.63840570276094
25, 28.0, 0, 40, 0, 6.0, 2, 13.503949781552823
25, 29.0, 1, 41, 0, 9.0, 2, 12.81459421005979
25, 30.0, 0, 41, 0, 10.0, 2, 12.597636897522403
25, 31.0, 1, 44, 2, 13.0, 2, 10.471945156478917
25, 32.0, 1, 46, 0, 16.0, 2, 10.598514023136401
25, 33.0, 0, 45, 1, 12.0, 2, 10.824218970224372
25, 34.0, 1, 46, 0, 15.0, 3, 9.56046417173904
25, 35.0, 0, 47, 0, 16.0, 5, 10.108259766842782
25, 36.0, 1, 46, 2, 18.0, 5, 8.422605391649224
25, 37.0, 1, 47, 0, 20.0, 5, 8.923107973006928
25, 38.0, 1, 47, 1, 11.0, 5, 8.579395531785416
25, 39.0, 1, 49, 0, 12.0, 5, 9.328276151906731
25, 40.0, 1, 52, 1, 13.0, 5, 10.834953083508957
25, 41.0, 1, 52, 0, 15.0, 5, 12.9151748696344
25, 42.0, 1, 53, 1, 19.0, 5, 12.73611847706218
25, 43.0, 1, 53, 3, 25.0, 5, 12.627505329440194
25, 44.0, 0, 54, 1, 3.0, 5, 14.01133650865827
25, 45.0, 0, 54, 0, 4.0, 5, 14.67965637879414
25, 46.0, 1, 54, 1, 0.0, 4, 11.94734778297355
25, 47.0, 0, 54, 3, 0.0, 4, 10.90432974422048
25, 48.0, 0, 55, 0, 0.0, 4, 11.728669596259921
25, 49.0, 0, 51, 4, 0.0, 4, 10.948159574308926
25, 50.0, 0, 53, 0, 0.0, 4, 9.546195303715324
25, 51.0, 1, 54, 2, 0.0, 5, 10.334390122600936
25, 52.0, 0, 53, 2, 0.0, 5, 10.266147854767533
25, 53.0, 0, 52, 2, 1.0, 4, 9.819796891920362
25, 54.0, 0, 52, 2, 2.0, 4, 10.341608815333021
25, 55.0, 0, 51, 1, 3.0, 4, 13.470617385234345
25, 56.0, 1, 51, 2, 5.0, 4, 11.798567380299199
25, 57.0, 0, 51, 1, 7.0, 4, 11.516028594908118
25, 58.0, 1, 50, 1, 9.0, 4, 12.160580535203044
25, 59.0, 1, 51, 0, 5.0, 4, 11.825802330273925
25, 60.0, 1, 47, 5, 7.0, 3, 11.802035941111031
25, 61.0, 0, 48, 1, 10.0, 3, 12.567112151486873
25, 62.0, 1, 49, 2, 13.0, 4, 12.794179964347034
25, 63.0, 1, 49, 1, 17.0, 4, 13.965652386437954
25, 64.0, 1, 49, 2, 21.0, 4, 13.533516429142688
25, 65.0, 1, 48, 1, 26.0, 4, 15.228739138437156
25, 66.0, 1, 48, 2, 31.0, 4, 15.505837601659128
25, 67.0, 1, 47, 1, 37.0, 4, 17.126113848961765
25, 68.0, 0, 47, 1, 29.0, 4, 16.472577066016882
25, 69.0, 0, 47, 0, 34.0, 4, 16.981337410929207
25, 70.0, 1, 44, 3, 40.0, 4, 16.482411104896318
25, 71.0, 0, 43, 2, 35.0, 4, 16.01363829128004
25, 72.0, 0, 45, 0, 38.0, 4, 16.489646480333676
25, 73.0, 1, 46, 1, 30.0, 4, 15.722579568389289
25, 74.0, 0, 45, 1, 36.0, 6, 16.44922641946217
25, 75.0, 0, 47, 1, 40.0, 7, 16.249063853379337
25, 76.0, 0, 49, 1, 44.0, 7, 16.439640884038116
25, 77.0, 0, 48, 2, 45.0, 7, 17.32579636994897
25, 78.0, 1, 48, 0, 46.0, 7, 16.402084541960956
25, 79.0, 0, 48, 1, 24.0, 7, 16.159376858523228
25, 80.0, 0, 46, 3, 26.0, 6, 16.44894073457119
25, 81.0, 1, 46, 1, 31.0, 7, 15.565877023738988
25, 82.0, 1, 49, 0, 37.0, 7, 14.140666218450358
25, 83.0, 0, 49, 1, 41.0, 6, 14.260114712320766
25, 84.0, 1, 48, 1, 47.0, 6, 13.542547152064001
25, 85.0, 0, 51, 0, 38.0, 7, 14.103438941357345
25, 86.0, 1, 50, 1, 42.0, 8, 13.340714621013673
25, 87.0, 1, 48, 2, 46.0, 8, 12.460801164430226
25, 88.0, 0, 49, 1, 48.0, 9, 13.396649684969056
25, 89.0, 1, 47, 2, 41.0, 10, 13.57025105957482
25, 90.0, 0, 49, 0, 44.0, 11, 14.380747800375229
25, 91.0, 0, 50, 1, 48.0, 10, 14.5370800023979
25, 92.0, 0, 49, 2, 53.0, 9, 15.662544806734724
25, 93.0, 1, 50, 0, 59.0, 9, 14.816826682844106
25, 94.0, 1, 49, 3, 57.0, 7, 14.4370169533198
25, 95.0, 0, 48, 1, 58.0, 7, 13.823012789568022
25, 96.0, 1, 48, 1, 61.0, 6, 12.56282141845323
25, 97.0, 1, 49, 0, 64.0, 6, 11.935738030612898
25, 98.0, 0, 49, 2, 68.0, 6, 13.535501030196501
25, 99.0, 0, 49, 3, 72.0, 6, 14.847141839927467
25, 100.0, 1, 50, 1, 42.0, 6, 13.581353051478024
25, 101.0, 0, 49, 2, 44.0, 5, 12.445565463807847
25, 102.0, 0, 48, 2, 47.0, 4, 12.751341074267922
25, 103.0, 0, 50, 2, 51.0, 4, 13.147819088091465
25, 104.0, 0, 51, 0, 35.0, 4, 13.737639207080381
25, 105.0, 1, 50, 1, 37.0, 5, 13.375100488425284
25, 106.0, 1, 51, 1, 40.0, 4, 11.818426723830479
25, 107.0, 1, 50, 1, 43.0, 4, 11.654653237615062
25, 108.0, 1, 48, 3, 46.0, 4, 10.855404378594601
25, 109.0, 1, 48, 0, 50.0, 4, 11.177372767196164
25, 110.0, 0, 49, 1, 47.0, 3, 10.85817268434221
25, 111.0, 0, 47, 2, 49.0, 3, 11.216630354083577
25, 112.0, 1, 46, 1, 51.0, 4, 11.715505871595091
25, 113.0, 0, 46, 2, 43.0, 6, 11.428678817248281
25, 114.0, 0, 45, 2, 48.0, 6, 14.386052882435797
25, 115.0, 0, 46, 0, 53.0, 6, 14.636940727093611
25, 116.0, 0, 49, 1, 60.0, 6, 14.550990442075605
25, 117.0, 1, 48, 2, 59.0, 6, 14.64719220572785
25, 118.0, 1, 48, 2, 61.0, 6, 13.846268453924583
25, 119.0, 0, 47, 2, 61.0, 6, 13.134802724570942
25, 120.0, 1, 46, 3, 61.0, 5, 13.180359898939164
25, 121.0, 1, 48, 1, 68.0, 5, 13.421542268677129
25, 122.0, 1, 49, 2, 15.0, 5, 13.560057350090013
25, 123.0, 1, 51, 1, 21.0, 4, 14.627803668782748
25, 124.0, 1, 52, 0, 27.0, 4, 14.26234708539355
25, 125.0, 0, 52, 1, 21.0, 3, 13.792294303867868
25, 126.0, 1, 51, 1, 26.0, 3, 12.863451725044964
25, 127.0, 1, 50, 2, 31.0, 3, 12.607425403283528
25, 128.0, 1, 50, 1, 37.0, 2, 14.559395051111897
25, 129.0, 0, 53, 0, 44.0, 2, 16.00544500442979
25, 130.0, 1, 53, 1, 53.0, 3, 17.02275142801742
25, 131.0, 1, 53, 1, 60.0, 3, 17.933380128249816
25, 132.0, 1, 52, 2, 64.0, 3, 19.245258104626075
25, 133.0, 0, 50, 2, 71.0, 3, 18.60966216573927
25, 134.0, 0, 52, 0, 46.0, 3, 17.97921437185242
25, 135.0, 0, 52, 3, 13.0, 3, 17.703674215360767
25, 136.0, 1, 52, 1, 11.0, 3, 18.95611393907837
25, 137.0, 1, 52, 0, 13.0, 3, 19.022808303278193
25, 138.0, 1, 53, 0, 17.0, 3, 18.391904231716925
25, 139.0, 1, 54, 0, 23.0, 3, 17.300365401619285
25, 140.0, 1, 56, 0, 26.0, 3, 16.08246175668565
25, 141.0, 1, 58, 1, 29.0, 3, 16.46274277371303
25, 142.0, 0, 58, 1, 9.0, 3, 16.629702652266843
25, 143.0, 0, 56, 3, 12.0, 3, 16.775021314290903
25, 144.0, 1, 55, 1, 13.0, 5, 16.903564573569138
25, 145.0, 1, 56, 0, 17.0, 5, 15.563953157827873
25, 146.0, 0, 55, 2, 19.0, 5, 15.794565576516899
25, 147.0, 1, 54, 2, 23.0, 5, 14.789717515685364
25, 148.0, 0, 52, 2, 27.0, 5, 15.222369936359167
25, 149.0, 0, 53, 0, 31.0, 5, 15.978382586048577
25, 150.0, 1, 53, 1, 35.0, 5, 14.90045760837123
25, 151.0, 0, 50, 6, 40.0, 4, 14.74049557917218
25, 152.0, 0, 46, 4, 40.0, 3, 14.214111904273471
25, 153.0, 0, 46, 1, 42.0, 3, 14.85894716884816
25, 154.0, 0, 46, 1, 31.0, 3, 15.37781300250698
25, 155.0, 0, 47, 1, 36.0, 3, 16.370922664789042
25, 156.0, 1, 48, 1, 28.0, 4, 15.94416029143563
25, 157.0, 0, 47, 1, 30.0, 4, 14.594717209711538
25, 158.0, 1, 48, 1, 34.0, 4, 13.888313966424292
25, 159.0, 0, 49, 1, 38.0, 4, 14.940845451893567
25, 160.0, 0, 48, 2, 43.0, 4, 15.006930908602676
25, 161.0, 0, 47, 1, 49.0, 4, 15.370328152804133
25, 162.0, 1, 47, 1, 53.0, 3, 14.927018611674441
25, 163.0, 1, 45, 3, 48.0, 3, 14.536271703532615
25, 164.0, 0, 46, 1, 52.0, 4, 13.990266328518333
25, 165.0, 1, 46, 0, 58.0, 5, 13.039975345659721
25, 166.0, 1, 47, 2, 27.0, 5, 13.389738837877449
25, 167.0, 0, 46, 1, 30.0, 5, 14.233243460245376
25, 168.0, 1, 49, 0, 35.0, 5, 12.441713137272432
25, 169.0, 1, 49, 1, 25.0, 5, 11.70737034616985
25, 170.0, 1, 48, 2, 28.0, 4, 12.999743714469606
25, 171.0, 0, 49, 1, 28.0, 4, 12.950033459664237
25, 172.0, 1, 48, 3, 31.0, 3, 12.205094215760326
25, 173.0, 1, 50, 1, 35.0, 3, 11.984953272635511
25, 174.0, 0, 52, 1, 33.0, 3, 12.772411458239693
25, 175.0, 0, 56, 0, 36.0, 3, 12.636979256105024
25, 176.0, 1, 57, 0, 37.0, 3, 12.282282183520167
25, 177.0, 1, 55, 2, 39.0, 2, 11.13483063278766
25, 178.0, 1, 56, 1, 41.0, 2, 10.091554883853089
25, 179.0, 1, 55, 1, 44.0, 2, 10.854439707363692
25, 180.0, 1, 52, 3, 47.0, 2, 10.618895779562253
25, 181.0, 1, 53, 0, 50.0, 2, 11.055350161386363
25, 182.0, 1, 49, 5, 54.0, 2, 12.443217409028334
25, 183.0, 1, 48, 1, 61.0, 2, 13.419605150932442
25, 184.0, 1, 47, 1, 69.0, 2, 13.18640441535084
25, 185.0, 1, 49, 0, 77.0, 2, 14.160247853842723
25, 186.0, 0, 50, 3, 0.0, 3, 15.408676532873308
25, 187.0, 1, 51, 1, 2.0, 4, 17.955412438881876
25, 188.0, 1, 50, 2, 6.0, 5, 19.243802543859438
25, 189.0, 0, 50, 2, 6.0, 5, 19.283288984042223
25, 190.0, 0, 51, 1, 10.0, 5, 19.87715369725463
25, 191.0, 0, 51, 2, 14.0, 5, 19.671912261444216
25, 192.0, 0, 52, 1, 20.0, 5, 19.02488131700469
25, 193.0, 0, 55, 0, 26.0, 5, 17.866248403495067
25, 194.0, 0, 53, 2, 35.0, 4, 17.654647706222338
25, 195.0, 1, 53, 2, 28.0, 4, 16.38970652538661
25, 196.0, 1, 52, 2, 33.0, 4, 15.890702474919408
25, 197.0, 0, 52, 0, 39.0, 5, 16.50058867625158
25, 198.0, 0, 52, 1, 38.0, 5, 17.01347566562597
25, 199.0, 0, 54, 0, 30.0, 5, 17.059153188351264
25, 200.0, 0, 55, 0, 36.0, 5, 17.90669797643421
25, 201.0, 0, 55, 0, 44.0, 5, 18.348850741459064
25, 202.0, 1, 53, 2, 31.0, 3, 18.03029039461859
25, 203.0, 1, 51, 2, 32.0, 3, 17.07683842846982
25, 204.0, 0, 48, 3, 19.0, 3, 16.411562714464942
25, 205.0, 1, 47, 1, 8.0, 3, 16.67208765436769
25, 206.0, 1, 44, 3, 7.0, 2, 16.103606207357352
25, 207.0, 0, 44, 0, 9.0, 2, 16.52332863945007
25, 208.0, 0, 44, 0, 13.0, 2, 17.11193161510075
25, 209.0, 0, 44, 0, 15.0, 2, 18.209299477509497
25, 210.0, 0, 42, 2, 19.0, 2, 17.98089503133332
25, 211.0, 1, 39, 3, 22.0, 2, 17.701812537696192
25, 212.0, 1, 37, 2, 27.0, 2, 18.290188270226935
25, 213.0, 1, 37, 0, 28.0, 2, 19.019789473507767
25, 214.0, 1, 37, 0, 32.0, 2, 17.26723181884479
25, 215.0, 1, 36, 1, 39.0, 2, 15.82671413116092
25, 216.0, 0, 35, 1, 45.0, 2, 15.586512861509338
25, 217.0, 0, 33, 2, 22.0, 2, 14.31096177254173
25, 218.0, 1, 32, 1, 26.0, 2, 12.711936463770176
25, 219.0, 1, 30, 2, 30.0, 2, 11.59001224667837
25, 220.0, 0, 27, 3, 34.0, 2, 10.380772551376554
25, 221.0, 0, 25, 2, 38.0, 2, 9.334644518777134
25, 222.0, 0, 24, 1, 43.0, 2, 8.46081915538095
25, 223.0, 1, 24, 0, 46.0, 2, 7.362712316677859
25, 224.0, 1, 24, 0, 50.0, 2, 6.320504202376732
25, 225.0, 0, 23, 1, 21.0, 2, 6.303105474105573
25, 226.0, 1, 22, 1, 12.0, 1, 5.51170171917526
25, 227.0, 0, 19, 3, 14.0, 1, 4.7506679677610375
25, 228.0, 1, 18, 1, 14.0, 1, 4.424804577042595
25, 229.0, 1, 18, 0, 15.0, 1, 3.5979444061111403
25, 230.0, 1, 17, 1, 16.0, 1, 3.0971035971809435
25, 231.0, 1, 16, 1, 17.0, 1, 2.2026294077763975
25, 232.0, 1, 14, 2, 18.0, 1, 1.9624715485895003
25, 233.0, 1, 12, 2, 0.0, 0, 1.3422095792258641
25, 234.0, 1, 11, 1, 0.0, 0, 1.1443013575679402
25, 235.0, 1, 10, 1, 0.0, 0, 1.053031465536142
25, 236.0, 1, 10, 0, 0.0, 0, 0.7757035101571521
25, 237.0, 1, 9, 1, 0.0, 0, 0.7044841232560071
25, 238.0, 1, 9, 0, 0.0, 0, 0.5798956275007896
25, 239.0, 1, 9, 0, 0.0, 0, 0.5368181156485772
25, 240.0, 1, 7, 2, 0.0, 0, 0.36689799653192345
25, 241.0, 1, 7, 0, 0.0, 0, 0.5607278474767234
25, 242.0, 1, 7, 0, 0.0, 0, 0.40372427369015007
25, 243.0, 0, 6, 1, 0.0, 0, 0.2417186728243763
25, 244.0, 0, 4, 2, 0.0, 0, 0.23680087878405942
25, 245.0, 1, 4, 0, 0.0, 0, 0.3025386062294366
25, 246.0, 0, 2, 2, 0.0, 0, 0.054793105781392626
25, 247.0, 0, 1, 1, 0.0, 0, 0.027918018972478365
25, 248.0, 0, 1, 0, 0.0, 0, 0.06955459190032443
25, 249.0, 0, 1, 0, 0.0, 0, 0.025768963417238666
25, 250.0, 0, 0, 1, 0, 0, 0
